Crash ID,$1000 Damage to Any One Person's Property,Active School Zone Flag,Adjusted Average Daily Traffic Amount,Agency,At Intersection Flag,Average Daily Traffic Amount,Average Daily Traffic Year,Case ID,Construction Zone Flag,Construction Zone Workers Present Flag,Crash Death Count,Crash Incapacitating Injury Count,Crash Non-incapacitating Injury Count,Crash Not Injured Count,Crash Possible Injury Count,Crash Severity,Crash Time,Crash Total Injury Count,Crash Unknown Injury Count,Crash Year,Day of Week,First Harmful Event,Highway System,Intersecting Street Name,Intersection Related,Latitude,Light Condition,Longitude,Manner of Collision,Number of Lanes,Other Factor,Outside Shoulder Width on Divided Highway,Physical Feature 1,Private Drive Flag,Property Damages,Right of Way Usual Width,Road Class,Roadway Alignment,Roadway Part,Roadway Relation,Roadway Type,Speed Limit,Street Name,Street Number,Surface Condition,Traffic Control Type,Weather Condition,Person Helmet
11243623,False,False,15262,Austin Police Department,False,15262,2014,100010723,False,No,0,1,0,0,0,Incapacitating Injury,02:39:00,1,1,2010,Friday,Pedalcyclist,Farm To Market,,Non Intersection,30.28608823,"Dark, Lighted",-97.6805777,One Motor Vehicle - Going Straight,4,Not Applicable,0,Not Applicable,False,NONE,100,Farm To Market,"Straight, Hillcrest",Main/Proper Lane,On Roadway,"4 Or More Lanes, Undivided",45,FM0969,4716,Dry,Marked Lanes,Clear,"Worn, Damaged"
12112069,False,False,,Austin Police Department,False,,,100010834,False,No,0,0,2,1,0,Non-Incapacitating Injury,03:10:00,2,1,2010,Friday,Pedalcyclist,,,Non Intersection,30.25524478,"Dark, Lighted",-97.74505246,One Motor Vehicle - Going Straight,,Not Applicable,,Not Applicable,False,NONE,,City Street,"Straight, Level",Main/Proper Lane,On Roadway,,35,E RIVERSIDE DR,200,Dry,Center Stripe/Divider,Clear,Not Worn
12112069,False,False,,Austin Police Department,False,,,100010834,False,No,0,0,2,1,0,Non-Incapacitating Injury,03:10:00,2,1,2010,Friday,Pedalcyclist,,,Non Intersection,30.25524478,"Dark, Lighted",-97.74505246,One Motor Vehicle - Going Straight,,Not Applicable,,Not Applicable,False,NONE,,City Street,"Straight, Level",Main/Proper Lane,On Roadway,,35,E RIVERSIDE DR,200,Dry,Center Stripe/Divider,Clear,Not Worn
12112069,False,False,,Austin Police Department,False,,,100010834,False,No,0,0,2,1,0,Non-Incapacitating Injury,03:10:00,2,1,2010,Friday,Pedalcyclist,,,Non Intersection,30.25524478,"Dark, Lighted",-97.74505246,One Motor Vehicle - Going Straight,,Not Applicable,,Not Applicable,False,NONE,,City Street,"Straight, Level",Main/Proper Lane,On Roadway,,35,E RIVERSIDE DR,200,Dry,Center Stripe/Divider,Clear,Not Worn
11376123,False,False,22775,Austin Police Department,False,22775,2014,100042009,False,No,0,0,1,1,0,Non-Incapacitating Injury,23:00:00,1,0,2010,Monday,Pedalcyclist,State Loop,E 16TH ST,Intersection Related,30.27959299,"Dark, Not Lighted",-97.70207457,One Motor Vehicle - Going Straight,4,Not Applicable,2,Not Applicable,False,NONE,160,US & State Highways,"Straight, Level",Main/Proper Lane,On Roadway,"4 Or More Lanes, Undivided",45,SL0111,1487,Dry,None,Clear,Not Worn
11243620,False,False,,Austin Police Department,True,,,10-0061060,False,No,0,0,1,1,0,Non-Incapacitating Injury,14:08:00,1,0,2010,Wednesday,Pedalcyclist,State Loop,,Driveway Access,,Daylight,,One Motor Vehicle - Turning Left,,One Vehicle Leaving Driveway,,Entrance To Or Exit From Private Property Or Driveway,False,NONE,,US & State Highways,"Straight, Grade",Main/Proper Lane,On Roadway,,0,SL0343,NO DATA,Wet,Signal Light,Rain,Not Worn
11318193,False,False,,Austin Police Department,False,,,10-0071356,False,No,0,0,1,2,0,Non-Incapacitating Injury,17:15:00,1,0,2010,Thursday,Pedalcyclist,,GUADALUPE ST,Intersection Related,30.28157205,Daylight,-97.74142165,One Motor Vehicle - Going Straight,,Not Applicable,,Not Applicable,False,NONE,,City Street,"Straight, Grade",Main/Proper Lane,On Roadway,,35,W MARTIN LUTHER KING JR BLVD,398,Dry,Marked Lanes,Clear,"Worn, Unk Damage"
11286981,False,False,,Austin Police Department,True,,,10-0121684,False,No,0,0,1,0,0,Non-Incapacitating Injury,18:26:00,1,1,2010,Tuesday,Pedalcyclist,,UNKNOWN,Intersection,30.23811479,"Dark, Lighted",-97.78856245,One Motor Vehicle - Turning Left,,Not Applicable,,Not Applicable,False,NONE,,City Street,"Straight, Level",Main/Proper Lane,On Roadway,,30,VICTORY DR,3801,Dry,Stop Sign,Clear,Not Worn
11385048,False,False,34215,Austin Police Department,False,34215,2014,10-0141831,False,No,0,0,0,1,1,Possible Injury,21:04:00,1,0,2010,Thursday,Pedalcyclist,State Loop,,Non Intersection,30.2476193,"Dark, Lighted",-97.77293717,One Motor Vehicle - Going Straight,4,Not Applicable,0,Not Applicable,False,BICYCLE,80,US & State Highways,"Straight, Level",Main/Proper Lane,On Roadway,"4 Or More Lanes, Undivided",40,SL0343,2199,Wet,None,Rain,Not Worn
11385175,False,False,160919,Austin Police Department,True,160919,2014,100201672,False,No,0,0,0,1,1,Possible Injury,18:14:00,1,0,2010,Wednesday,Pedalcyclist,Interstate,US0290,Intersection,30.1984497,Dusk,-97.76409913,One Motor Vehicle - Going Straight,6,Not Applicable,10,Not Applicable,False,NONE,300,Interstate,"Straight, Hillcrest",Service/Frontage Road,On Roadway,"4 Or More Lanes, Divided",50,IH0035,NO DATA,Dry,Signal Light,Cloudy,Unknown If Worn
12109691,True,False,44866,Austin Police Department,True,44866,2014,100230968,False,No,0,0,1,1,0,Non-Incapacitating Injury,11:24:00,1,0,2010,Saturday,Pedalcyclist,State Loop,RM2222,Intersection,30.33047467,Daylight,-97.80934279,One Motor Vehicle - Turning Right,4,Not Applicable,10,Not Applicable,False,NONE,350,US & State Highways,"Straight, Level",Main/Proper Lane,On Roadway,"4 Or More Lanes, Divided",55,SL0360,NO DATA,Dry,Stop Sign,Clear,"Worn, Not Damaged"
12111913,True,False,,Austin Police Department,True,,,100231476,False,No,0,0,3,1,0,Non-Incapacitating Injury,16:05:00,3,0,2010,Saturday,Motor Vehicle In Transport,State Highway,VICTORY DR,Intersection,,Daylight,,Angle - Both Going Straight,,Not Applicable,,Not Applicable,False,"ELECTRONIC PEDESTRIAN SIGNAL, FIRE HYDRANT",,US & State Highways,"Straight, Level",Service/Frontage Road,On Roadway,,35,SH0290,NO DATA,Dry,Signal Light,Clear,Not Worn
11275770,False,False,115456,Austin Police Department,False,115456,2014,10-0261592,False,No,0,0,0,1,1,Possible Injury,17:39:00,1,0,2010,Tuesday,Pedalcyclist,US Highway,,Non Intersection,30.37247755,Daylight,-97.72483975,One Motor Vehicle - Going Straight,6,Not Applicable,10,In A Parking Lot,True,NONE,260,US & State Highways,"Straight, Grade",Service/Frontage Road,Not Applicable,"4 Or More Lanes, Divided",55,US0183,NO DATA,Dry,None,Clear,Not Worn
11167757,False,False,,Austin Police Department,False,,,10-0271206,False,No,0,0,1,1,0,Non-Incapacitating Injury,14:35:00,1,0,2010,Wednesday,Pedalcyclist,,,Driveway Access,,Daylight,,One Motor Vehicle - Going Straight,,One Vehicle Leaving Driveway,,Private Drive Or Road,True,NONE,,Non Trafficway,"Straight, Grade",Other (Explain In Narrative),Not Applicable,,0,METRIC BLVD,NO DATA,Dry,Stop Sign,Cloudy,Not Worn
11318186,False,False,,Austin Police Department,True,,,10-0271405,False,No,0,0,1,1,0,Non-Incapacitating Injury,16:18:00,1,0,2010,Wednesday,Pedalcyclist,,W 21ST ST,Intersection,30.28396478,Daylight,-97.74401246,One Motor Vehicle - Going Straight,,Not Applicable,,Not Applicable,False,NONE,,City Street,"Straight, Level",Main/Proper Lane,On Roadway,,30,NUECES ST,2099,Dry,Stop Sign,Clear,Not Worn
11259446,False,False,33647,Austin Police Department,False,33647,2014,100290334,False,No,0,0,0,0,1,Possible Injury,04:39:00,1,0,2010,Friday,Pedalcyclist,State Loop,,Non Intersection,30.26240035,"Dark, Lighted",-97.7579672,One Motor Vehicle - Going Straight,6,Not Applicable,0,Not Applicable,False,BICYCLE,120,US & State Highways,"Straight, Level",Main/Proper Lane,On Roadway,"4 Or More Lanes, Divided",35,SL0343,NO DATA,Wet,None,Rain,Not Worn
11275895,False,False,,Austin Police Department,True,,,100291520,False,No,0,0,1,1,0,Non-Incapacitating Injury,17:42:00,1,0,2010,Friday,Pedalcyclist,,INDUSTRIAL BLVD,Intersection,30.22035479,Daylight,-97.76552246,One Motor Vehicle - Turning Left,,Not Applicable,,Not Applicable,False,BICYCLE,,City Street,"Straight, Level",Main/Proper Lane,On Roadway,,40,S CONGRESS AVE,4229,Dry,None,Cloudy,Not Worn
12111502,False,False,,Austin Police Department,True,,,100291401,False,No,0,0,1,1,0,Non-Incapacitating Injury,16:51:00,1,0,2010,Friday,Pedalcyclist,,,Non Intersection,30.29461477,Daylight,-97.74248246,One Motor Vehicle - Going Straight,,Not Applicable,,Not Applicable,False,NONE,,City Street,"Straight, Level",Main/Proper Lane,On Roadway,,35,GUADALUPE ST,2817,Dry,None,Cloudy,Not Worn
11385296,False,False,,Austin Police Department,True,,,10-0340379,False,No,0,1,0,1,0,Incapacitating Injury,07:22:00,1,0,2010,Wednesday,Pedalcyclist,,W 6TH ST,Intersection,30.26805478,Daylight,-97.74281246,One Motor Vehicle - Turning Left,,Not Applicable,,Not Applicable,False,NONE,,City Street,"Straight, Level",Main/Proper Lane,On Roadway,,35,CONGRESS AVE,599,Unknown,Signal Light,Unknown,Not Worn
11184837,False,False,,Austin Police Department,True,,,10-0360484,False,No,0,0,0,0,1,Possible Injury,07:58:00,1,1,2010,Friday,Pedalcyclist,,UNKNOWN,Intersection,30.32328119,Daylight,-97.73400717,One Motor Vehicle - Going Straight,,Not Applicable,,Not Applicable,False,NONE,,City Street,"Straight, Level",Main/Proper Lane,On Roadway,,30,NORTHLOOP BLVD W,1204,Dry,Stop Sign,Clear,Not Worn
11184966,False,False,,Austin Police Department,True,,,10-0391347,False,No,0,0,0,4,1,Possible Injury,16:58:00,1,0,2010,Monday,Pedalcyclist,,CONGRESS AVE S,Intersection,30.23550479,Daylight,-97.75636246,One Motor Vehicle - Turning Right,,Not Applicable,,Not Applicable,False,BLUE BICYCLE,,City Street,"Straight, Level",Main/Proper Lane,On Roadway,,35,CUMBERLAND RD,100,Dry,Signal Light,Cloudy,Not Worn
11185022,False,False,,Austin Police Department,True,,,100441034,False,No,0,0,1,2,0,Non-Incapacitating Injury,13:15:00,1,0,2010,Saturday,Pedalcyclist,,W 30TH ST,Intersection,30.29649477,Daylight,-97.74211246,One Motor Vehicle - Going Straight,,Not Applicable,,Not Applicable,False,NONE,,City Street,"Straight, Level",Main/Proper Lane,On Roadway,,0,GUADALUPE ST,2933,Dry,Signal Light,Clear,Not Worn
11184972,True,False,,Austin Police Department,True,,,100451000,False,No,0,0,1,4,0,Non-Incapacitating Injury,12:16:00,1,0,2010,Sunday,Motor Vehicle In Transport,,UNKNOWN,Intersection,30.34396476,Daylight,-97.71495247,Angle - Both Going Straight,,Not Applicable,,Not Applicable,False,NONE,,US & State Highways,"Straight, Level",Main/Proper Lane,On Roadway,,45,N LAMAR BLVD,NO DATA,Dry,Signal Light,Clear,Not Worn
11656056,False,False,123443,Austin Police Department,True,123443,2014,100451790,False,No,0,1,0,2,0,Incapacitating Injury,19:45:00,1,0,2010,Sunday,Pedalcyclist,State Loop,US0183,Intersection,30.3682119,"Dark, Lighted",-97.74248522,One Motor Vehicle - Turning Left,6,Not Applicable,10,Not Applicable,False,NONE,350,US & State Highways,"Straight, Level",Main/Proper Lane,On Roadway,"4 Or More Lanes, Divided",35,SL0001,NO DATA,Dry,Signal Light,Cloudy,Not Worn
11768495,False,False,,Austin Police Department,True,,,10-0500818,False,No,0,0,1,2,0,Non-Incapacitating Injury,11:26:00,1,0,2010,Friday,Pedalcyclist,,GUADALUPE ST,Intersection,30.26997478,Daylight,-97.74594246,One Motor Vehicle - Turning Left,,Not Applicable,,Not Applicable,False,NONE,,City Street,"Straight, Grade",Main/Proper Lane,On Roadway,,30,W 7TH ST,NO DATA,Wet,Signal Light,Cloudy,Not Worn
11216714,False,False,33647,Austin Police Department,False,33647,2014,10-0511681,False,No,0,0,1,1,0,Non-Incapacitating Injury,18:40:00,1,0,2010,Saturday,Pedalcyclist,State Loop,,Driveway Access,30.26035863,"Dark, Not Lighted",-97.75869945,One Motor Vehicle - Going Straight,4,One Vehicle Leaving Driveway,0,Entrance To Or Exit From Private Property Or Driveway,False,NONE,80,US & State Highways,"Straight, Level",Main/Proper Lane,On Roadway,"4 Or More Lanes, Undivided",40,SL0343,508,Dry,None,Clear,Not Worn
12117650,False,False,,Austin Police Department,False,,,10-0530877,False,No,0,0,0,2,1,Possible Injury,11:52:00,1,0,2010,Monday,Pedalcyclist,,UNKNOWN,Intersection Related,30.23604737,Daylight,-97.76345771,One Motor Vehicle - Going Straight,,Not Applicable,,Not Applicable,False,NONE,,City Street,"Straight, Level",Main/Proper Lane,On Roadway,,35,S 1ST ST,2898,Dry,None,Clear,Not Worn
11185428,False,False,,Austin Police Department,True,,,10-0360484,False,No,0,0,0,0,1,Possible Injury,07:58:00,1,1,2010,Thursday,Pedalcyclist,,UNKNOWN,Intersection,30.32328119,Daylight,-97.73400717,One Motor Vehicle - Going Straight,,Not Applicable,,Not Applicable,False,NONE,,City Street,"Straight, Level",Main/Proper Lane,On Roadway,,30,NORTHLOOP BLVD W,1204,Dry,Stop Sign,Clear,Not Worn
11340203,False,False,,Austin Police Department,False,,,100561292,False,No,0,0,1,1,0,Non-Incapacitating Injury,15:43:00,1,0,2010,Thursday,Pedalcyclist,US Highway,,Driveway Access,,Daylight,,One Motor Vehicle - Going Straight,,One Vehicle Leaving Driveway,,In A Parking Lot,False,BICYCLE,,Non Trafficway,"Straight, Grade",Service/Frontage Road,Not Applicable,,55,US0071,NO DATA,Dry,Other (Explain In Narrative),Clear,Not Worn
11220121,False,False,44866,Austin Police Department,False,44866,2014,10-0591497,False,No,0,0,0,1,1,Possible Injury,16:54:00,1,0,2010,Sunday,Pedalcyclist,State Loop,,Non Intersection,30.35533624,Daylight,-97.79348984,One Motor Vehicle - Going Straight,4,Vehicle Changing Lanes,10,Not Applicable,False,NONE,291,US & State Highways,"Straight, Level",Main/Proper Lane,On Roadway,"4 Or More Lanes, Divided",60,SL0360,NO DATA,Dry,Marked Lanes,Clear,"Worn, Damaged"
11312103,True,False,,Austin Police Department,True,,,100600344,False,No,0,0,1,1,0,Non-Incapacitating Injury,06:50:00,1,0,2010,Monday,Pedalcyclist,,PLEASANT VALLEY RD N,Intersection,30.26009478,Daylight,-97.70946247,One Motor Vehicle - Going Straight,,Not Applicable,,Not Applicable,False,NONE,,City Street,"Straight, Level",Main/Proper Lane,On Roadway,,35,E 7TH ST,2798,Wet,Signal Light,Cloudy,Not Worn
11217227,False,False,,St Edward's University Police Department,False,,,10-0097,False,No,0,0,0,2,1,Possible Injury,02:30:00,1,0,2010,Tuesday,Pedalcyclist,,,Non Intersection,,"Dark, Not Lighted",,One Motor Vehicle - Going Straight,,Not Applicable,,In A Parking Lot,True,NONE,,Non Trafficway,"Straight, Level",Other (Explain In Narrative),Not Applicable,,35,WOODWARD ST,NO DATA,Other (Explain In Narrative),None,Cloudy,Not Worn
11219281,False,False,,Austin Police Department,True,,,10-0611461,False,No,0,0,1,1,0,Non-Incapacitating Injury,17:34:00,1,0,2010,Tuesday,Pedalcyclist,,BRAZOS ST,Intersection Related,30.28027478,Daylight,-97.73678246,One Motor Vehicle - Turning Right,,Not Applicable,,Not Applicable,False,SCWINN ROAD BIKE,,City Street,"Straight, Level",Main/Proper Lane,On Roadway,,35,E MARTIN LUTHER KING JR BLVD,200,Dry,Signal Light,Clear,Unknown If Worn
11524643,False,False,,Austin Police Department,False,,,100611222,False,No,0,0,0,1,0,Not Injured,15:41:00,0,1,2010,Tuesday,Pedalcyclist,Interstate,,Not Reported,,Daylight,,One Motor Vehicle - Other,,Not Applicable,,Not Applicable,False,NONE,,Interstate,"Straight, Level",Service/Frontage Road,Not Reported,,45,IH0035,NO DATA,Dry,None,Clear,Unknown If Worn
11546153,False,False,,Austin Police Department,True,,,100611052,False,No,0,0,0,1,1,Possible Injury,14:20:00,1,0,2010,Tuesday,Pedalcyclist,,STARSTREAK DR,Intersection Related,30.1934248,Daylight,-97.78006246,One Motor Vehicle - Going Straight,,Not Applicable,,Not Applicable,False,MOUNTAIN BIKE,,City Street,"Straight, Level",Main/Proper Lane,On Roadway,,35,W WILLIAM CANNON DR,NO DATA,Dry,Stop Sign,Clear,Not Worn
11464818,True,False,,Austin Police Department,True,,,,False,No,0,0,2,1,0,Non-Incapacitating Injury,17:37:00,2,0,2010,Wednesday,Motor Vehicle In Transport,,RIO GRANDE ST,Intersection,30.27877478,Daylight,-97.74619246,Opposite Direction - One Straight-One Left Turn,,Not Applicable,,Not Applicable,False,NONE,,City Street,"Straight, Grade",Main/Proper Lane,On Roadway,,30,W 15TH ST,NO DATA,Dry,Signal Light,Clear,Not Worn
11470674,False,False,,Austin Police Department,True,,,10-0670787,False,No,0,0,1,1,0,Non-Incapacitating Injury,11:36:00,1,0,2010,Monday,Pedalcyclist,,W 30TH ST,Intersection,30.29430477,Daylight,-97.73748246,One Motor Vehicle - Going Straight,,Not Applicable,,Not Applicable,False,NONE,,City Street,"Straight, Grade",Main/Proper Lane,On Roadway,,30,UNIVERSITY AVE,2901,Wet,Stop Sign,Rain,Not Worn
11470675,False,False,,Austin Police Department,True,,,10-0670787,False,No,0,0,1,1,0,Non-Incapacitating Injury,11:36:00,1,0,2010,Monday,Pedalcyclist,,W 30TH ST,Intersection,30.29430477,Daylight,-97.73748246,One Motor Vehicle - Going Straight,,Not Applicable,,Not Applicable,False,NONE,,City Street,"Straight, Grade",Main/Proper Lane,On Roadway,,30,UNIVERSITY AVE,2901,Wet,Stop Sign,Rain,Not Worn
11328398,True,False,124466,Austin Police Department,False,124466,2014,10-0680348,False,No,0,1,0,1,0,Incapacitating Injury,06:08:00,1,0,2010,Tuesday,Pedalcyclist,Interstate,,Non Intersection,30.36106904,"Dark, Not Lighted",-97.68625661,One Motor Vehicle - Going Straight,6,Not Applicable,10,Not Applicable,False,NONE,300,Interstate,"Straight, Level",Service/Frontage Road,On Roadway,"4 Or More Lanes, Divided",55,IH0035,NO DATA,Wet,Marked Lanes,Fog,Not Worn
11376350,False,False,,Austin Police Department,True,,,100681085,False,No,0,0,1,1,0,Non-Incapacitating Injury,13:25:00,1,0,2010,Tuesday,Pedalcyclist,,DUVAL ST,Intersection,30.29264477,Daylight,-97.73363246,One Motor Vehicle - Going Straight,,Not Applicable,,Not Applicable,False,NONE,,City Street,"Straight, Grade",Main/Proper Lane,On Roadway,,0,RATHERVUE PL,NO DATA,Dry,Stop Sign,Clear,"Worn, Unk Damage"
11350439,False,False,,Austin Police Department,False,,,10-0692426,False,No,0,0,1,1,0,Non-Incapacitating Injury,23:26:00,1,0,2010,Wednesday,Pedalcyclist,,UNKNOWN,Intersection Related,30.29883392,"Dark, Lighted",-97.74063632,One Motor Vehicle - Going Straight,,Not Applicable,,Not Applicable,False,NONE,,City Street,"Straight, Level",Main/Proper Lane,On Roadway,,35,GUADALUPE ST,3112,Dry,Marked Lanes,Clear,Not Worn
11243422,True,False,20895,Austin Police Department,True,20895,2014,10-0731811,False,No,0,0,1,0,0,Non-Incapacitating Injury,20:25:00,1,0,2010,Sunday,Pedalcyclist,State Loop,RED RIVER ST,Intersection,30.2618442,"Dark, Lighted",-97.73886871,One Motor Vehicle - Turning Right,4,Not Applicable,10,Not Applicable,False,NONE,80,US & State Highways,"Straight, Level",Main/Proper Lane,On Roadway,"4 Or More Lanes, Undivided",30,SL0343,598,Dry,Signal Light,Clear,Not Worn
11376416,False,False,,Austin Police Department,False,,,100730801,False,No,0,0,1,2,0,Non-Incapacitating Injury,11:40:00,1,0,2010,Sunday,Pedalcyclist,,,Driveway Access,30.26297822,Daylight,-97.72636792,One Motor Vehicle - Turning Right,,One Vehicle Entering Driveway,,Entrance To Or Exit From Private Property Or Driveway,False,NONE,,City Street,"Straight, Level",Main/Proper Lane,On Roadway,,30,E 6TH ST,1607,Dry,Center Stripe/Divider,Clear,Not Worn
11359866,False,False,,Austin Police Department,False,,,100741866,False,No,0,0,0,1,1,Possible Injury,21:23:00,1,0,2010,Monday,Pedalcyclist,,,Non Intersection,,Unknown,,One Motor Vehicle - Backing,,One Vehicle Backward From Parking,,In A Parking Lot,True,NONE,,Non Trafficway,Unknown,Main/Proper Lane,Not Applicable,,0,E RIVERSIDE DR DR,NO DATA,Unknown,None,Unknown,Not Worn
11275652,False,False,21351,Austin Police Department,True,21351,2014,,False,No,0,0,1,1,0,Non-Incapacitating Injury,17:53:00,1,0,2010,Wednesday,Pedalcyclist,State Loop,CONGRESS AVE,Intersection,30.26339563,Daylight,-97.74449683,One Motor Vehicle - Going Straight,4,Not Applicable,10,Not Applicable,False,BICYCLE FORKS AND BENT RIM,80,US & State Highways,"Straight, Level",Main/Proper Lane,On Roadway,"4 Or More Lanes, Undivided",35,SL0343,100,Dry,Signal Light,Clear,Not Worn
11328503,False,False,,Austin Police Department,False,,,10-0760213,False,No,0,0,1,0,0,Non-Incapacitating Injury,02:27:00,1,1,2010,Wednesday,Pedalcyclist,,,Non Intersection,30.26991478,"Dark, Lighted",-97.74210246,One Motor Vehicle - Going Straight,,Not Applicable,,Not Applicable,False,NONE,,City Street,"Straight, Grade",Main/Proper Lane,On Roadway,,35,W 8TH ST,100,Dry,None,Clear,Not Worn
11354970,False,False,,Austin Police Department,True,,,100761873,False,No,0,0,1,1,0,Non-Incapacitating Injury,19:34:00,1,0,2010,Wednesday,Pedalcyclist,,OAK KNOLL DR,Intersection,30.42759475,Daylight,-97.76006245,One Motor Vehicle - Turning Right,,Not Applicable,,Not Applicable,False,DAMAGE TO BICYCLE,,City Street,"Straight, Level",Main/Proper Lane,On Roadway,,45,JOLLYVILLE RD,12019,Dry,Signal Light,Clear,"Worn, Not Damaged"
11676787,False,False,,Austin Police Department,True,,,10-0771699,False,No,0,0,0,1,0,Not Injured,17:11:00,0,1,2010,Thursday,Pedalcyclist,,E RIVERSIDE DR,Intersection Related,30.22490479,Daylight,-97.70349247,One Motor Vehicle - Turning Right,,Not Applicable,,Not Applicable,False,NONE,,City Street,"Straight, Level",Main/Proper Lane,On Roadway,,35,MONTOPOLIS DR,2001,Dry,Signal Light,Clear,Not Worn
11942966,False,False,,Austin Police Department,False,,,100772241,False,No,0,0,0,1,1,Possible Injury,20:45:00,1,0,2010,Thursday,Pedalcyclist,,E 22ND ST,Intersection Related,30.28343478,Daylight,-97.71797247,One Motor Vehicle - Turning Left,,Not Applicable,,Not Applicable,False,BIKE,,City Street,"Straight, Level",Main/Proper Lane,On Roadway,,30,CHESTNUT AVE,2199,Dry,Center Stripe/Divider,Clear,Not Worn
11350536,False,False,,Austin Police Department,True,,,100781412,False,No,0,0,1,1,0,Non-Incapacitating Injury,14:42:00,1,0,2010,Friday,Pedalcyclist,,UNKNOWN,Intersection,30.25890478,Daylight,-97.74621246,One Motor Vehicle - Going Straight,,Not Applicable,,Not Applicable,False,NONE,,City Street,"Straight, Grade",Main/Proper Lane,Off Roadway,,35,CONGRESS AVE S,301,Dry,Signal Light,Clear,Not Worn
11649633,False,False,,Austin Police Department,True,,,10-0780155,False,No,0,0,0,2,1,Possible Injury,01:07:00,1,0,2010,Friday,Pedalcyclist,,BRAZOS ST,Intersection,30.26768478,"Dark, Lighted",-97.74147246,One Motor Vehicle - Going Straight,,Not Applicable,,Not Applicable,False,NONE,,City Street,"Straight, Level",Main/Proper Lane,On Roadway,,35,E 6TH ST,198,Dry,Officer,Clear,"Worn, Not Damaged"
11781406,True,False,,Austin Police Department,True,,,100781626,False,No,0,0,1,1,0,Non-Incapacitating Injury,16:21:00,1,0,2010,Friday,Pedalcyclist,,UNKNOWN,Intersection,30.27234477,Daylight,-97.73501245,One Motor Vehicle - Turning Left,,Not Applicable,,Not Applicable,False,NONE,,City Street,"Straight, Grade",Main/Proper Lane,On Roadway,,30,E 12TH ST,600,Dry,Signal Light,Clear,"Worn, Damaged"
11942975,True,False,,Austin Police Department,False,,,10-0782329,False,No,0,1,0,4,0,Incapacitating Injury,21:29:00,1,0,2010,Friday,Pedalcyclist,,UNKNOWN,Intersection Related,30.26253478,"Dark, Lighted",-97.72210247,One Motor Vehicle - Going Straight,,Not Applicable,,Not Applicable,False,NONE,,City Street,"Straight, Level",Main/Proper Lane,On Roadway,,30,CHICON ST,700,Dry,Signal Light,Clear,Not Worn
11384922,False,False,148494,Austin Police Department,False,148494,2014,10-0792040,False,No,0,0,1,1,0,Non-Incapacitating Injury,21:15:00,1,0,2010,Saturday,Pedalcyclist,Interstate,,Non Intersection,30.26338039,"Dark, Not Lighted",-97.73554184,One Motor Vehicle - Going Straight,6,Not Applicable,5,Not Applicable,False,NONE,300,Interstate,"Straight, Level",Service/Frontage Road,On Roadway,"4 Or More Lanes, Divided",45,IH0035,NO DATA,Dry,None,Clear,Not Worn
11258683,False,False,,Austin Police Department,True,,,100801389,False,No,0,0,1,1,0,Non-Incapacitating Injury,16:23:00,1,0,2010,Sunday,Pedalcyclist,,E MARTIN LUTHER KING JR BLVD,Intersection,30.28584477,Daylight,-97.68262248,One Motor Vehicle - Going Straight,,Not Applicable,,Not Applicable,False,NONE,,City Street,"Straight, Grade",Main/Proper Lane,On Roadway,,0,SPRINGDALE RD,4301,Dry,Signal Light,Clear,Not Worn
11696187,False,False,,Austin Police Department,False,,,100840766,False,No,0,0,0,1,1,Possible Injury,11:12:00,1,0,2010,Thursday,Pedalcyclist,,OLTORF ST E,Intersection Related,30.23864019,Daylight,-97.75367403,One Motor Vehicle - Going Straight,,Not Applicable,,Not Applicable,False,NONE,,City Street,"Straight, Level",Main/Proper Lane,On Roadway,,35,S CONGRESS AVE,2409,Dry,Marked Lanes,Clear,Not Worn
11258534,False,False,,Austin Police Department,False,,,10-0851751,False,No,0,0,1,1,0,Non-Incapacitating Injury,18:00:00,1,0,2010,Friday,Pedalcyclist,,,Non Intersection,30.33596704,Daylight,-97.72001383,One Motor Vehicle - Going Straight,,Not Applicable,,Not Applicable,False,NONE,,City Street,"Straight, Level",Other (Explain In Narrative),On Roadway,,40,N LAMAR BLVD,6800,Dry,Marked Lanes,Clear,Not Worn
11942998,False,False,,Austin Police Department,True,,,100861750,False,No,0,1,0,0,0,Incapacitating Injury,18:31:00,1,1,2010,Saturday,Pedalcyclist,,SPRINGDALE RD,Intersection,30.27399478,Daylight,-97.69015248,One Motor Vehicle - Going Straight,,Not Applicable,,Not Applicable,False,NONE,,City Street,"Straight, Level",Main/Proper Lane,On Roadway,,35,LEDESMA RD,4600,Dry,Other (Explain In Narrative),Clear,Not Worn
11372268,True,False,125081,Austin Police Department,True,125081,2014,100881600,False,No,0,0,1,0,0,Non-Incapacitating Injury,19:03:00,1,1,2010,Monday,Pedalcyclist,US Highway,FM1325,Intersection,30.36040476,"Dark, Not Lighted",-97.71668384,One Motor Vehicle - Going Straight,6,Not Applicable,10,Not Applicable,False,NONE,260,US & State Highways,"Straight, Level",Service/Frontage Road,On Roadway,"4 Or More Lanes, Divided",0,US0183,NO DATA,Dry,Signal Light,Clear,Not Worn
11372269,False,False,49417,Austin Police Department,True,49417,2014,100891457,False,No,0,0,0,2,0,Not Injured,17:32:00,0,0,2010,Tuesday,Pedalcyclist,Farm To Market,SILVER SPUR,Intersection,30.41757489,Daylight,-97.69937302,One Motor Vehicle - Turning Left,6,Not Applicable,10,Not Applicable,False,NONE,150,Farm To Market,"Straight, Grade",Other (Explain In Narrative),On Roadway,"4 Or More Lanes, Divided",45,FM0734,2301,Dry,None,Clear,Not Worn