Crash ID,$1000 Damage to Any One Person's Property,Active School Zone Flag,Adjusted Average Daily Traffic Amount,Agency,At Intersection Flag,Average Daily Traffic Amount,Average Daily Traffic Year,Case ID,Construction Zone Flag,Construction Zone Workers Present Flag,Crash Death Count,Crash Incapacitating Injury Count,Crash Non-incapacitating Injury Count,Crash Not Injured Count,Crash Possible Injury Count,Crash Severity,Crash Time,Crash Total Injury Count,Crash Unknown Injury Count,Crash Year,Day of Week,First Harmful Event,Highway System,Intersecting Street Name,Intersection Related,Latitude,Light Condition,Longitude,Manner of Collision,Number of Lanes,Other Factor,Outside Shoulder Width on Divided Highway,Physical Feature 1,Private Drive Flag,Property Damages,Right of Way Usual Width,Road Class,Roadway Alignment,Roadway Part,Roadway Relation,Roadway Type,Speed Limit,Street Name,Street Number,Surface Condition,Traffic Control Type,Weather Condition,Person Helmet
11459489,True,False,,Austin Police Department,False,,,10-1750469,False,No,0,0,0,1,1,Possible Injury,08:12:00,1,0,2010,Thursday,Pedalcyclist,,,Non Intersection,,Daylight,,One Motor Vehicle - Going Straight,,One Vehicle Leaving Driveway,,Private Drive Or Road,True,BICYCLE,,Non Trafficway,"Straight, Level",Service/Frontage Road,Not Applicable,,45,N LAMAR NB SVRD BLVD,NO DATA,Dry,Stop Sign,Clear,Not Worn
11465865,False,False,,Austin Police Department,False,,,101750603,False,No,0,0,1,1,0,Non-Incapacitating Injury,09:39:00,1,0,2010,Thursday,Pedalcyclist,,,Non Intersection,30.25246723,Daylight,-97.74862364,One Motor Vehicle - Going Straight,,Not Applicable,,Not Applicable,False,NONE,,City Street,"Straight, Level",Main/Proper Lane,On Roadway,,35,CONGRESS AVE S,1167,Dry,None,Clear,Not Worn
11470887,False,False,22775,Austin Police Department,True,22775,2014,101761383,False,No,0,0,1,0,0,Non-Incapacitating Injury,15:14:00,1,1,2010,Friday,Pedalcyclist,State Loop,E 12TH ST,Intersection,30.2768416,Daylight,-97.7003275,One Motor Vehicle - Turning Right,4,Not Applicable,2,Not Applicable,False,NONE,160,US & State Highways,"Straight, Level",Main/Proper Lane,On Roadway,"4 Or More Lanes, Undivided",0,SL0111,1199,Dry,Signal Light,Clear,Not Worn
11470890,False,False,124047,Austin Police Department,True,124047,2014,101761843,False,No,0,0,1,1,0,Non-Incapacitating Injury,19:15:00,1,0,2010,Friday,Pedalcyclist,US Highway,SL0343,Intersection,30.22890938,Daylight,-97.78596296,One Motor Vehicle - Going Straight,8,Not Applicable,10,Not Applicable,False,NONE,380,US & State Highways,"Straight, Level",Service/Frontage Road,On Roadway,"4 Or More Lanes, Divided",0,US0290,NO DATA,Dry,Stop Sign,Clear,Unknown If Worn
11470884,False,False,,Austin Police Department,False,,,10-1770363,False,No,0,0,1,2,0,Non-Incapacitating Injury,02:35:00,1,0,2010,Saturday,Pedalcyclist,,S CONGRESS AVE,Intersection Related,30.16704644,"Dark, Lighted",-97.78855998,One Motor Vehicle - Going Straight,,Not Applicable,,Not Applicable,False,NONE,,City Street,"Straight, Level",Main/Proper Lane,On Roadway,,45,W SLAUGHTER LN,NO DATA,Dry,Signal Light,Clear,Not Worn
11552578,False,False,154266,Austin Police Department,True,154266,2014,10-1790651,False,No,1,0,0,1,0,Killed,09:40:00,0,0,2010,Monday,Pedalcyclist,Interstate,US0290,Intersection,30.21642867,Daylight,-97.75132737,One Motor Vehicle - Turning Right,6,Not Applicable,12,Not Applicable,False,NONE,300,Interstate,"Straight, Level",Service/Frontage Road,On Roadway,"4 Or More Lanes, Divided",0,IH0035,NO DATA,Dry,Signal Light,Clear,Unknown If Worn
11485035,False,False,,Austin Police Department,True,,,10-1801797,False,No,0,1,0,1,0,Incapacitating Injury,19:22:00,1,0,2010,Tuesday,Pedalcyclist,,UNKNOWN,Intersection,30.27376478,Daylight,-97.71552247,One Motor Vehicle - Turning Left,,Not Applicable,,Not Applicable,False,NONE,,City Street,"Straight, Level",Main/Proper Lane,On Roadway,,0,N PLEASANT VALLEY RD,1199,Wet,None,Other (Explain In Narrative),Not Worn
11505129,False,False,124527,Austin Police Department,True,124527,2014,101870816,False,No,0,0,1,1,0,Non-Incapacitating Injury,10:52:00,1,0,2010,Tuesday,Pedalcyclist,Interstate,TERI RD,Intersection,30.20568291,Daylight,-97.75814833,One Motor Vehicle - Turning Right,6,Not Applicable,12,Not Applicable,False,NONE,300,Interstate,"Straight, Level",Service/Frontage Road,On Roadway,"4 Or More Lanes, Divided",55,IH0035,NO DATA,Dry,Marked Lanes,Clear,Not Worn
11505099,False,False,,Austin Police Department,False,,,10 188 1871,False,No,0,0,0,1,1,Possible Injury,19:20:00,1,0,2010,Wednesday,Pedalcyclist,,,Driveway Access,30.20068835,Daylight,-97.73981404,One Motor Vehicle - Backing,,One Vehicle Leaving Driveway,,Entrance To Or Exit From Private Property Or Driveway,False,NONE,,City Street,"Straight, Level",Other (Explain In Narrative),Off Roadway,,25,PEWTER LN,4701,Dry,None,Cloudy,Not Worn
11505043,False,False,,Austin Police Department,False,,,101900907,False,No,0,0,0,1,1,Possible Injury,12:03:00,1,0,2010,Friday,Pedalcyclist,,,Non Intersection,30.42822482,Daylight,-97.74540692,One Motor Vehicle - Going Straight,,Not Applicable,,Not Applicable,False,NONE,,City Street,"Straight, Level",Main/Proper Lane,On Roadway,,40,RIATA TRACE PKWY,12300,Dry,Marked Lanes,Clear,"Worn, Not Damaged"
11504988,False,False,,Austin Police Department,True,,,10-1910884,False,No,0,0,1,1,0,Non-Incapacitating Injury,10:40:00,1,0,2010,Saturday,Pedalcyclist,,W 21ST ST,Intersection,30.28380478,Daylight,-97.74191246,One Motor Vehicle - Going Straight,,Not Applicable,,Not Applicable,False,NONE,,City Street,"Straight, Level",Main/Proper Lane,On Roadway,,30,GUADALUPE ST,2099,Dry,Signal Light,Clear,Not Worn
11505074,True,False,,Austin Police Department,False,,,101920364,False,No,0,0,2,0,0,Non-Incapacitating Injury,02:39:00,2,1,2010,Sunday,Pedalcyclist,,,Non Intersection,,"Dark, Lighted",,One Motor Vehicle - Going Straight,,Not Applicable,,In A Parking Lot,True,NONE,,Non Trafficway,"Straight, Level",Other (Explain In Narrative),Not Applicable,,35,W 4TH ST,NO DATA,Dry,None,Clear,Not Worn
11505074,True,False,,Austin Police Department,False,,,101920364,False,No,0,0,2,0,0,Non-Incapacitating Injury,02:39:00,2,1,2010,Sunday,Pedalcyclist,,,Non Intersection,,"Dark, Lighted",,One Motor Vehicle - Going Straight,,Not Applicable,,In A Parking Lot,True,NONE,,Non Trafficway,"Straight, Level",Other (Explain In Narrative),Not Applicable,,35,W 4TH ST,NO DATA,Dry,None,Clear,Not Worn
11505474,False,False,,Austin Police Department,False,,,101922180,False,No,0,0,0,0,1,Possible Injury,23:49:00,1,1,2010,Sunday,Pedalcyclist,,,Non Intersection,30.23298946,"Dark, Lighted",-97.72016713,One Motor Vehicle - Going Straight,,Not Applicable,,Not Applicable,False,NONE,,City Street,"Straight, Level",Main/Proper Lane,On Roadway,,35,WICKERSHAM LN,1853,Dry,None,Clear,"Worn, Unk Damage"
11505443,True,False,,Austin Police Department,False,,,10-1940537,False,No,0,0,1,1,0,Non-Incapacitating Injury,08:54:00,1,0,2010,Tuesday,Pedalcyclist,,,Driveway Access,30.25558641,Daylight,-97.74745598,One Motor Vehicle - Turning Left,,One Vehicle Entering Driveway,,Entrance To Or Exit From Private Property Or Driveway,False,NONE,,City Street,"Straight, Grade",Main/Proper Lane,On Roadway,,35,CONGRESS AVE S,636,Dry,None,Clear,Not Worn
11505447,False,False,,Austin Police Department,True,,,10-1940892,False,No,0,0,0,1,1,Possible Injury,12:17:00,1,0,2010,Tuesday,Pedalcyclist,,UNKNOWN,Intersection,30.30112523,Daylight,-97.7456795,One Motor Vehicle - Turning Right,,Not Applicable,,Not Applicable,False,NONE,,Interstate,"Straight, Level",Main/Proper Lane,On Roadway,,40,N LAMAR BLVD,3138,Dry,Stop Sign,Clear,Not Worn
11517479,False,False,,Austin Police Department,True,,,10-1961023,False,No,0,0,0,2,1,Possible Injury,12:55:00,1,0,2010,Thursday,Pedalcyclist,,UNKNOWN,Intersection,30.30706477,Daylight,-97.74749246,One Motor Vehicle - Turning Left,,Not Applicable,,Not Applicable,False,NONE,,City Street,"Straight, Level",Main/Proper Lane,On Roadway,,0,W 38TH ST,1400,Dry,Signal Light,Clear,Not Worn
11517231,False,False,,Austin Police Department,False,,,101970601,False,No,0,0,1,1,0,Non-Incapacitating Injury,07:50:00,1,0,2010,Friday,Pedalcyclist,,UNKNOWN,Intersection,30.28842478,Daylight,-97.75144245,One Motor Vehicle - Going Straight,,Not Applicable,,Not Applicable,False,NONE,,City Street,"Straight, Level",Main/Proper Lane,On Roadway,,30,W 24TH ST,1300,Dry,Signal Light,Cloudy,"Worn, Damaged"
11778606,False,False,,Austin Police Department,True,,,10-1971198,False,No,0,1,0,1,0,Incapacitating Injury,13:24:00,1,0,2010,Friday,Pedalcyclist,,DUNLIEGH DR,Intersection,30.2019748,Daylight,-97.83803244,One Motor Vehicle - Going Straight,,One Vehicle Leaving Driveway,,Entrance To Or Exit From Private Property Or Driveway,False,BICYCLE,,City Street,"Straight, Level",Main/Proper Lane,On Roadway,,40,BRODIE LN,8201,Dry,Center Stripe/Divider,Clear,Not Worn
11546366,False,False,54574,Austin Police Department,False,54574,2014,101991893,False,No,0,0,1,1,0,Non-Incapacitating Injury,21:18:00,1,0,2010,Sunday,Pedalcyclist,US Highway,,Non Intersection,30.28484044,"Dark, Not Lighted",-97.66556941,One Motor Vehicle - Going Straight,4,Not Applicable,10,Not Applicable,False,NONE,200,US & State Highways,"Straight, Level",Main/Proper Lane,On Roadway,"4 Or More Lanes, Divided",0,US0183,NO DATA,Dry,Marked Lanes,Clear,Not Worn
11587525,False,False,,Austin Police Department,True,,,102001992,False,No,0,0,0,1,1,Possible Injury,21:07:00,1,0,2010,Monday,Pedalcyclist,,UNKNOWN,Intersection,30.23058479,"Dark, Lighted",-97.72114247,One Motor Vehicle - Turning Right,,Not Applicable,,Not Applicable,False,NONE,,City Street,"Straight, Level",Main/Proper Lane,On Roadway,,35,WICKERSHAM LN,2201,Dry,None,Clear,Not Worn
11522844,False,False,,"Department Of Public Safety, State Of Texas",False,,,,False,No,0,1,0,1,0,Incapacitating Injury,18:33:00,1,0,2010,Tuesday,Pedalcyclist,,DENSON DR,Intersection Related,30.32490463,Daylight,-97.72223272,One Motor Vehicle - Going Straight,,Not Applicable,,Not Applicable,False,NONE,,City Street,"Straight, Level",Main/Proper Lane,On Roadway,,35,GUADALUPE ST,5786,Dry,Bike Lane,Clear,Not Worn
11517406,False,False,29304,Austin Police Department,False,29304,2014,,False,No,0,0,1,1,0,Non-Incapacitating Injury,07:15:00,1,0,2010,Wednesday,Pedalcyclist,State Loop,W CESAR CHAVEZ ST,Intersection Related,30.26665873,Daylight,-97.75621312,One Motor Vehicle - Going Straight,4,Not Applicable,7,Not Applicable,False,NONE,74,US & State Highways,"Straight, Level",Main/Proper Lane,On Roadway,"4 Or More Lanes, Undivided",0,SL0343,106,Dry,Stop Sign,Clear,"Worn, Not Damaged"
11691647,False,False,,Austin Police Department,True,,,102031179,False,No,0,0,0,2,1,Possible Injury,13:39:00,1,0,2010,Thursday,Pedalcyclist,,SAN MARCOS ST,Intersection,30.26600478,Daylight,-97.73209247,One Motor Vehicle - Turning Left,,Not Applicable,,Not Applicable,False,NONE,,City Street,"Straight, Level",Main/Proper Lane,On Roadway,,35,E 7TH ST,928,Dry,Stop Sign,Clear,Not Worn
11524449,False,False,,Austin Police Department,False,,,102071108,False,No,0,0,1,1,0,Non-Incapacitating Injury,13:39:00,1,0,2010,Monday,Pedalcyclist,,,Non Intersection,,Daylight,,One Motor Vehicle - Going Straight,,Not Applicable,,In A Parking Lot,True,NONE,,Non Trafficway,"Straight, Level",Other (Explain In Narrative),Not Applicable,,0,E RIVERSIDE DR,NO DATA,Dry,None,Clear,Not Worn
11524491,False,False,,Austin Police Department,True,,,102072343,False,No,0,0,1,0,0,Non-Incapacitating Injury,22:50:00,1,1,2010,Monday,Pedalcyclist,,E 13TH ST,Intersection,30.27536478,"Dark, Not Lighted",-97.71617247,One Motor Vehicle - Going Straight,,Not Applicable,,Not Applicable,False,NONE,,City Street,"Straight, Level",Main/Proper Lane,On Roadway,,0,CHESTNUT AVE,1299,Dry,Stop Sign,Clear,"Worn, Not Damaged"
11549589,True,False,49417,Austin Police Department,True,49417,2014,10.2081149,False,No,0,0,1,1,0,Non-Incapacitating Injury,14:49:00,1,0,2010,Tuesday,Pedalcyclist,Farm To Market,TOMANET TRL,Intersection,30.41831739,Daylight,-97.70087673,One Motor Vehicle - Turning Right,6,Not Applicable,10,Not Applicable,False,NONE,150,Farm To Market,"Straight, Level",Main/Proper Lane,On Roadway,"4 Or More Lanes, Divided",50,FM0734,2401,Dry,Stop Sign,Clear,"Worn, Damaged"
11567521,False,False,,Austin Police Department,True,,,102181077,True,No,0,0,1,1,0,Non-Incapacitating Injury,12:10:00,1,0,2010,Friday,Pedalcyclist,,KASPER ST,Intersection,30.22571479,Daylight,-97.70297248,One Motor Vehicle - Going Straight,,Construction - Within Posted Road Construction Zone (Not Related To Crash),,Not Applicable,False,NONE,,City Street,"Straight, Level",Main/Proper Lane,On Roadway,,35,MONTOPOLIS DR,1903,Dry,Stop Sign,Clear,Not Worn
11623078,True,False,,Austin Police Department,True,,,10-2191638,False,No,0,0,1,2,0,Non-Incapacitating Injury,17:27:00,1,0,2010,Saturday,Pedalcyclist,,KINNEY AVE,Intersection,30.26192478,Daylight,-97.76152246,One Motor Vehicle - Turning Left,,Not Applicable,,Not Applicable,False,NONE,,City Street,"Straight, Level",Main/Proper Lane,On Roadway,,35,BARTON SPRINGS RD,NO DATA,Dry,Signal Light,Clear,"Worn, Not Damaged"
11622607,False,False,,Austin Police Department,False,,,102200433,False,No,0,0,0,2,0,Not Injured,02:53:00,0,0,2010,Sunday,Pedalcyclist,,W 4TH ST,Intersection Related,30.26683863,"Dark, Lighted",-97.74591197,One Motor Vehicle - Going Straight,,Not Applicable,,Not Applicable,False,NONE,,City Street,"Straight, Level",Main/Proper Lane,On Roadway,,30,LAVACA ST,396,Dry,Signal Light,Clear,Not Worn
11623632,True,False,,Austin Police Department,False,,,102231611,False,No,0,0,1,0,0,Non-Incapacitating Injury,17:32:00,1,1,2010,Wednesday,Pedalcyclist,,,Driveway Access,30.19939958,Daylight,-97.76536591,One Motor Vehicle - Going Straight,,One Vehicle Leaving Driveway,,Entrance To Or Exit From Private Property Or Driveway,False,NONE,,City Street,"Straight, Level",Main/Proper Lane,On Roadway,,45,E STASSNEY LN,990,Dry,None,Clear,Not Worn
11569952,False,False,,Austin Police Department,False,,,102331590,False,No,0,0,1,1,0,Non-Incapacitating Injury,17:20:00,1,0,2010,Saturday,Pedalcyclist,,,Driveway Access,30.32153395,Daylight,-97.71373435,One Motor Vehicle - Turning Left,,One Vehicle Leaving Driveway,,Entrance To Or Exit From Private Property Or Driveway,False,NONE,,City Street,"Straight, Level",Main/Proper Lane,On Roadway,,35,AIRPORT BLVD,NO DATA,Dry,Marked Lanes,Clear,Not Worn
11596472,True,False,,Austin Police Department,True,,,10-2261632,False,No,0,0,0,2,0,Not Injured,17:37:00,0,0,2010,Saturday,Pedalcyclist,,HUDSON ST,Intersection,30.27375478,Daylight,-97.67930248,One Motor Vehicle - Turning Left,,Not Applicable,,Not Applicable,False,NONE,,City Street,"Straight, Level",Main/Proper Lane,On Roadway,,0,ELEANOR ST,1199,Dry,Stop Sign,Clear,Not Worn
11606387,False,False,,Austin Police Department,False,,,102280459,False,No,0,0,1,1,0,Non-Incapacitating Injury,07:38:00,1,0,2010,Monday,Pedalcyclist,,UNKNOWN,Intersection Related,30.30066537,Daylight,-97.67325628,One Motor Vehicle - Going Straight,,Not Applicable,,Not Applicable,False,NONE,,City Street,"Straight, Grade",Main/Proper Lane,On Roadway,,25,ROGGE LN,3595,Dry,Stop Sign,Clear,Not Worn
11623654,False,False,,Austin Police Department,False,,,10-2310181,False,No,0,0,3,0,0,Non-Incapacitating Injury,01:48:00,3,1,2010,Thursday,Pedalcyclist,,GUADALUPE ST,Intersection Related,30.26717299,"Dark, Lighted",-97.74701274,One Motor Vehicle - Going Straight,,"Slowing/Stopping - For Officer, Flagman, Or Traffic Control",,Not Applicable,False,NONE,,City Street,"Straight, Level",Main/Proper Lane,On Roadway,,30,W 4TH ST,401,Dry,Signal Light,Clear,Not Worn
11623654,False,False,,Austin Police Department,False,,,10-2310181,False,No,0,0,3,0,0,Non-Incapacitating Injury,01:48:00,3,1,2010,Thursday,Pedalcyclist,,GUADALUPE ST,Intersection Related,30.26717299,"Dark, Lighted",-97.74701274,One Motor Vehicle - Going Straight,,"Slowing/Stopping - For Officer, Flagman, Or Traffic Control",,Not Applicable,False,NONE,,City Street,"Straight, Level",Main/Proper Lane,On Roadway,,30,W 4TH ST,401,Dry,Signal Light,Clear,Not Worn
11623654,False,False,,Austin Police Department,False,,,10-2310181,False,No,0,0,3,0,0,Non-Incapacitating Injury,01:48:00,3,1,2010,Thursday,Pedalcyclist,,GUADALUPE ST,Intersection Related,30.26717299,"Dark, Lighted",-97.74701274,One Motor Vehicle - Going Straight,,"Slowing/Stopping - For Officer, Flagman, Or Traffic Control",,Not Applicable,False,NONE,,City Street,"Straight, Level",Main/Proper Lane,On Roadway,,30,W 4TH ST,401,Dry,Signal Light,Clear,Not Worn
11569813,False,False,,Austin Police Department,False,,,102320640,False,No,0,0,2,1,0,Non-Incapacitating Injury,08:54:00,2,0,2010,Friday,Pedalcyclist,,E 31ST ST,Intersection Related,30.29390344,Daylight,-97.73520627,One Motor Vehicle - Turning Left,,Not Applicable,,Not Applicable,False,NONE,,City Street,"Straight, Grade",Main/Proper Lane,On Roadway,,30,WALLING DR,3101,Dry,Center Stripe/Divider,Cloudy,Not Worn
11569813,False,False,,Austin Police Department,False,,,102320640,False,No,0,0,2,1,0,Non-Incapacitating Injury,08:54:00,2,0,2010,Friday,Pedalcyclist,,E 31ST ST,Intersection Related,30.29390344,Daylight,-97.73520627,One Motor Vehicle - Turning Left,,Not Applicable,,Not Applicable,False,NONE,,City Street,"Straight, Grade",Main/Proper Lane,On Roadway,,30,WALLING DR,3101,Dry,Center Stripe/Divider,Cloudy,Not Worn
11569818,False,False,,Austin Police Department,True,,,102321587,False,No,0,0,1,1,0,Non-Incapacitating Injury,17:20:00,1,0,2010,Friday,Pedalcyclist,,AVENUE G,Intersection,30.31510477,Daylight,-97.72168247,One Motor Vehicle - Going Straight,,Not Applicable,,Not Applicable,False,"GIRO HELMET SERIAL:Y1875392, TREK 5200 BIKE SERIAL:WR0014426",,City Street,"Straight, Level",Main/Proper Lane,On Roadway,,35,E 51ST ST,300,Dry,Stop Sign,Clear,"Worn, Damaged"
11569852,False,False,,Austin Police Department,False,,,10-2320294,True,No,0,0,0,0,1,Possible Injury,02:25:00,1,1,2010,Friday,Pedalcyclist,,,Non Intersection,30.26838173,"Dark, Lighted",-97.7475518,One Motor Vehicle - Going Straight,,Construction-Within Posted Road Construction Zone (Related To Crash),,Not Applicable,False,NONE,,City Street,"Straight, Grade",Main/Proper Lane,On Roadway,,35,W 5TH ST,464,Dry,None,Clear,"Worn, Not Damaged"
11587175,False,False,22775,Austin Police Department,False,22775,2014,10-2322078,False,No,0,1,0,0,0,Incapacitating Injury,20:55:00,1,1,2010,Friday,Pedalcyclist,State Loop,,Non Intersection,30.27098831,"Dark, Lighted",-97.69712876,One Motor Vehicle - Going Straight,4,Not Applicable,2,Not Applicable,False,NONE,160,US & State Highways,"Straight, Level",Main/Proper Lane,On Roadway,"4 Or More Lanes, Undivided",45,SL0111,1141,Dry,Marked Lanes,Clear,Not Worn
11569828,True,False,,Austin Police Department,False,,,10-2330716,False,No,0,0,1,1,0,Non-Incapacitating Injury,07:25:00,1,0,2010,Saturday,Pedalcyclist,,FM1626,Intersection Related,,Daylight,,One Motor Vehicle - Turning Left,,Vision Obstructed By Headlight Or Sun Glare,,Not Applicable,False,NONE,,Farm To Market,"Straight, Level",Main/Proper Lane,On Roadway,,35,OLD SAN ANTONIO RD,NO DATA,Dry,Stop Sign,Clear,"Worn, Unk Damage"
11569829,False,False,,Austin Police Department,True,,,102331036,False,No,0,0,1,1,0,Non-Incapacitating Injury,11:40:00,1,0,2010,Saturday,Pedalcyclist,,MEDICAL ARTS ST,Intersection,30.28837477,Daylight,-97.72909247,One Motor Vehicle - Turning Right,,Not Applicable,,Not Applicable,False,NONE,,City Street,"Straight, Level",Main/Proper Lane,On Roadway,,30,E DEAN KEETON ST,824,Dry,Signal Light,Cloudy,Not Worn
11569875,False,False,,Austin Police Department,True,,,10-2340784,False,No,0,0,1,1,0,Non-Incapacitating Injury,08:44:00,1,0,2010,Sunday,Pedalcyclist,,STECK AVE,Intersection Related,30.37228476,Daylight,-97.74796246,One Motor Vehicle - Turning Left,,Not Applicable,,Not Applicable,False,NONE,,City Street,"Straight, Level",Main/Proper Lane,On Roadway,,0,SUMMERWOOD DR,8201,Dry,None,Clear,"Worn, Not Damaged"
11584489,False,False,,Austin Police Department,False,,,102351192,False,No,0,0,1,1,0,Non-Incapacitating Injury,14:27:00,1,0,2010,Monday,Pedalcyclist,,,Driveway Access,,Daylight,,One Motor Vehicle - Turning Right,,One Vehicle Leaving Driveway,,In A Parking Lot,True,NONE,,Non Trafficway,"Straight, Level",Other (Explain In Narrative),Not Applicable,,0,CAMERON RD,NO DATA,Dry,None,Clear,Not Worn
11596571,False,False,,Austin Police Department,False,,,10-2352286,False,No,0,0,1,2,0,Non-Incapacitating Injury,22:38:00,1,0,2010,Monday,Pedalcyclist,,,Driveway Access,,"Dark, Lighted",,One Motor Vehicle - Going Straight,,One Vehicle Leaving Driveway,,In A Parking Lot,True,NONE,,Non Trafficway,"Straight, Level",Other (Explain In Narrative),Off Roadway,,35,E WILLIAM CANNON DR,NO DATA,Dry,None,Clear,Not Worn
11596822,False,False,,Austin Police Department,False,,,10-2361689,False,No,0,0,1,2,0,Non-Incapacitating Injury,18:05:00,1,0,2010,Tuesday,Pedalcyclist,,,Non Intersection,30.25738446,Daylight,-97.70134609,One Motor Vehicle - Going Straight,,Not Applicable,,Not Applicable,False,NONE,,City Street,"Straight, Level",Main/Proper Lane,On Roadway,,30,GONZALES ST,3550,Dry,None,Clear,Not Worn
11587216,False,False,44866,Austin Police Department,True,44866,2014,102381739,False,No,0,1,0,1,0,Incapacitating Injury,17:42:00,1,0,2010,Thursday,Pedalcyclist,State Loop,WAYMAKER WAY,Intersection,30.3276179,Daylight,-97.81115444,One Motor Vehicle - Turning Left,4,Not Applicable,10,Not Applicable,False,NONE,350,US & State Highways,"Straight, Grade",Other (Explain In Narrative),On Roadway,"4 Or More Lanes, Divided",60,SL0360,NO DATA,Dry,None,Clear,"Worn, Unk Damage"
11606139,True,False,,Austin Police Department,False,,,10-2462063,False,No,0,0,1,1,0,Non-Incapacitating Injury,20:32:00,1,0,2010,Friday,Pedalcyclist,,MIDDLEHAM PL,Intersection Related,30.20127862,"Dark, Unknown Lighting",-97.78722671,One Motor Vehicle - Going Straight,,Not Applicable,,Not Applicable,False,NONE,,City Street,"Straight, Level",Main/Proper Lane,On Roadway,,30,EBERHART LN,795,Dry,Center Stripe/Divider,Clear,"Worn, Damaged"
11623532,False,False,,Austin Police Department,False,,,2010-2471109,False,No,0,0,1,1,0,Non-Incapacitating Injury,12:00:00,1,0,2010,Saturday,Pedalcyclist,,E 10TH ST,Intersection,30.2659921,Daylight,-97.71397263,One Motor Vehicle - Turning Right,,Not Applicable,,Not Applicable,False,NONE,,City Street,"Straight, Grade",Main/Proper Lane,On Roadway,,30,NORTHWESTERN AVE,993,Dry,Stop Sign,Clear,Not Worn
11623245,False,False,14685,Austin Police Department,False,14685,2014,102480419,False,No,0,1,0,0,0,Incapacitating Injury,02:42:00,1,1,2010,Sunday,Pedalcyclist,Farm To Market,,Non Intersection,30.28287615,"Dark, Lighted",-97.70193316,One Motor Vehicle - Going Straight,4,Not Applicable,0,Not Applicable,False,NONE,100,Farm To Market,"Straight, Grade",Main/Proper Lane,On Roadway,"4 Or More Lanes, Undivided",0,FM0969,3283,Dry,None,Clear,"Worn, Not Damaged"
11623501,True,False,,Austin Police Department,False,,,102500392,False,No,0,0,1,1,0,Non-Incapacitating Injury,07:24:00,1,0,2010,Tuesday,Pedalcyclist,,,Driveway Access,30.1742358,Daylight,-97.79330319,One Motor Vehicle - Going Straight,,One Vehicle Leaving Driveway,,Entrance To Or Exit From Private Property Or Driveway,False,BLU/WHI TREK BICYCLE,,City Street,"Straight, Level",Main/Proper Lane,On Roadway,,40,RALPH ABLANEDO DR,494,Dry,None,Clear,Not Worn
11623317,True,False,,Austin Police Department,False,,,10-2510970,False,No,0,0,1,1,0,Non-Incapacitating Injury,12:32:00,1,0,2010,Wednesday,Pedalcyclist,,,Driveway Access,30.23611996,Daylight,-97.76341297,One Motor Vehicle - Turning Left,,One Vehicle Entering Driveway,,Entrance To Or Exit From Private Property Or Driveway,False,NONE,,City Street,"Straight, Grade",Main/Proper Lane,Not Applicable,,35,S 1ST ST,2888,Dry,Center Stripe/Divider,Cloudy,Not Worn
11623774,False,False,,Austin Police Department,False,,,10-2570988,False,No,0,0,1,3,0,Non-Incapacitating Injury,12:45:00,1,0,2010,Tuesday,Pedalcyclist,,,Driveway Access,30.25771976,Daylight,-97.72634887,One Motor Vehicle - Going Straight,,One Vehicle Leaving Driveway,,Entrance To Or Exit From Private Property Or Driveway,False,NONE,,City Street,"Straight, Level",Main/Proper Lane,On Roadway,,35,E CESAR CHAVEZ ST,1726,Dry,None,Clear,Not Worn
11630529,True,False,,Austin Police Department,True,,,102571773,False,No,0,1,0,0,0,Incapacitating Injury,18:30:00,1,1,2010,Tuesday,Pedalcyclist,Interstate,FERNWOOD RD,Intersection,,Daylight,,One Motor Vehicle - Going Straight,,Not Applicable,,Not Applicable,False,NONE,,Interstate,"Straight, Level",Service/Frontage Road,On Roadway,,0,IH0035,NO DATA,Dry,None,Clear,Not Worn
11630219,False,False,,Austin Police Department,False,,,10-2600597,False,No,0,0,1,0,0,Non-Incapacitating Injury,07:50:00,1,1,2010,Friday,Pedalcyclist,,GALSWORTHY LN,Intersection Related,30.18875248,Daylight,-97.88120412,One Motor Vehicle - Going Straight,,Not Applicable,,Not Applicable,False,NONE,,City Street,"Straight, Level",Other (Explain In Narrative),On Roadway,,30,DAHLGREEN AVE,NO DATA,Dry,Stop Sign,Clear,"Worn, Damaged"
11630330,False,False,,Austin Police Department,True,,,10-2601916,False,No,0,0,1,1,0,Non-Incapacitating Injury,19:41:00,1,0,2010,Friday,Pedalcyclist,,WOODWARD ST,Intersection,30.22964479,"Dark, Lighted",-97.76025246,One Motor Vehicle - Turning Right,,Not Applicable,,Not Applicable,False,NONE,,City Street,"Straight, Grade",Main/Proper Lane,On Roadway,,0,S CONGRESS AVE,3401,Dry,Signal Light,Clear,Unknown If Worn
11649335,False,False,,Austin Police Department,True,,,10-2601745,False,No,0,0,1,0,0,Non-Incapacitating Injury,18:09:00,1,1,2010,Friday,Pedalcyclist,,PEDERNALES ST,Intersection,30.25890478,Daylight,-97.71464247,One Motor Vehicle - Turning Left,,Not Applicable,,Not Applicable,False,NONE,,City Street,"Straight, Level",Main/Proper Lane,On Roadway,,30,E 6TH ST,2500,Dry,Stop Sign,Cloudy,"Worn, Damaged"
11630374,False,False,,Austin Police Department,True,,,10-2620907,False,No,0,0,1,1,0,Non-Incapacitating Injury,10:05:00,1,0,2010,Sunday,Pedalcyclist,,BRODIE LN,Intersection,30.1907948,Daylight,-97.84525244,One Motor Vehicle - Turning Right,,Not Applicable,,Not Applicable,False,NONE,,City Street,"Straight, Level",Main/Proper Lane,On Roadway,,30,SILK OAK DR,NO DATA,Dry,Signal Light,Cloudy,Not Worn