Crash ID,$1000 Damage to Any One Person's Property,Active School Zone Flag,Adjusted Average Daily Traffic Amount,Agency,At Intersection Flag,Average Daily Traffic Amount,Average Daily Traffic Year,Case ID,Construction Zone Flag,Construction Zone Workers Present Flag,Crash Death Count,Crash Incapacitating Injury Count,Crash Non-incapacitating Injury Count,Crash Not Injured Count,Crash Possible Injury Count,Crash Severity,Crash Time,Crash Total Injury Count,Crash Unknown Injury Count,Crash Year,Day of Week,First Harmful Event,Highway System,Intersecting Street Name,Intersection Related,Latitude,Light Condition,Longitude,Manner of Collision,Number of Lanes,Other Factor,Outside Shoulder Width on Divided Highway,Physical Feature 1,Private Drive Flag,Property Damages,Right of Way Usual Width,Road Class,Roadway Alignment,Roadway Part,Roadway Relation,Roadway Type,Speed Limit,Street Name,Street Number,Surface Condition,Traffic Control Type,Weather Condition,Person Helmet
11649355,False,False,,Austin Police Department,False,,,102651844,False,No,0,0,1,1,0,Non-Incapacitating Injury,20:32:00,1,0,2010,Wednesday,Pedalcyclist,,,Non Intersection,,"Dark, Lighted",,One Motor Vehicle - Going Straight,,Not Applicable,,In A Parking Lot,True,NONE,,Non Trafficway,"Straight, Level",Other (Explain In Narrative),Not Applicable,,0,HARDIN CT,NO DATA,Dry,None,Clear,Unknown If Worn
11649405,False,False,,Austin Police Department,False,,,10-2650904,False,No,0,0,0,1,1,Possible Injury,12:01:00,1,0,2010,Wednesday,Pedalcyclist,,,Non Intersection,,Daylight,,One Motor Vehicle - Going Straight,,Not Applicable,,In A Parking Lot,True,NONE,,Non Trafficway,"Straight, Level",Other (Explain In Narrative),Not Applicable,,25,N LAMAR BLVD,NO DATA,Dry,None,Cloudy,Not Worn
11649273,False,False,,Austin Police Department,False,,,10-2661030,False,No,0,0,2,0,0,Non-Incapacitating Injury,13:14:00,2,0,2010,Thursday,Pedalcyclist,,,Driveway Access,30.19637948,Daylight,-97.78826258,One Motor Vehicle - Going Straight,,One Vehicle Leaving Driveway,,Entrance To Or Exit From Private Property Or Driveway,False,NONE,,City Street,"Straight, Level",Other (Explain In Narrative),On Roadway,,0,S 1ST ST,6749,Dry,None,Cloudy,Not Worn
11662822,False,False,,Austin Police Department,False,,,10-2671275,False,No,0,0,1,1,0,Non-Incapacitating Injury,14:47:00,1,0,2010,Friday,Pedalcyclist,,,Non Intersection,,Daylight,,One Motor Vehicle - Going Straight,,Not Applicable,,In A Parking Lot,True,BICYLE,,Non Trafficway,Other (Explain In Narrative),Entrance/On Ramp,Not Applicable,,0,CAMINO LA COSTA,NO DATA,Dry,Stop Sign,Clear,Not Worn
11654412,False,False,,Austin Police Department,False,,,10-2690902,False,No,0,0,1,1,0,Non-Incapacitating Injury,10:20:00,1,0,2010,Sunday,Pedalcyclist,,,Driveway Access,,Daylight,,One Motor Vehicle - Going Straight,,One Vehicle Leaving Driveway,,In A Parking Lot,True,NONE,,Non Trafficway,"Straight, Level",Main/Proper Lane,Not Applicable,,30,BARTON SPRINGS RD,NO DATA,Dry,None,Cloudy,Not Worn
11654493,True,False,,Austin Police Department,False,,,10-2700536,False,No,0,0,1,2,0,Non-Incapacitating Injury,08:38:00,1,0,2010,Monday,Pedalcyclist,,,Non Intersection,30.2832242,Daylight,-97.7767753,One Motor Vehicle - Going Straight,,Not Applicable,,Not Applicable,False,NONE,,City Street,"Straight, Level",Main/Proper Lane,On Roadway,,35,EXPOSITION BLVD,702,Dry,Warning Sign,Cloudy,Not Worn
11654497,False,False,,Austin Police Department,True,,,10-2701863,False,No,0,0,0,5,0,Not Injured,20:38:00,0,0,2010,Monday,Pedalcyclist,,MANOR RD,Intersection,30.28378478,"Dark, Lighted",-97.72206247,One Motor Vehicle - Turning Right,,Not Applicable,,Not Applicable,False,NONE,,City Street,"Straight, Level",Main/Proper Lane,On Roadway,,0,CHICON ST,2299,Dry,Stop Sign,Clear,"Worn, Not Damaged"
11672507,False,False,,Austin Police Department,True,,,10-2701724,False,No,0,1,0,1,0,Incapacitating Injury,19:28:00,1,0,2010,Monday,Pedalcyclist,,CHATAM BERRY LN,Intersection,30.1578648,Dusk,-97.84361244,One Motor Vehicle - Turning Left,,Vision Obstructed By Headlight Or Sun Glare,,Not Applicable,False,NONE,,City Street,"Straight, Level",Main/Proper Lane,On Roadway,,30,MASON DELLS LN,2700,Dry,None,Clear,"Worn, Unk Damage"
11673861,False,False,,Austin Police Department,True,,,102711878,False,No,0,0,1,1,0,Non-Incapacitating Injury,21:14:00,1,0,2010,Tuesday,Pedalcyclist,,E 9TH ST,Intersection,30.26417478,"Dark, Not Lighted",-97.72136247,One Motor Vehicle - Turning Left,,Not Applicable,,Not Applicable,False,NONE,,City Street,"Straight, Level",Main/Proper Lane,On Roadway,,35,CHICON ST,899,Dry,None,Clear,Not Worn
11672303,False,False,,Austin Police Department,False,,,10-2721817,False,No,0,0,0,2,0,Not Injured,20:22:00,0,0,2010,Wednesday,Pedalcyclist,,,Non Intersection,30.25754477,"Dark, Lighted",-97.75055247,One Motor Vehicle - Going Straight,,Not Applicable,,Not Applicable,False,NONE,,City Street,"Curve, Hillcrest",Main/Proper Lane,On Roadway,,35,S 1ST ST,600,Dry,None,Clear,Not Worn
11672327,False,False,,Austin Police Department,False,,,102720399,False,No,0,0,0,1,1,Possible Injury,07:33:00,1,0,2010,Wednesday,Pedalcyclist,,,Driveway Access,30.31669352,Daylight,-97.69095326,One Motor Vehicle - Going Straight,,One Vehicle Leaving Driveway,,Entrance To Or Exit From Private Property Or Driveway,False,NONE,,City Street,"Straight, Level",Main/Proper Lane,On Roadway,,0,BERKMAN DR,6271,Dry,None,Clear,Unknown If Worn
11672556,False,False,148494,Austin Police Department,False,148494,2014,,False,No,0,0,0,1,1,Possible Injury,11:38:00,1,0,2010,Thursday,Pedalcyclist,Interstate,,Non Intersection,30.264138,Daylight,-97.73526419,One Motor Vehicle - Going Straight,6,Vehicle Changing Lanes,5,Not Applicable,False,NONE,300,Interstate,"Straight, Level",Service/Frontage Road,On Roadway,"4 Or More Lanes, Divided",0,IH0035,NO DATA,Dry,None,Clear,Not Worn
11690819,False,False,,Austin Police Department,True,,,10-2741932,False,No,0,0,1,1,0,Non-Incapacitating Injury,20:46:00,1,0,2010,Friday,Pedalcyclist,,COLEMAN ST,Intersection,30.23105479,"Dark, Not Lighted",-97.75934246,One Motor Vehicle - Turning Left,,Not Applicable,,Not Applicable,False,NONE,,City Street,"Straight, Level",Main/Proper Lane,On Roadway,,40,S CONGRESS AVE,3201,Dry,Bike Lane,Clear,"Worn, Not Damaged"
11673854,False,False,,Austin Police Department,False,,,102750145,False,No,0,0,1,1,0,Non-Incapacitating Injury,01:19:00,1,0,2010,Saturday,Pedalcyclist,,,Non Intersection,30.26584623,"Dark, Lighted",-97.73491641,One Motor Vehicle - Going Straight,,Not Applicable,,Not Applicable,False,NONE,,City Street,"Straight, Level",Main/Proper Lane,On Roadway,,0,E 6TH ST,NO DATA,Dry,Signal Light,Clear,Not Worn
11673911,True,False,,Austin Police Department,True,,,102761353,True,Yes,0,0,1,1,0,Non-Incapacitating Injury,15:52:00,1,0,2010,Sunday,Pedalcyclist,,UNKNOWN,Intersection,30.26394478,Daylight,-97.72612246,One Motor Vehicle - Going Straight,,Construction - Within Posted Road Construction Zone (Not Related To Crash),,Not Applicable,False,NONE,,City Street,"Straight, Level",Main/Proper Lane,On Roadway,,35,E 7TH ST,1600,Dry,Signal Light,Clear,Not Worn
11673913,False,False,,Austin Police Department,False,,,102771535,False,No,0,0,0,1,1,Possible Injury,18:45:00,1,0,2010,Monday,Pedalcyclist,,GUADALUPE ST,Intersection Related,30.26903047,Daylight,-97.74634663,One Motor Vehicle - Turning Left,,Not Applicable,,Not Applicable,False,NONE,,City Street,"Straight, Level",Main/Proper Lane,On Roadway,,35,W 6TH ST,405,Dry,Signal Light,Clear,Not Worn
11691039,False,False,,Austin Police Department,False,,,10-2780739,False,No,0,0,1,1,0,Non-Incapacitating Injury,10:36:00,1,0,2010,Tuesday,Pedalcyclist,,UNKNOWN,Intersection Related,30.21424985,Daylight,-97.79501365,One Motor Vehicle - Going Straight,,Not Applicable,,Not Applicable,False,NONE,,City Street,"Straight, Level",Main/Proper Lane,On Roadway,,30,KINGS HWY,5596,Dry,Stop Sign,Clear,"Worn, Unk Damage"
11691050,False,False,,Austin Police Department,False,,,10-2781382,False,No,0,0,1,1,0,Non-Incapacitating Injury,16:46:00,1,0,2010,Tuesday,Pedalcyclist,,WALLER ST,Intersection Related,30.2582568,Daylight,-97.73310223,One Motor Vehicle - Going Straight,,Not Applicable,,Not Applicable,False,NONE,,City Street,"Straight, Level",Main/Proper Lane,On Roadway,,0,CANTERBURY ST,1221,Dry,None,Clear,Not Worn
11863841,False,False,,Austin Police Department,True,,,102791486,False,No,0,0,0,4,0,Not Injured,17:54:00,0,0,2010,Wednesday,Pedalcyclist,,BRENTWOOD ST,Intersection,30.33610477,Daylight,-97.72578246,One Motor Vehicle - Going Straight,,Not Applicable,,Not Applicable,False,NONE,,City Street,"Straight, Level",Main/Proper Lane,On Roadway,,30,GROVER AVE,6599,Dry,Stop Sign,Clear,"Worn, Not Damaged"
11696593,False,False,,Austin Police Department,False,,,10-2801675,False,No,0,1,0,1,0,Incapacitating Injury,18:48:00,1,0,2010,Thursday,Pedalcyclist,,,Non Intersection,30.28143534,Daylight,-97.71089837,One Motor Vehicle - Going Straight,,Not Applicable,,Not Applicable,False,NONE,,City Street,"Straight, Level",Main/Proper Lane,On Roadway,,35,E MARTIN LUTHER KING JR BLVD,2836,Dry,None,Clear,Not Worn
11696597,False,False,,Austin Police Department,True,,,102801520,False,No,0,0,1,1,0,Non-Incapacitating Injury,17:38:00,1,0,2010,Thursday,Pedalcyclist,,W SLAUGHTER LN,Intersection,30.1834648,Daylight,-97.84984244,One Motor Vehicle - Going Straight,,Not Applicable,,Not Applicable,False,NONE,,City Street,"Straight, Level",Main/Proper Lane,On Roadway,,45,BRODIE LN,10001,Dry,Crosswalk,Clear,Not Worn
11672322,False,False,,Austin Police Department,True,,,10-2832128,False,No,0,0,1,1,0,Non-Incapacitating Injury,23:21:00,1,0,2010,Sunday,Pedalcyclist,,W 38TH ST,Intersection,30.30274477,"Dark, Lighted",-97.73815246,One Motor Vehicle - Turning Left,,Not Applicable,,Not Applicable,False,NONE,,City Street,"Straight, Level",Main/Proper Lane,On Roadway,,35,GUADALUPE ST,3801,Dry,Signal Light,Clear,Not Worn
11696304,False,False,,Austin Police Department,False,,,10-2831723,False,No,0,0,0,3,1,Possible Injury,19:40:00,1,0,2010,Sunday,Pedalcyclist,,,Non Intersection,30.27172222,"Dark, Lighted",-97.75391173,One Motor Vehicle - Going Straight,,Not Applicable,,Not Applicable,False,NONE,,Interstate,"Straight, Level",Main/Proper Lane,On Roadway,,35,N LAMAR BLVD,601,Dry,None,Clear,Not Worn
11691086,False,False,148494,Austin Police Department,False,148494,2014,102850446,False,No,0,0,0,1,1,Possible Injury,08:02:00,1,0,2010,Tuesday,Pedalcyclist,Interstate,E 6TH ST,Intersection Related,30.26577147,Daylight,-97.73464386,One Motor Vehicle - Turning Right,6,Not Applicable,5,Not Applicable,False,NONE,300,Interstate,"Straight, Level",Service/Frontage Road,On Roadway,"4 Or More Lanes, Divided",30,IH0035,NO DATA,Dry,Signal Light,Clear,Not Worn
11691640,True,False,,Austin Police Department,True,,,10-2850959,False,No,0,0,0,1,1,Possible Injury,12:47:00,1,0,2010,Tuesday,Pedalcyclist,,E 34TH ST,Intersection,30.29653477,Daylight,-97.73117246,One Motor Vehicle - Turning Left,,Not Applicable,,Not Applicable,False,NONE,,City Street,"Straight, Level",Main/Proper Lane,On Roadway,,35,DUVAL ST,3409,Dry,None,Clear,Not Worn
11696395,False,False,,Austin Police Department,True,,,102870121,False,No,0,0,1,0,0,Non-Incapacitating Injury,01:08:00,1,3,2010,Thursday,Pedalcyclist,,E 3RD ST,Intersection,30.26526478,Unknown,-97.74385246,One Motor Vehicle - Turning Left,,Not Applicable,,Not Applicable,False,NONE,,City Street,"Straight, Level",Main/Proper Lane,On Roadway,,30,CONGRESS AVE,299,Dry,Signal Light,Clear,Not Worn
11858947,False,False,,Austin Police Department,True,,,102871814,False,No,0,0,0,0,1,Possible Injury,19:16:00,1,1,2010,Thursday,Pedalcyclist,,W RIVERSIDE DR,Intersection,30.26028478,Dusk,-97.74963246,One Motor Vehicle - Turning Left,,Not Applicable,,Not Applicable,False,NONE,,City Street,"Straight, Level",Main/Proper Lane,On Roadway,,35,S 1ST ST,NO DATA,Dry,Signal Light,Clear,Not Worn
11691623,True,False,,Austin Police Department,False,,,10-2881809,False,No,0,0,1,2,0,Non-Incapacitating Injury,18:35:00,1,0,2010,Friday,Pedalcyclist,,,Non Intersection,30.24496072,Daylight,-97.71564305,One Motor Vehicle - Going Straight,,Not Applicable,,Not Applicable,False,NONE,,City Street,"Straight, Level",Main/Proper Lane,On Roadway,,45,S PLEASANT VALLEY RD,667,Dry,Marked Lanes,Clear,Not Worn
11696252,True,False,,Austin Police Department,True,,,10-2890824,False,No,0,0,0,1,1,Possible Injury,10:01:00,1,0,2010,Saturday,Pedalcyclist,,TAYLOR DRAPER LN,Intersection,30.41001475,Daylight,-97.74757246,One Motor Vehicle - Turning Left,,Not Applicable,,Not Applicable,False,NONE,,City Street,"Straight, Level",Main/Proper Lane,On Roadway,,0,JOLLYVILLE RD,11223,Dry,Bike Lane,Clear,"Worn, Not Damaged"
12118047,False,False,,Austin Police Department,False,,,10-2910485,False,No,0,0,1,1,0,Non-Incapacitating Injury,08:37:00,1,0,2010,Monday,Pedalcyclist,,,Driveway Access,30.31800116,Daylight,-97.72822487,One Motor Vehicle - Turning Left,,One Vehicle Entering Driveway,,Entrance To Or Exit From Private Property Or Driveway,False,NONE,,City Street,"Straight, Level",Main/Proper Lane,On Roadway,,30,GUADALUPE ST,5144,Dry,Marked Lanes,Clear,Not Worn
11696205,True,False,,Austin Police Department,True,,,102921768,False,No,0,0,1,1,0,Non-Incapacitating Injury,19:28:00,1,0,2010,Tuesday,Pedalcyclist,,DEER LN,Intersection Related,30.1943148,"Dark, Lighted",-97.84302244,One Motor Vehicle - Turning Right,,Not Applicable,,Not Applicable,False,NONE,,City Street,"Straight, Level",Main/Proper Lane,On Roadway,,40,BRODIE LN,NO DATA,Dry,Signal Light,Clear,"Worn, Not Damaged"
11696260,False,False,,Austin Police Department,False,,,10-2930475,False,No,0,1,0,4,0,Incapacitating Injury,07:55:00,1,0,2010,Wednesday,Pedalcyclist,,,Non Intersection,30.35273517,Daylight,-97.73290795,One Motor Vehicle - Going Straight,,Not Applicable,,Not Applicable,False,NONE,,City Street,"Straight, Level",Main/Proper Lane,On Roadway,,40,BURNET RD,7636,Dry,Marked Lanes,Clear,Not Worn
11696443,False,False,,Austin Police Department,True,,,102971535,False,No,0,0,1,1,0,Non-Incapacitating Injury,17:58:00,1,0,2010,Sunday,Pedalcyclist,,SAN JACINTO BLVD,Intersection Related,30.26925478,Daylight,-97.73972246,One Motor Vehicle - Turning Right,,Not Applicable,,Not Applicable,False,NONE,,City Street,"Straight, Grade",Main/Proper Lane,On Roadway,,30,E 8TH ST,298,Dry,Signal Light,Clear,Not Worn
11696531,False,False,148494,Austin Police Department,False,148494,2014,10-297-2026,False,No,0,0,1,0,0,Non-Incapacitating Injury,22:13:00,1,2,2010,Sunday,Pedalcyclist,Interstate,,Non Intersection,30.26572009,"Dark, Not Lighted",-97.73466188,One Motor Vehicle - Going Straight,6,Not Applicable,5,Not Applicable,False,NONE,300,Interstate,"Straight, Level",Service/Frontage Road,On Roadway,"4 Or More Lanes, Divided",50,IH0035,NO DATA,Dry,Marked Lanes,Clear,Not Worn
11713292,False,False,,Austin Police Department,False,,,2010-2970631,False,No,0,1,0,0,0,Incapacitating Injury,06:21:00,1,1,2010,Sunday,Pedalcyclist,,,Non Intersection,30.30208419,"Dark, Lighted",-97.69671735,One Motor Vehicle - Going Straight,,Not Applicable,,Not Applicable,False,NONE,,City Street,"Curve, Level",Main/Proper Lane,On Roadway,,45,E 51ST ST,1836,Dry,None,Clear,Not Worn
11799204,False,False,148494,Austin Police Department,False,148494,2014,10-297-2026,False,No,0,0,1,0,0,Non-Incapacitating Injury,22:13:00,1,2,2010,Sunday,Pedalcyclist,Interstate,,Non Intersection,30.26572009,"Dark, Not Lighted",-97.73466188,One Motor Vehicle - Going Straight,6,Not Applicable,5,Not Applicable,False,NONE,300,Interstate,"Straight, Level",Service/Frontage Road,On Roadway,"4 Or More Lanes, Divided",50,IH0035,NO DATA,Dry,Marked Lanes,Clear,Not Worn
11696416,False,False,,Austin Police Department,True,,,102981452,False,No,0,0,1,1,0,Non-Incapacitating Injury,17:53:00,1,0,2010,Monday,Pedalcyclist,,PARK PL,Intersection,30.28922477,Daylight,-97.73275246,One Motor Vehicle - Turning Right,,Not Applicable,,Not Applicable,False,BICYCLE,,City Street,"Straight, Hillcrest",Main/Proper Lane,On Roadway,,30,E DEAN KEETON ST,NO DATA,Dry,Marked Lanes,Clear,"Worn, Damaged"
11712495,False,False,,Austin Police Department,False,,,10-3000347,False,No,0,0,1,2,0,Non-Incapacitating Injury,00:40:00,1,0,2010,Wednesday,Pedalcyclist,,,Driveway Access,30.2204751,Unknown,-97.76544647,One Motor Vehicle - Turning Left,,One Vehicle Entering Driveway,,Entrance To Or Exit From Private Property Or Driveway,False,NONE,,City Street,"Straight, Level",Main/Proper Lane,On Roadway,,45,S CONGRESS AVE,4223,Dry,Center Stripe/Divider,Clear,Not Worn
11713342,False,False,,Austin Police Department,False,,,10-3011674,False,No,0,0,1,1,0,Non-Incapacitating Injury,18:04:00,1,0,2010,Thursday,Pedalcyclist,,,Driveway Access,30.29786997,Daylight,-97.74123552,One Motor Vehicle - Turning Right,,One Vehicle Entering Driveway,,Entrance To Or Exit From Private Property Or Driveway,False,NONE,,City Street,"Straight, Level",Main/Proper Lane,On Roadway,,30,GUADALUPE ST,3099,Dry,None,Clear,Not Worn
11712848,False,False,30932,Austin Police Department,False,30932,2014,,False,No,0,0,1,1,0,Non-Incapacitating Injury,07:29:00,1,0,2010,Friday,Pedalcyclist,State Loop,,Non Intersection,30.35083993,Dawn,-97.70915299,One Motor Vehicle - Going Straight,4,Not Applicable,10,Not Applicable,False,"BICYCLE, 26"", MOUNTAIN",125,US & State Highways,"Straight, Level",Main/Proper Lane,On Roadway,"4 Or More Lanes, Divided",45,SL0275,8200,Dry,Marked Lanes,Clear,Not Worn
11712850,False,False,,Austin Police Department,False,,,10-3031585,False,No,0,0,1,1,0,Non-Incapacitating Injury,17:04:00,1,0,2010,Saturday,Pedalcyclist,,UNKNOWN,Intersection Related,30.26596478,Daylight,-97.76896246,One Motor Vehicle - Turning Right,,Not Applicable,,Not Applicable,False,NONE,,City Street,"Straight, Level",Entrance/On Ramp,On Roadway,,15,WILLIAM BARTON DR,NO DATA,Dry,Crosswalk,Clear,Not Worn
11713423,False,False,25507,Austin Police Department,False,25507,2014,10-3031630,False,No,0,0,1,1,0,Non-Incapacitating Injury,17:33:00,1,0,2010,Saturday,Pedalcyclist,Farm To Market,,Driveway Access,30.16430919,Daylight,-97.82986854,One Motor Vehicle - Turning Right,4,One Vehicle Leaving Driveway,10,Entrance To Or Exit From Private Property Or Driveway,False,NONE,100,Farm To Market,"Straight, Grade",Other (Explain In Narrative),Shoulder,"4 Or More Lanes, Undivided",45,FM2304,10628,Dry,None,Clear,Not Worn
11713467,False,False,,Austin Police Department,True,,,10-3030840,False,No,0,0,0,1,1,Possible Injury,08:35:00,1,0,2010,Saturday,Pedalcyclist,,DUVAL RD,Intersection,30.41724475,Daylight,-97.75004245,One Motor Vehicle - Turning Left,,Not Applicable,,Not Applicable,False,NONE,,City Street,"Straight, Level",Main/Proper Lane,On Roadway,,45,JOLLYVILLE RD,11615,Dry,Signal Light,Clear,"Worn, Not Damaged"
11712348,False,False,,Austin Police Department,False,,,10-3070747,False,No,0,0,1,1,0,Non-Incapacitating Injury,11:49:00,1,0,2010,Wednesday,Pedalcyclist,,UNKNOWN,Intersection Related,30.32592361,Daylight,-97.72634516,One Motor Vehicle - Turning Left,,Not Applicable,,Not Applicable,False,NONE,,City Street,"Straight, Level",Main/Proper Lane,On Roadway,,40,N LAMAR BLVD,NO DATA,Dry,Signal Light,Cloudy,Unknown If Worn
11738144,True,False,,Austin Police Department,False,,,10-3071395,False,No,0,0,0,1,0,Not Injured,18:06:00,0,1,2010,Wednesday,Pedalcyclist,,,Non Intersection,,Daylight,,One Motor Vehicle - Turning Right,,Not Applicable,,In A Parking Lot,True,NONE,,Non Trafficway,"Curve, Level",Other (Explain In Narrative),Not Applicable,,30,DUVAL RD,NO DATA,Dry,None,Cloudy,Not Worn
11738556,True,False,34215,Austin Police Department,False,34215,2014,10-3151376,False,No,0,0,1,3,0,Non-Incapacitating Injury,16:14:00,1,0,2010,Thursday,Pedalcyclist,State Loop,,Driveway Access,30.24683993,Daylight,-97.77745735,One Motor Vehicle - Turning Left,4,One Vehicle Entering Driveway,0,Entrance To Or Exit From Private Property Or Driveway,False,NONE,80,US & State Highways,"Straight, Grade",Main/Proper Lane,On Roadway,"4 Or More Lanes, Undivided",45,SL0343,2445,Dry,None,Clear,Not Worn
11763577,False,False,,Austin Police Department,False,,,103180879,False,No,0,0,1,1,0,Non-Incapacitating Injury,10:26:00,1,0,2010,Sunday,Pedalcyclist,,MANCHACA RD,Intersection Related,30.17363507,Daylight,-97.82379977,One Motor Vehicle - Turning Right,,Not Applicable,,Not Applicable,False,NONE,,City Street,"Straight, Level",Main/Proper Lane,On Roadway,,45,W SLAUGHTER LN,1998,Dry,Crosswalk,Clear,Not Worn
11799239,True,False,118604,Austin Police Department,True,118604,2014,103180870,False,No,0,0,1,1,0,Non-Incapacitating Injury,10:18:00,1,0,2010,Sunday,Pedalcyclist,State Loop,RM2244,Intersection,30.26428944,Daylight,-97.78689183,One Motor Vehicle - Turning Left,7,Not Applicable,6,Not Applicable,False,NONE,300,US & State Highways,"Straight, Hillcrest",Service/Frontage Road,On Roadway,"4 Or More Lanes, Divided",0,SL0001,NO DATA,Dry,None,Clear,Unknown If Worn
11763525,False,False,,Austin Police Department,True,,,103201703,False,No,0,0,1,1,0,Non-Incapacitating Injury,19:41:00,1,0,2010,Tuesday,Pedalcyclist,,S 1ST ST,Intersection Related,30.1724048,"Dark, Lighted",-97.79957245,One Motor Vehicle - Turning Left,,Not Applicable,,Not Applicable,False,NONE,,City Street,"Straight, Grade",Main/Proper Lane,On Roadway,,45,W SLAUGHTER LN,NO DATA,Dry,Signal Light,Clear,Not Worn
11764513,False,False,,Austin Police Department,True,,,103201090,False,No,0,0,1,1,0,Non-Incapacitating Injury,14:40:00,1,0,2010,Tuesday,Pedalcyclist,,UNKNOWN,Intersection,30.27996722,Daylight,-97.73573081,One Motor Vehicle - Turning Right,,Not Applicable,,Not Applicable,False,NONE,,City Street,"Straight, Level",Main/Proper Lane,On Roadway,,40,E MARTIN LUTHER KING JR BLVD,297,Dry,Signal Light,Clear,Not Worn
11763435,True,False,,Austin Police Department,False,,,103221095,False,No,0,1,0,1,0,Incapacitating Injury,13:55:00,1,0,2010,Thursday,Pedalcyclist,,IH0035,Intersection Related,30.26195571,Daylight,-97.7355559,One Motor Vehicle - Turning Right,,Not Applicable,,Not Applicable,False,NONE,,City Street,"Straight, Level",Main/Proper Lane,On Roadway,,30,E 2ND ST,806,Dry,Stop Sign,Clear,Not Worn
11763616,False,False,,Austin Police Department,True,,,103221291,False,No,0,0,1,1,0,Non-Incapacitating Injury,15:40:00,1,0,2010,Thursday,Pedalcyclist,,E 45TH ST,Intersection,30.30817477,Daylight,-97.72745247,One Motor Vehicle - Turning Left,,Not Applicable,,Not Applicable,False,BICYCLE/UNIT 2,,City Street,"Straight, Level",Main/Proper Lane,On Roadway,,35,AVENUE F,4501,Dry,Stop Sign,Clear,Not Worn
11763363,True,False,50813,Austin Police Department,True,50813,2014,10-3232104,False,No,0,0,1,1,0,Non-Incapacitating Injury,21:39:00,1,0,2010,Friday,Pedalcyclist,Farm To Market,WILLOW WILD DR,Intersection,30.41059462,"Dark, Lighted",-97.68506547,One Motor Vehicle - Going Straight,6,Not Applicable,10,Not Applicable,False,NONE,150,Farm To Market,"Straight, Level",Main/Proper Lane,On Roadway,"4 Or More Lanes, Divided",50,FM0734,1450,Dry,Stop Sign,Clear,Not Worn
11763459,False,False,,Austin Police Department,True,,,10-3231592,False,No,0,0,1,1,0,Non-Incapacitating Injury,17:39:00,1,0,2010,Friday,Pedalcyclist,,CONGRESS AVE,Intersection,30.28063478,Daylight,-97.73808246,One Motor Vehicle - Turning Right,,Not Applicable,,Not Applicable,False,NONE,,City Street,"Straight, Level",Main/Proper Lane,On Roadway,,35,W MARTIN LUTHER KING JR BLVD,NO DATA,Dry,Signal Light,Clear,"Worn, Not Damaged"
11763369,False,False,,Austin Police Department,False,,,103241358,False,No,0,0,1,1,0,Non-Incapacitating Injury,15:32:00,1,0,2010,Saturday,Pedalcyclist,,,Non Intersection,30.24693163,Daylight,-97.7506474,One Motor Vehicle - Backing,,One Vehicle Backward From Parking,,Parking Area Within Right Of Way,False,NONE,,City Street,"Straight, Level",Main/Proper Lane,On Roadway,,0,CONGRESS AVE S,1710,Dry,None,Clear,Not Worn
11763477,False,False,,Austin Police Department,True,,,10-3251187,False,No,0,0,1,2,0,Non-Incapacitating Injury,13:17:00,1,0,2010,Sunday,Pedalcyclist,,SPEEDWAY,Intersection,30.28948477,Daylight,-97.73678246,One Motor Vehicle - Going Straight,,Not Applicable,,Not Applicable,False,NONE,,City Street,"Straight, Grade",Main/Proper Lane,On Roadway,,30,W DEAN KEETON ST,200,Dry,Signal Light,Clear,Not Worn
11793325,False,False,,Austin Police Department,True,,,103281980,False,No,0,0,1,2,0,Non-Incapacitating Injury,21:22:00,1,0,2010,Wednesday,Pedalcyclist,,GONZALES ST,Intersection,30.25721478,"Dark, Lighted",-97.70091247,One Motor Vehicle - Turning Left,,Not Applicable,,Not Applicable,False,NONE,,City Street,"Straight, Level",Main/Proper Lane,On Roadway,,30,SPRINGDALE RD,725,Dry,Center Stripe/Divider,Clear,Unknown If Worn
11793354,False,False,,Austin Police Department,True,,,10-3311255,False,No,0,0,0,2,1,Possible Injury,16:44:00,1,0,2010,Saturday,Pedalcyclist,,UNKNOWN,Intersection,30.38872863,Daylight,-97.71036699,One Motor Vehicle - Going Straight,,Not Applicable,,Not Applicable,False,NONE,,City Street,"Straight, Level",Main/Proper Lane,On Roadway,,45,KRAMER LN,2007,Dry,Signal Light,Clear,Not Worn
11794532,False,False,,Austin Police Department,False,,,103331114,False,No,0,0,1,1,0,Non-Incapacitating Injury,15:02:00,1,0,2010,Monday,Pedalcyclist,,,Driveway Access,30.4025225,Daylight,-97.70141117,One Motor Vehicle - Turning Right,,One Vehicle Entering Driveway,,Entrance To Or Exit From Private Property Or Driveway,False,NONE,,City Street,"Straight, Level",Main/Proper Lane,On Roadway,,0,METRIC BLVD,NO DATA,Dry,Marked Lanes,Clear,Unknown If Worn
11793492,False,False,,Austin Police Department,False,,,103361072,False,No,0,0,0,1,1,Possible Injury,13:44:00,1,0,2010,Thursday,Pedalcyclist,State Loop,,Non Intersection,,Daylight,,One Motor Vehicle - Turning Right,,Not Applicable,,In A Parking Lot,True,NONE,,Non Trafficway,"Straight, Level",Main/Proper Lane,Not Applicable,,40,SL0343,NO DATA,Dry,None,Clear,Not Worn
11794546,False,False,,Austin Police Department,False,,,103361516,False,No,0,0,0,1,1,Possible Injury,17:35:00,1,0,2010,Thursday,Pedalcyclist,US Highway,,Driveway Access,,Daylight,,One Motor Vehicle - Going Straight,,One Vehicle Leaving Driveway,,Entrance To Or Exit From Private Property Or Driveway,False,NONE,,US & State Highways,"Straight, Level",Service/Frontage Road,On Roadway,,0,US0183,NO DATA,Dry,Stop Sign,Clear,"Worn, Not Damaged"