Crash ID,$1000 Damage to Any One Person's Property,Active School Zone Flag,Adjusted Average Daily Traffic Amount,Agency,At Intersection Flag,Average Daily Traffic Amount,Average Daily Traffic Year,Case ID,Construction Zone Flag,Construction Zone Workers Present Flag,Crash Death Count,Crash Incapacitating Injury Count,Crash Non-incapacitating Injury Count,Crash Not Injured Count,Crash Possible Injury Count,Crash Severity,Crash Time,Crash Total Injury Count,Crash Unknown Injury Count,Crash Year,Day of Week,First Harmful Event,Highway System,Intersecting Street Name,Intersection Related,Latitude,Light Condition,Longitude,Manner of Collision,Number of Lanes,Other Factor,Outside Shoulder Width on Divided Highway,Physical Feature 1,Private Drive Flag,Property Damages,Right of Way Usual Width,Road Class,Roadway Alignment,Roadway Part,Roadway Relation,Roadway Type,Speed Limit,Street Name,Street Number,Surface Condition,Traffic Control Type,Weather Condition,Person Helmet
11794988,True,False,,Austin Police Department,False,,,10-3381676,False,No,0,1,0,0,0,Incapacitating Injury,17:45:00,1,1,2010,Saturday,Pedalcyclist,,,Non Intersection,30.19618626,Daylight,-97.73700943,One Motor Vehicle - Going Straight,,Not Applicable,,Not Applicable,False,NONE,,City Street,"Straight, Level",Main/Proper Lane,On Roadway,,40,NUCKOLS CROSSING RD,4918,Dry,None,Clear,Not Worn
11794995,True,False,,Austin Police Department,False,,,103380520,False,No,0,0,1,0,0,Non-Incapacitating Injury,04:17:00,1,1,2010,Saturday,Pedalcyclist,,,Non Intersection,30.25519968,"Dark, Lighted",-97.75196586,One Motor Vehicle - Going Straight,,Not Applicable,,Not Applicable,False,NONE,,City Street,"Straight, Grade",Main/Proper Lane,On Roadway,,35,S 1ST ST,799,Dry,Marked Lanes,Clear,Unknown If Worn
11794520,False,False,,Austin Police Department,True,,,103391482,False,No,0,0,0,2,1,Possible Injury,19:10:00,1,0,2010,Sunday,Pedalcyclist,,PEARL ST,Intersection,30.28320478,"Dark, Lighted",-97.74715246,One Motor Vehicle - Going Straight,,Not Applicable,,Not Applicable,False,NONE,,City Street,"Straight, Grade",Main/Proper Lane,On Roadway,,35,MARTIN LUTHER KING BLVD W,900,Dry,Marked Lanes,Clear,Not Worn
11896281,True,False,,Austin Police Department,True,,,10-3461377,False,No,0,0,0,2,0,Not Injured,17:42:00,0,0,2010,Sunday,Pedalcyclist,,RUTLAND DR,Intersection Related,30.36924476,"Dark, Lighted",-97.70549247,One Motor Vehicle - Turning Left,,Not Applicable,,Not Applicable,False,BICYCLE,,City Street,"Straight, Level",Main/Proper Lane,On Roadway,,35,PARKFIELD DR,9499,Dry,None,Clear,Unknown If Worn
11829738,True,False,,Austin Police Department,True,,,10-3491647,False,No,0,0,1,1,0,Non-Incapacitating Injury,16:51:00,1,0,2010,Wednesday,Pedalcyclist,,E 5TH ST,Intersection,30.25520478,Daylight,-97.70713247,One Motor Vehicle - Going Straight,,Not Applicable,,Not Applicable,False,NONE,,City Street,"Straight, Level",Main/Proper Lane,On Roadway,,30,TILLERY ST,499,Dry,Stop Sign,Clear,Not Worn
11829750,False,False,,Austin Police Department,False,,,103500984,False,No,0,0,1,0,0,Non-Incapacitating Injury,12:05:00,1,1,2010,Thursday,Pedalcyclist,,,Non Intersection,30.2752542,Daylight,-97.74632069,One Motor Vehicle - Going Straight,,Not Applicable,,Not Applicable,False,NONE,,City Street,"Straight, Level",Main/Proper Lane,On Roadway,,30,NUECES ST,1187,Dry,Center Stripe/Divider,Clear,Not Worn
11827885,False,False,,Austin Police Department,False,,,10-3511394,False,No,0,0,1,1,0,Non-Incapacitating Injury,15:41:00,1,0,2010,Friday,Pedalcyclist,,E 5TH ST,Intersection Related,30.26634168,Daylight,-97.74075498,One Motor Vehicle - Turning Right,,Not Applicable,,Parking Area Within Right Of Way,False,NONE,,City Street,"Straight, Level",Main/Proper Lane,On Roadway,,30,SAN JACINTO BLVD,490,Dry,Marked Lanes,Clear,"Worn, Unk Damage"
11828164,True,False,,Austin Police Department,False,,,10-3510191,False,No,0,1,0,1,0,Incapacitating Injury,02:17:00,1,0,2010,Friday,Pedalcyclist,,,Non Intersection,30.21798404,"Dark, Unknown Lighting",-97.77483128,One Motor Vehicle - Going Straight,,Not Applicable,,Not Applicable,False,NONE,,City Street,"Straight, Grade",Main/Proper Lane,On Roadway,,40,S 1ST ST,4534,Dry,Marked Lanes,Clear,Unknown If Worn
11896293,True,False,15262,Austin Police Department,True,15262,2014,10-3510569,False,No,0,0,2,1,0,Non-Incapacitating Injury,09:00:00,2,0,2010,Friday,Pedalcyclist,Farm To Market,US0183,Intersection Related,30.28640021,Daylight,-97.67727652,One Motor Vehicle - Going Straight,4,Not Applicable,0,Not Applicable,False,NONE,100,Farm To Market,"Straight, Level",Main/Proper Lane,On Roadway,"4 Or More Lanes, Undivided",55,FM0969,4601,Dry,Stop Sign,Clear,Not Worn
11896293,True,False,15262,Austin Police Department,True,15262,2014,10-3510569,False,No,0,0,2,1,0,Non-Incapacitating Injury,09:00:00,2,0,2010,Friday,Pedalcyclist,Farm To Market,US0183,Intersection Related,30.28640021,Daylight,-97.67727652,One Motor Vehicle - Going Straight,4,Not Applicable,0,Not Applicable,False,NONE,100,Farm To Market,"Straight, Level",Main/Proper Lane,On Roadway,"4 Or More Lanes, Undivided",55,FM0969,4601,Dry,Stop Sign,Clear,Not Worn
11846475,True,False,,Austin Police Department,True,,,103530672,False,No,0,0,0,1,1,Possible Injury,08:54:00,1,0,2010,Sunday,Pedalcyclist,,FM2222,Intersection Related,,Daylight,,One Motor Vehicle - Going Straight,,Not Applicable,,Not Applicable,False,NONE,,Farm To Market,"Straight, Level",Main/Proper Lane,On Roadway,,55,FM0620,NO DATA,Dry,Flagman,Clear,"Worn, Not Damaged"
11827915,False,False,,Austin Police Department,False,,,10-3580303,False,No,0,0,0,1,2,Possible Injury,03:00:00,2,1,2010,Friday,Pedalcyclist,,SAN JACINTO BLVD,Intersection Related,30.26643353,"Dark, Lighted",-97.74075254,One Motor Vehicle - Turning Right,,Not Applicable,,Not Applicable,False,NONE,,City Street,"Straight, Level",Main/Proper Lane,On Roadway,,35,E 5TH ST,295,Wet,Signal Light With Red Light Running Camera,Rain,Not Worn
11827915,False,False,,Austin Police Department,False,,,10-3580303,False,No,0,0,0,1,2,Possible Injury,03:00:00,2,1,2010,Friday,Pedalcyclist,,SAN JACINTO BLVD,Intersection Related,30.26643353,"Dark, Lighted",-97.74075254,One Motor Vehicle - Turning Right,,Not Applicable,,Not Applicable,False,NONE,,City Street,"Straight, Level",Main/Proper Lane,On Roadway,,35,E 5TH ST,295,Wet,Signal Light With Red Light Running Camera,Rain,Not Worn
11827915,False,False,,Austin Police Department,False,,,10-3580303,False,No,0,0,0,1,2,Possible Injury,03:00:00,2,1,2010,Friday,Pedalcyclist,,SAN JACINTO BLVD,Intersection Related,30.26643353,"Dark, Lighted",-97.74075254,One Motor Vehicle - Turning Right,,Not Applicable,,Not Applicable,False,NONE,,City Street,"Straight, Level",Main/Proper Lane,On Roadway,,35,E 5TH ST,295,Wet,Signal Light With Red Light Running Camera,Rain,Not Worn
11847534,False,False,,Austin Police Department,False,,,10-3590840,False,No,0,0,1,1,0,Non-Incapacitating Injury,13:58:00,1,0,2010,Saturday,Pedalcyclist,,,Non Intersection,30.36514545,Daylight,-97.71634384,One Motor Vehicle - Going Straight,,Not Applicable,,Not Applicable,False,NONE,,City Street,"Straight, Level",Main/Proper Lane,On Roadway,,35,PAYTON GIN RD,1752,Dry,None,Clear,Not Worn
11827924,False,False,,Austin Police Department,True,,,103601310,False,No,0,0,1,3,0,Non-Incapacitating Injury,20:38:00,1,0,2010,Sunday,Pedalcyclist,,EL PASO ST,Intersection,30.23670479,"Dark, Lighted",-97.76305246,One Motor Vehicle - Turning Left,,Not Applicable,,Not Applicable,False,BICYCLE,,City Street,"Straight, Level",Main/Proper Lane,On Roadway,,35,S 1ST ST,2813,Dry,None,Clear,Not Worn
11827938,False,False,,Austin Police Department,False,,,103600953,False,No,0,1,0,1,0,Incapacitating Injury,16:39:00,1,0,2010,Monday,Pedalcyclist,,S PLEASANT VALLEY RD,Intersection Related,30.1797418,Daylight,-97.74720289,One Motor Vehicle - Turning Right,,Not Applicable,,Not Applicable,False,NONE,,City Street,"Straight, Level",Main/Proper Lane,On Roadway,,35,E WILLIAM CANNON DR,NO DATA,Dry,Yield Sign,Clear,Not Worn
11846327,False,False,,Austin Police Department,False,,,103640946,False,No,0,0,0,1,1,Possible Injury,12:19:00,1,0,2010,Thursday,Pedalcyclist,,,Driveway Access,30.20865944,Daylight,-97.78135073,One Motor Vehicle - Turning Left,,One Vehicle Entering Driveway,,Entrance To Or Exit From Private Property Or Driveway,False,NONE,,City Street,"Straight, Level",Main/Proper Lane,On Roadway,,35,S 1ST ST,5590,Dry,Center Stripe/Divider,Clear,"Worn, Unk Damage"
11846282,True,False,,Austin Police Department,False,,,103651189,False,No,0,0,1,2,0,Non-Incapacitating Injury,14:12:00,1,0,2010,Friday,Pedalcyclist,,UNKNOWN,Intersection Related,30.42460203,Daylight,-97.7136033,One Motor Vehicle - Going Straight,,Not Applicable,,Not Applicable,False,NONE,,City Street,"Straight, Level",Main/Proper Lane,On Roadway,,35,AMHERST DR,12596,Dry,Signal Light,Clear,"Worn, Damaged"
11860755,False,False,,Austin Police Department,True,,,11-0040416,False,No,0,0,0,1,1,Possible Injury,07:20:00,1,0,2011,Tuesday,Pedalcyclist,,GOBI DR,Intersection Related,30.21149479,Daylight,-97.78935245,One Motor Vehicle - Going Straight,,Not Applicable,,Not Applicable,False,NONE,,County Road,"Straight, Level",Main/Proper Lane,On Roadway,,0,W STASSNEY LN,NO DATA,Dry,Stop Sign,Cloudy,Not Worn
11861027,False,False,,Austin Police Department,False,,,110060499,False,No,0,0,1,1,0,Non-Incapacitating Injury,08:37:00,1,0,2011,Thursday,Pedalcyclist,,,Driveway Access,30.26581182,Daylight,-97.74226238,One Motor Vehicle - Turning Left,,One Vehicle Entering Driveway,,Entrance To Or Exit From Private Property Or Driveway,False,NONE,,City Street,"Straight, Level",Main/Proper Lane,On Roadway,,30,E 4TH ST,191,Dry,Stop Sign,Clear,"Worn, Damaged"
11866199,False,False,,Austin Police Department,True,,,11-0111361,False,No,0,0,1,0,0,Non-Incapacitating Injury,17:40:00,1,1,2011,Tuesday,Pedalcyclist,,BANTON RD,Intersection,30.28601477,Daylight,-97.70799247,One Motor Vehicle - Turning Left,,Not Applicable,,Not Applicable,False,NONE,,City Street,"Straight, Grade",Main/Proper Lane,On Roadway,,35,MANOR RD,2959,Dry,Bike Lane,Clear,Unknown If Worn
11883785,False,False,,Austin Police Department,True,,,11-0191952,False,No,0,0,1,1,0,Non-Incapacitating Injury,21:40:00,1,0,2011,Wednesday,Pedalcyclist,,E 45TH ST,Intersection Related,30.30480477,"Dark, Lighted",-97.71960247,One Motor Vehicle - Turning Right,,Not Applicable,,Not Applicable,False,NONE,,City Street,"Straight, Level",Main/Proper Lane,On Roadway,,30,RED RIVER ST,4501,Dry,Signal Light,Clear,Not Worn
11883966,False,False,179906,Austin Police Department,True,179906,2014,11-0191642,False,No,0,0,0,1,1,Possible Injury,18:43:00,1,0,2011,Wednesday,Pedalcyclist,Interstate,SS0069,Intersection,30.32212067,"Dark, Lighted",-97.70681763,One Motor Vehicle - Going Straight,8,Not Applicable,10,Not Applicable,False,NONE,300,Interstate,"Straight, Level",Service/Frontage Road,On Roadway,"4 Or More Lanes, Divided",45,IH0035,NO DATA,Dry,Signal Light,Clear,"Worn, Unk Damage"
11884003,False,False,,Austin Police Department,False,,,110221267,False,No,0,0,0,1,1,Possible Injury,14:53:00,1,0,2011,Saturday,Pedalcyclist,,,Non Intersection,,Daylight,,One Motor Vehicle - Going Straight,,Not Applicable,,Private Drive Or Road,True,NONE,,Non Trafficway,"Straight, Level",Other (Explain In Narrative),Not Applicable,,0,S 1ST ST,NO DATA,Dry,None,Clear,Not Worn
11884037,True,False,,Austin Police Department,True,,,110250542,False,No,0,0,0,1,1,Possible Injury,08:55:00,1,0,2011,Tuesday,Pedalcyclist,,BENNETT AVE,Intersection,30.31118477,Daylight,-97.71338247,One Motor Vehicle - Going Straight,,Not Applicable,,Not Applicable,False,NONE,,City Street,"Straight, Level",Main/Proper Lane,On Roadway,,30,E 51ST ST,924,Dry,Stop Sign,Clear,"Worn, Not Damaged"
11894934,False,False,,Austin Police Department,True,,,110251602,False,No,0,0,0,3,0,Not Injured,18:27:00,0,0,2011,Tuesday,Pedalcyclist,,SPRINGDALE RD,Intersection,30.26064478,Daylight,-97.69871247,One Motor Vehicle - Turning Right,,Not Applicable,,Not Applicable,False,NONE,,City Street,"Straight, Level",Main/Proper Lane,On Roadway,,0,LYONS RD,3698,Dry,Stop Sign,Clear,Not Worn
11894934,False,False,,Austin Police Department,True,,,110251602,False,No,0,0,0,3,0,Not Injured,18:27:00,0,0,2011,Tuesday,Pedalcyclist,,SPRINGDALE RD,Intersection,30.26064478,Daylight,-97.69871247,One Motor Vehicle - Turning Right,,Not Applicable,,Not Applicable,False,NONE,,City Street,"Straight, Level",Main/Proper Lane,On Roadway,,0,LYONS RD,3698,Dry,Stop Sign,Clear,Not Worn
11883722,False,False,,Austin Police Department,True,,,2011-0262032,False,No,0,0,0,3,0,Not Injured,22:19:00,0,0,2011,Wednesday,Pedalcyclist,,W 7TH ST,Intersection Related,30.26899478,"Dark, Lighted",-97.74246246,One Motor Vehicle - Going Straight,,Not Applicable,,Not Applicable,False,NONE,,City Street,"Straight, Level",Main/Proper Lane,On Roadway,,35,CONGRESS AVE,699,Dry,Signal Light,Clear,"Worn, Not Damaged"
11895136,True,False,,Austin Police Department,False,,,110270432,False,No,0,0,0,1,1,Possible Injury,08:14:00,1,0,2011,Thursday,Pedalcyclist,,,Driveway Access,,Daylight,,One Motor Vehicle - Going Straight,,One Vehicle Leaving Driveway,,In A Parking Lot,True,NONE,,Non Trafficway,"Straight, Level",Main/Proper Lane,Not Applicable,,45,MCNEIL DR,NO DATA,Dry,None,Clear,"Worn, Not Damaged"
11894938,True,False,,Austin Police Department,False,,,11-0281874,False,No,0,0,1,2,1,Non-Incapacitating Injury,19:07:00,2,0,2011,Friday,Pedalcyclist,,,Non Intersection,30.3041102,"Dark, Not Lighted",-97.69932562,One Motor Vehicle - Going Straight,,Not Applicable,,Not Applicable,False,NONE,,City Street,"Straight, Level",Main/Proper Lane,On Roadway,,40,E 51ST ST,1677,Dry,Bike Lane,Clear,Not Worn
11895328,False,False,,Austin Police Department,False,,,11-0301307,False,No,0,0,0,1,1,Possible Injury,15:00:00,1,0,2011,Sunday,Pedalcyclist,,,Driveway Access,30.23726037,Daylight,-97.75484851,One Motor Vehicle - Going Straight,,One Vehicle Leaving Driveway,,Entrance To Or Exit From Private Property Or Driveway,False,NONE,,City Street,"Straight, Level",Main/Proper Lane,On Roadway,,40,CONGRESS AVE S,2500,Dry,None,Clear,Not Worn
11946976,True,False,,Austin Police Department,False,,,11-0352308,False,No,0,0,1,1,0,Non-Incapacitating Injury,19:36:00,1,0,2011,Friday,Pedalcyclist,,,Driveway Access,30.40695041,"Dark, Lighted",-97.69741574,One Motor Vehicle - Going Straight,,One Vehicle Leaving Driveway,,Entrance To Or Exit From Private Property Or Driveway,False,NONE,,City Street,"Straight, Grade",Main/Proper Lane,On Roadway,,30,METRIC BLVD,NO DATA,Ice,None,Clear,Not Worn
11910943,True,False,,Austin Police Department,True,,,11-0371289,False,No,0,0,1,2,0,Non-Incapacitating Injury,15:44:00,1,0,2011,Sunday,Pedalcyclist,,TIN CUP DR,Intersection Related,30.44220475,Daylight,-97.80429244,One Motor Vehicle - Turning Left,,Not Applicable,,Not Applicable,False,NONE,,City Street,"Straight, Level",Main/Proper Lane,On Roadway,,30,SPICEWOOD PKWY,11533,Dry,Stop Sign,Clear,"Worn, Damaged"
11910998,False,False,,Austin Police Department,True,,,11-0370602,False,No,0,0,1,0,0,Non-Incapacitating Injury,06:30:00,1,1,2011,Sunday,Pedalcyclist,,W ALPINE RD,Intersection,30.22805479,"Dark, Unknown Lighting",-97.76119246,One Motor Vehicle - Other,,Not Applicable,,Not Applicable,False,NONE,,City Street,"Straight, Level",Main/Proper Lane,On Roadway,,0,S CONGRESS AVE,3601,Dry,None,Clear,Not Worn
11911000,False,False,,Austin Police Department,False,,,110371471,False,No,0,0,1,2,0,Non-Incapacitating Injury,17:47:00,1,0,2011,Sunday,Pedalcyclist,,GROVE BLVD,Intersection Related,30.22697106,Daylight,-97.70797501,One Motor Vehicle - Going Straight,,Vision Obstructed By Standing Or Parked Vehicle,,Not Applicable,False,NONE,,City Street,"Straight, Level",Main/Proper Lane,On Roadway,,45,E RIVERSIDE DR,NO DATA,Dry,Signal Light,Clear,Not Worn
11918911,False,False,33647,Austin Police Department,True,33647,2014,11-0411703,False,No,0,0,0,1,0,Not Injured,19:43:00,0,1,2011,Thursday,Pedalcyclist,State Loop,BARTON SPRINGS RD,Intersection,30.26085741,"Dark, Lighted",-97.75852178,One Motor Vehicle - Going Straight,6,Not Applicable,0,Not Applicable,False,NONE,120,US & State Highways,"Straight, Level",Main/Proper Lane,On Roadway,"4 Or More Lanes, Divided",0,SL0343,498,Dry,Signal Light,Clear,"Worn, Not Damaged"
11918972,False,False,,Austin Police Department,False,,,11-0450674,False,No,0,0,1,1,0,Non-Incapacitating Injury,09:59:00,1,0,2011,Monday,Pedalcyclist,,,Driveway Access,30.23246479,Daylight,-97.75848246,One Motor Vehicle - Turning Right,,One Vehicle Leaving Driveway,,Entrance To Or Exit From Private Property Or Driveway,False,NONE,,City Street,"Straight, Level",Main/Proper Lane,On Roadway,,35,S CONGRESS AVE,3000,Dry,None,Clear,Not Worn
11918985,False,False,,Austin Police Department,True,,,11-0451491,False,No,0,0,1,0,0,Non-Incapacitating Injury,16:00:00,1,1,2011,Monday,Pedalcyclist,,E RIVERSIDE DR,Intersection Related,30.23765478,Daylight,-97.72573247,One Motor Vehicle - Going Straight,,Not Applicable,,Not Applicable,False,NONE,,City Street,"Curve, Level",Main/Proper Lane,On Roadway,,30,WILLOW CREEK DR,NO DATA,Dry,Crosswalk,Clear,Unknown If Worn
11919001,False,False,,Austin Police Department,True,,,11-0461552,False,No,0,0,0,2,0,Not Injured,17:17:00,0,0,2011,Tuesday,Pedalcyclist,,BARTON SPRINGS RD,Intersection Related,30.25841478,Daylight,-97.75010246,One Motor Vehicle - Turning Right,,Not Applicable,,Not Applicable,False,RALEIGH-PURSUIT BIKE,,City Street,"Straight, Level",Main/Proper Lane,On Roadway,,35,S 1ST ST,499,Dry,Signal Light,Clear,Not Worn
12077374,False,False,148494,Austin Police Department,False,148494,2014,110510317,False,No,0,0,1,3,1,Non-Incapacitating Injury,02:23:00,2,0,2011,Sunday,Pedalcyclist,Interstate,,Driveway Access,30.26490395,"Dark, Lighted",-97.7349482,One Motor Vehicle - Turning Right,6,One Vehicle Leaving Driveway,5,Entrance To Or Exit From Private Property Or Driveway,False,NONE,300,Interstate,"Straight, Level",Service/Frontage Road,On Roadway,"4 Or More Lanes, Divided",35,IH0035,NO DATA,Dry,Marked Lanes,Clear,Not Worn
12077374,False,False,148494,Austin Police Department,False,148494,2014,110510317,False,No,0,0,1,3,1,Non-Incapacitating Injury,02:23:00,2,0,2011,Sunday,Pedalcyclist,Interstate,,Driveway Access,30.26490395,"Dark, Lighted",-97.7349482,One Motor Vehicle - Turning Right,6,One Vehicle Leaving Driveway,5,Entrance To Or Exit From Private Property Or Driveway,False,NONE,300,Interstate,"Straight, Level",Service/Frontage Road,On Roadway,"4 Or More Lanes, Divided",35,IH0035,NO DATA,Dry,Marked Lanes,Clear,Not Worn
12077374,False,False,148494,Austin Police Department,False,148494,2014,110510317,False,No,0,0,1,3,1,Non-Incapacitating Injury,02:23:00,2,0,2011,Sunday,Pedalcyclist,Interstate,,Driveway Access,30.26490395,"Dark, Lighted",-97.7349482,One Motor Vehicle - Turning Right,6,One Vehicle Leaving Driveway,5,Entrance To Or Exit From Private Property Or Driveway,False,NONE,300,Interstate,"Straight, Level",Service/Frontage Road,On Roadway,"4 Or More Lanes, Divided",35,IH0035,NO DATA,Dry,Marked Lanes,Clear,Not Worn
12077374,False,False,148494,Austin Police Department,False,148494,2014,110510317,False,No,0,0,1,3,1,Non-Incapacitating Injury,02:23:00,2,0,2011,Sunday,Pedalcyclist,Interstate,,Driveway Access,30.26490395,"Dark, Lighted",-97.7349482,One Motor Vehicle - Turning Right,6,One Vehicle Leaving Driveway,5,Entrance To Or Exit From Private Property Or Driveway,False,NONE,300,Interstate,"Straight, Level",Service/Frontage Road,On Roadway,"4 Or More Lanes, Divided",35,IH0035,NO DATA,Dry,Marked Lanes,Clear,Not Worn
12141819,False,False,,Austin Police Department,False,,,110511262,False,No,0,0,1,4,0,Non-Incapacitating Injury,15:35:00,1,0,2011,Sunday,Pedalcyclist,,,Non Intersection,30.22555499,Daylight,-97.7290455,One Motor Vehicle - Going Straight,,Not Applicable,,Not Applicable,False,SIERRA QUEST BICYCLE,,City Street,"Straight, Hillcrest",Main/Proper Lane,On Roadway,,30,COLLINS CREEK DR,2610,Dry,None,Cloudy,Not Worn
11940763,False,False,,Austin Police Department,True,,,110521571,False,No,0,0,1,0,0,Non-Incapacitating Injury,17:49:00,1,1,2011,Monday,Pedalcyclist,,E RIVERSIDE DR,Intersection Related,30.24171478,Daylight,-97.72832247,One Motor Vehicle - Going Straight,,Not Applicable,,Not Applicable,False,NONE,,City Street,"Straight, Level",Main/Proper Lane,On Roadway,,35,ROYAL CREST DR,NO DATA,Dry,Signal Light,Clear,Not Worn
11941345,True,False,,Austin Police Department,True,,,110551855,False,No,0,0,1,1,0,Non-Incapacitating Injury,18:53:00,1,0,2011,Thursday,Pedalcyclist,,UNKNOWN,Intersection,30.37741392,"Dark, Lighted",-97.753436,One Motor Vehicle - Turning Left,,Not Applicable,,Not Applicable,False,NONE,,City Street,"Straight, Level",Main/Proper Lane,On Roadway,,35,MESA DR,8500,Dry,Center Stripe/Divider,Clear,"Worn, Unk Damage"
11941270,True,False,,Austin Police Department,True,,,11-0562205,False,No,0,1,0,1,0,Incapacitating Injury,20:30:00,1,0,2011,Friday,Pedalcyclist,,HAVANA ST,Intersection,30.23177479,"Dark, Not Lighted",-97.75892246,One Motor Vehicle - Turning Left,,Not Applicable,,Not Applicable,False,NONE,,City Street,"Straight, Level",Main/Proper Lane,On Roadway,,35,S CONGRESS AVE,3101,Dry,Bike Lane,Clear,"Worn, Unk Damage"
11941383,False,False,,Austin Police Department,True,,,110562024,True,No,0,0,0,1,1,Possible Injury,19:02:00,1,0,2011,Friday,Pedalcyclist,,W 22ND ST,Intersection,30.28520478,"Dark, Not Lighted",-97.74492246,One Motor Vehicle - Going Straight,,Construction - Within Posted Road Construction Zone (Not Related To Crash),,Not Applicable,False,NONE,,City Street,"Straight, Level",Main/Proper Lane,On Roadway,,30,RIO GRANDE ST,2199,Dry,Stop Sign,Clear,Unknown If Worn
11941418,False,False,,Austin Police Department,True,,,110580933,False,No,0,0,1,2,0,Non-Incapacitating Injury,11:25:00,1,0,2011,Sunday,Pedalcyclist,,W BRAKER LN,Intersection Related,30.40069475,Daylight,-97.74884246,One Motor Vehicle - Turning Right,,Not Applicable,,Not Applicable,False,ROUBAIX BICYCLE,,City Street,"Straight, Level",Main/Proper Lane,On Roadway,,45,JOLLYVILLE RD,10729,Wet,Signal Light,Cloudy,"Worn, Not Damaged"
11941228,False,False,,Austin Police Department,True,,,110591346,False,No,0,0,0,1,0,Not Injured,16:37:00,0,1,2011,Monday,Pedalcyclist,,BOULDIN AVE,Intersection Related,30.25954478,Daylight,-97.75347246,One Motor Vehicle - Going Straight,,Not Applicable,,Not Applicable,False,NONE,,City Street,"Straight, Level",Main/Proper Lane,On Roadway,,35,BARTON SPRINGS RD,NO DATA,Dry,Signal Light,Clear,"Worn, Not Damaged"
11941201,False,False,,Austin Police Department,True,,,11-0600641,False,No,0,0,0,1,1,Possible Injury,09:09:00,1,0,2011,Tuesday,Pedalcyclist,,SPEEDWAY,Intersection,30.29315477,Daylight,-97.73601246,One Motor Vehicle - Going Straight,,Not Applicable,,Not Applicable,False,NONE,,City Street,"Straight, Grade",Main/Proper Lane,On Roadway,,30,E 30TH ST,298,Dry,Stop Sign,Clear,Not Worn
11945835,True,False,,Austin Police Department,False,,,11-0601290,False,No,0,0,1,0,0,Non-Incapacitating Injury,15:00:00,1,1,2011,Tuesday,Pedalcyclist,,,Non Intersection,30.25548189,Daylight,-97.7474935,One Motor Vehicle - Going Straight,,Not Applicable,,Not Applicable,False,NONE,,City Street,"Straight, Level",Main/Proper Lane,On Roadway,,30,CONGRESS AVE S,650,Dry,Center Stripe/Divider,Clear,Not Worn
11945832,False,False,,Austin Police Department,True,,,110611883,False,No,0,0,0,1,1,Possible Injury,19:30:00,1,0,2011,Wednesday,Pedalcyclist,,W SLAUGHTER LN,Intersection,30.1792148,"Dark, Lighted",-97.84105244,One Motor Vehicle - Turning Right,,Not Applicable,,Not Applicable,False,NONE,,City Street,"Straight, Level",Main/Proper Lane,On Roadway,,35,W GATE BLVD,NO DATA,Dry,Flashing Red Light,Clear,Unknown If Worn
11945862,False,False,,Austin Police Department,True,,,11-0611557,False,No,0,0,1,2,0,Non-Incapacitating Injury,17:19:00,1,0,2011,Wednesday,Pedalcyclist,,E APPLEGATE DR,Intersection Related,30.36292476,Daylight,-97.66854248,One Motor Vehicle - Going Straight,,Not Applicable,,Not Applicable,False,NONE,,City Street,"Straight, Grade",Main/Proper Lane,On Roadway,,0,DESSAU RD,NO DATA,Dry,Stop Sign,Clear,Not Worn
11945877,False,False,,Austin Police Department,False,,,110621165,False,No,0,1,0,1,0,Incapacitating Injury,14:10:00,1,0,2011,Thursday,Pedalcyclist,,,Non Intersection,30.33193693,Daylight,-97.74004422,One Motor Vehicle - Going Straight,,Not Applicable,,Not Applicable,False,NONE,,US & State Highways,"Straight, Level",Main/Proper Lane,On Roadway,,45,BURNET RD,5658,Dry,None,Clear,Unknown If Worn
11946940,True,False,,Austin Police Department,False,,,11-0631322,False,No,0,0,1,1,0,Non-Incapacitating Injury,14:27:00,1,0,2011,Friday,Pedalcyclist,,,Non Intersection,30.29338379,Daylight,-97.71659783,One Motor Vehicle - Going Straight,,Not Applicable,,Not Applicable,False,NONE,,City Street,"Straight, Level",Main/Proper Lane,On Roadway,,30,E 38 12 ST,1358,Dry,None,Clear,"Worn, Damaged"
12141804,False,False,,Austin Police Department,True,,,11-0641325,False,No,0,0,0,1,1,Possible Injury,12:06:00,1,0,2011,Saturday,Pedalcyclist,,UNKNOWN,Intersection Related,30.22967704,Daylight,-97.76023173,One Motor Vehicle - Turning Right,,Not Applicable,,Not Applicable,False,NONE,,City Street,"Straight, Level",Main/Proper Lane,On Roadway,,40,S CONGRESS AVE,3394,Dry,Bike Lane,Clear,"Worn, Not Damaged"
11945955,False,False,,Austin Police Department,False,,,11-0651546,False,No,0,0,1,1,0,Non-Incapacitating Injury,17:21:00,1,0,2011,Sunday,Pedalcyclist,,,Driveway Access,30.28211975,Daylight,-97.74317769,One Motor Vehicle - Turning Left,,One Vehicle Entering Driveway,,Entrance To Or Exit From Private Property Or Driveway,False,NONE,,City Street,"Straight, Level",Main/Proper Lane,On Roadway,,35,SAN ANTONIO ST,1906,Dry,None,Clear,"Worn, Not Damaged"
11946822,False,False,,Austin Police Department,True,,,110661431,False,No,0,0,1,1,0,Non-Incapacitating Injury,17:03:00,1,0,2011,Monday,Pedalcyclist,,DUNLAP ST,Intersection,30.22428479,Daylight,-97.76311246,One Motor Vehicle - Going Straight,,Not Applicable,,Not Applicable,False,NONE,,City Street,"Straight, Level",Main/Proper Lane,On Roadway,,40,S CONGRESS AVE,3907,Dry,Marked Lanes,Clear,Not Worn