Crash ID,$1000 Damage to Any One Person's Property,Active School Zone Flag,Adjusted Average Daily Traffic Amount,Agency,At Intersection Flag,Average Daily Traffic Amount,Average Daily Traffic Year,Case ID,Construction Zone Flag,Construction Zone Workers Present Flag,Crash Death Count,Crash Incapacitating Injury Count,Crash Non-incapacitating Injury Count,Crash Not Injured Count,Crash Possible Injury Count,Crash Severity,Crash Time,Crash Total Injury Count,Crash Unknown Injury Count,Crash Year,Day of Week,First Harmful Event,Highway System,Intersecting Street Name,Intersection Related,Latitude,Light Condition,Longitude,Manner of Collision,Number of Lanes,Other Factor,Outside Shoulder Width on Divided Highway,Physical Feature 1,Private Drive Flag,Property Damages,Right of Way Usual Width,Road Class,Roadway Alignment,Roadway Part,Roadway Relation,Roadway Type,Speed Limit,Street Name,Street Number,Surface Condition,Traffic Control Type,Weather Condition,Person Helmet
12214043,False,False,,Austin Police Department,False,,,11-0661053,False,No,0,0,0,2,0,Not Injured,12:52:00,0,1,2011,Monday,Pedalcyclist,,,Non Intersection,30.26803371,Daylight,-97.69609521,One Motor Vehicle - Going Straight,,Not Applicable,,Not Applicable,False,NONE,,City Street,"Straight, Level",Main/Proper Lane,On Roadway,,0,GOODWIN AVE,3701,Dry,None,Clear,Unknown If Worn
11947099,False,False,,Austin Police Department,False,,,11-0681132,False,No,0,0,1,2,0,Non-Incapacitating Injury,13:10:00,1,0,2011,Wednesday,Pedalcyclist,,,Non Intersection,30.25891167,Daylight,-97.75166236,One Motor Vehicle - Going Straight,,Not Applicable,,Not Applicable,False,NONE,,City Street,"Straight, Level",Main/Proper Lane,On Roadway,,35,BARTON SPRINGS RD,723,Dry,Center Stripe/Divider,Clear,"Worn, Unk Damage"
11962783,False,False,,Austin Police Department,False,,,11-0680614,False,No,0,0,1,1,0,Non-Incapacitating Injury,08:46:00,1,0,2011,Wednesday,Pedalcyclist,,W SLAUGHTER LN,Intersection,30.20055404,Daylight,-97.8784749,One Motor Vehicle - Going Straight,,Not Applicable,,Not Applicable,False,NONE,,City Street,"Straight, Level",Main/Proper Lane,On Roadway,,40,ESCARPMENT BLVD,NO DATA,Dry,Signal Light,Clear,"Worn, Not Damaged"
12141756,True,False,,Austin Police Department,False,,,110681974,False,No,0,0,1,1,0,Non-Incapacitating Injury,20:07:00,1,0,2011,Wednesday,Pedalcyclist,,,Driveway Access,30.3557605,"Dark, Lighted",-97.73106213,One Motor Vehicle - Going Straight,,One Vehicle Leaving Driveway,,Entrance To Or Exit From Private Property Or Driveway,False,NONE,,City Street,"Straight, Level",Main/Proper Lane,On Roadway,,40,BURNET RD,7848,Dry,None,Clear,"Worn, Not Damaged"
11962755,False,False,,Austin Police Department,True,,,110690540,False,No,0,0,1,1,0,Non-Incapacitating Injury,08:46:00,1,0,2011,Thursday,Pedalcyclist,,UNKNOWN,Intersection Related,30.28064958,Daylight,-97.7381315,One Motor Vehicle - Turning Left,,Not Applicable,,Not Applicable,False,NONE,,City Street,"Straight, Level",Main/Proper Lane,On Roadway,,30,W MARTIN LUTHER KING JR BLVD,101,Dry,Crosswalk,Clear,"Worn, Unk Damage"
12152951,False,False,,Austin Police Department,True,,,110691494,False,No,0,0,1,1,0,Non-Incapacitating Injury,17:08:00,1,0,2011,Thursday,Pedalcyclist,,WATERFORD CENTRE BLVD,Intersection,30.37729476,Daylight,-97.72548246,One Motor Vehicle - Going Straight,,Not Applicable,,Not Applicable,False,NONE,,Farm To Market,"Straight, Level",Main/Proper Lane,On Roadway,,0,BURNET RD,9299,Dry,Signal Light,Clear,Unknown If Worn
11962908,False,False,29304,Austin Police Department,True,29304,2014,11-0701585,False,No,0,0,1,1,0,Non-Incapacitating Injury,16:32:00,1,0,2011,Friday,Pedalcyclist,State Loop,W CESAR CHAVEZ ST,Intersection Related,30.2664069,Daylight,-97.75552108,One Motor Vehicle - Turning Right,4,Not Applicable,7,Not Applicable,False,NONE,74,US & State Highways,"Straight, Level",Main/Proper Lane,On Roadway,"4 Or More Lanes, Undivided",30,SL0343,NO DATA,Dry,Signal Light,Clear,Not Worn
12077614,False,False,,Austin Police Department,True,,,110701777,False,No,0,0,1,1,1,Non-Incapacitating Injury,17:54:00,2,0,2011,Friday,Pedalcyclist,,ELMONT DR,Intersection,30.23876478,Daylight,-97.71957247,One Motor Vehicle - Turning Left,,Not Applicable,,Not Applicable,False,NONE,,City Street,"Straight, Level",Main/Proper Lane,On Roadway,,0,S PLEASANT VALLEY RD,1403,Dry,Signal Light,Clear,Unknown If Worn
12077614,False,False,,Austin Police Department,True,,,110701777,False,No,0,0,1,1,1,Non-Incapacitating Injury,17:54:00,2,0,2011,Friday,Pedalcyclist,,ELMONT DR,Intersection,30.23876478,Daylight,-97.71957247,One Motor Vehicle - Turning Left,,Not Applicable,,Not Applicable,False,NONE,,City Street,"Straight, Level",Main/Proper Lane,On Roadway,,0,S PLEASANT VALLEY RD,1403,Dry,Signal Light,Clear,Unknown If Worn
11962890,False,False,,Austin Police Department,True,,,110711841,False,No,0,0,1,1,0,Non-Incapacitating Injury,19:22:00,1,0,2011,Saturday,Pedalcyclist,,MARLTON DR,Intersection Related,30.28519478,"Dark, Not Lighted",-97.77221245,One Motor Vehicle - Turning Left,,Not Applicable,,Not Applicable,False,NONE,,City Street,"Straight, Grade",Main/Proper Lane,On Roadway,,30,WAYSIDE DR,1009,Dry,Stop Sign,Clear,Not Worn
12152960,False,False,,Austin Police Department,True,,,11-0711979,False,No,0,0,1,0,0,Non-Incapacitating Injury,20:20:00,1,1,2011,Saturday,Pedalcyclist,,SWANEE DR,Intersection,30.33559476,"Dark, Lighted",-97.71584247,One Motor Vehicle - Turning Right,,Not Applicable,,Not Applicable,False,NONE,,City Street,"Straight, Level",Main/Proper Lane,On Roadway,,40,GUADALUPE ST,7001,Dry,Stop Sign,Clear,Not Worn
12152952,True,False,,Austin Police Department,True,,,11-0720830,False,No,0,0,1,1,0,Non-Incapacitating Injury,11:41:00,1,0,2011,Sunday,Pedalcyclist,,NORTHLOOP BLVD W,Intersection,30.31993477,Daylight,-97.72696246,One Motor Vehicle - Going Straight,,Not Applicable,,Not Applicable,False,NONE,,City Street,"Straight, Level",Main/Proper Lane,On Roadway,,30,GUADALUPE ST,5299,Dry,Signal Light,Cloudy,"Worn, Damaged"
11962096,False,False,,Austin Police Department,False,,,110731956,False,No,0,0,0,1,1,Possible Injury,09:22:00,1,0,2011,Monday,Pedalcyclist,,,Non Intersection,,"Dark, Lighted",,One Motor Vehicle - Going Straight,,Not Applicable,,In A Parking Lot,True,NONE,,Non Trafficway,"Straight, Grade",Other (Explain In Narrative),Not Applicable,,35,W 6TH ST,NO DATA,Dry,None,Clear,"Worn, Not Damaged"
11963838,False,False,,Austin Police Department,True,,,110731859,False,No,0,0,1,1,0,Non-Incapacitating Injury,20:36:00,1,0,2011,Monday,Pedalcyclist,,W 8TH ST,Intersection,30.26991478,"Dark, Lighted",-97.74210246,One Motor Vehicle - Going Straight,,Not Applicable,,Not Applicable,False,NONE,,City Street,"Straight, Grade",Main/Proper Lane,On Roadway,,30,CONGRESS AVE,799,Dry,Signal Light,Clear,Not Worn
11962140,False,False,,Austin Police Department,True,,,110742170,False,No,0,0,0,1,1,Possible Injury,21:32:00,1,0,2011,Tuesday,Pedalcyclist,,BARTON SPRINGS RD,Intersection,30.26032478,"Dark, Lighted",-97.75569246,One Motor Vehicle - Turning Left,,Not Applicable,,Not Applicable,False,NONE,,City Street,"Straight, Hillcrest",Main/Proper Lane,On Roadway,,30,DAWSON RD,499,Dry,Signal Light,Clear,Not Worn
11983025,True,False,,Austin Police Department,False,,,11-0750266,False,No,0,0,0,1,3,Possible Injury,02:47:00,3,0,2011,Wednesday,Pedalcyclist,,,Non Intersection,30.26723788,"Dark, Lighted",-97.73692095,One Motor Vehicle - Going Straight,,Not Applicable,,Not Applicable,False,NONE,,City Street,"Straight, Level",Main/Proper Lane,On Roadway,,30,RED RIVER ST,660,Dry,Signal Light,Cloudy,Not Worn
11983331,False,False,,Austin Police Department,False,,,110751505,False,No,0,0,1,1,0,Non-Incapacitating Injury,17:06:00,1,0,2011,Wednesday,Pedalcyclist,,SAN MARCOS ST,Intersection Related,30.26421452,Daylight,-97.73299169,One Motor Vehicle - Turning Right,,Not Applicable,,Not Applicable,False,NONE,,City Street,"Straight, Level",Main/Proper Lane,On Roadway,,0,E 5TH ST,992,Dry,Stop Sign,Clear,Not Worn
11983170,False,False,30932,Austin Police Department,True,30932,2014,110761960,False,No,0,0,0,0,1,Possible Injury,19:31:00,1,1,2011,Thursday,Pedalcyclist,State Loop,POWELL LN W,Intersection,30.35083993,Dusk,-97.70915299,One Motor Vehicle - Going Straight,4,Not Applicable,10,Not Applicable,False,NONE,125,US & State Highways,"Straight, Level",Main/Proper Lane,On Roadway,"4 Or More Lanes, Divided",45,SL0275,NO DATA,Dry,Stop Sign,Clear,Not Worn
11983598,True,False,,Austin Police Department,True,,,,False,No,0,0,1,2,0,Non-Incapacitating Injury,18:40:00,1,0,2011,Thursday,Pedalcyclist,,LYDIA ST,Intersection,30.26869478,Daylight,-97.72792247,One Motor Vehicle - Turning Left,,Not Applicable,,Not Applicable,False,NONE,,City Street,"Straight, Level",Main/Proper Lane,On Roadway,,30,E 11TH ST,1194,Dry,None,Clear,Unknown If Worn
12011175,False,False,,Austin Police Department,True,,,110760160,False,No,0,0,0,2,0,Not Injured,01:30:00,0,0,2011,Thursday,Pedalcyclist,,E 11TH ST,Intersection,30.26999478,"Dark, Lighted",-97.73147247,One Motor Vehicle - Turning Left,,Not Applicable,,Not Applicable,False,NONE,,City Street,"Straight, Hillcrest",Main/Proper Lane,On Roadway,,30,BRANCH ST,1101,Dry,None,Clear,Not Worn
12154919,True,False,,Austin Police Department,True,,,11-0770640,False,No,0,1,0,1,0,Incapacitating Injury,07:20:00,1,0,2011,Friday,Pedalcyclist,,UNKNOWN,Intersection,30.28022944,Dawn,-97.71858358,One Motor Vehicle - Going Straight,,Not Applicable,,Not Applicable,False,NONE,,City Street,"Straight, Grade",Main/Proper Lane,On Roadway,,35,E MARTIN LUTHER KING JR BLVD,2100,Dry,Stop Sign,Cloudy,Not Worn
11983159,True,False,,Austin Police Department,True,,,11-0781922,False,No,0,0,1,1,0,Non-Incapacitating Injury,18:28:00,1,0,2011,Saturday,Pedalcyclist,,UNKNOWN,Intersection,30.30268477,Daylight,-97.74471246,One Motor Vehicle - Going Straight,,Not Applicable,,Not Applicable,False,NONE,,US & State Highways,"Straight, Grade",Main/Proper Lane,On Roadway,,35,N LAMAR BLVD,3399,Dry,Signal Light,Clear,Not Worn
11983558,True,False,,Austin Police Department,True,,,110781568,False,No,0,0,0,1,1,Possible Injury,15:54:00,1,0,2011,Saturday,Pedalcyclist,,GIBSON ST E,Intersection,30.24984478,Daylight,-97.74959246,One Motor Vehicle - Turning Left,,Not Applicable,,Not Applicable,False,NONE,,City Street,"Straight, Grade",Service/Frontage Road,On Roadway,,0,CONGRESS AVE S,1399,Dry,Signal Light,Clear,Unknown If Worn
11983104,True,False,,Austin Police Department,False,,,11-0792192,False,No,0,0,1,1,0,Non-Incapacitating Injury,23:33:00,1,0,2011,Sunday,Pedalcyclist,,,Non Intersection,30.26659907,"Dark, Lighted",-97.73391343,One Motor Vehicle - Going Straight,,Not Applicable,,Not Applicable,False,NONE,,City Street,"Straight, Grade",Main/Proper Lane,On Roadway,,35,E 7TH ST,NO DATA,Dry,None,Clear,Not Worn
11983129,True,False,,Austin Police Department,True,,,110790832,False,No,0,0,1,1,0,Non-Incapacitating Injury,09:10:00,1,0,2011,Sunday,Pedalcyclist,,ADIRONDACK TRL,Intersection Related,30.38321476,Daylight,-97.76590245,One Motor Vehicle - Going Straight,,Not Applicable,,Not Applicable,False,NONE,,City Street,"Straight, Level",Main/Proper Lane,On Roadway,,0,SPICEWOOD SPRINGS RD,5298,Dry,Marked Lanes,Cloudy,Unknown If Worn
11983131,True,False,,Austin Police Department,False,,,110790187,False,No,0,0,2,0,0,Non-Incapacitating Injury,01:02:00,2,1,2011,Sunday,Pedalcyclist,,,Non Intersection,30.27632345,"Dark, Lighted",-97.76532981,One Motor Vehicle - Going Straight,,Not Applicable,,Not Applicable,False,PEDICAB,,City Street,"Straight, Level",Main/Proper Lane,On Roadway,,35,W 6TH ST,1702,Dry,Marked Lanes,Clear,Not Worn
11983131,True,False,,Austin Police Department,False,,,110790187,False,No,0,0,2,0,0,Non-Incapacitating Injury,01:02:00,2,1,2011,Sunday,Pedalcyclist,,,Non Intersection,30.27632345,"Dark, Lighted",-97.76532981,One Motor Vehicle - Going Straight,,Not Applicable,,Not Applicable,False,PEDICAB,,City Street,"Straight, Level",Main/Proper Lane,On Roadway,,35,W 6TH ST,1702,Dry,Marked Lanes,Clear,Unknown If Worn
11983527,False,False,44866,Austin Police Department,False,44866,2014,11-0791035,False,No,0,0,1,1,0,Non-Incapacitating Injury,11:58:00,1,0,2011,Sunday,Pedalcyclist,State Loop,COURTYARD DR,Intersection Related,30.35250441,Daylight,-97.79529486,One Motor Vehicle - Going Straight,4,Not Applicable,10,Not Applicable,False,NONE,291,US & State Highways,"Straight, Level",Main/Proper Lane,On Roadway,"4 Or More Lanes, Divided",55,SL0360,NO DATA,Dry,Marked Lanes,Cloudy,"Worn, Damaged"
11983115,False,False,,Austin Police Department,False,,,110801599,False,No,0,0,1,1,0,Non-Incapacitating Injury,17:49:00,1,0,2011,Monday,Pedalcyclist,,DOYAL DR,Intersection Related,30.15382699,Daylight,-97.7426735,One Motor Vehicle - Going Straight,,Not Applicable,,Not Applicable,False,NONE,,City Street,"Straight, Level",Main/Proper Lane,On Roadway,,30,FALL MEADOW LN,8509,Dry,None,Clear,Not Worn
11983486,True,False,,Austin Police Department,True,,,11-0801286,False,No,0,0,0,1,0,Not Injured,15:28:00,0,1,2011,Monday,Pedalcyclist,,BRIDLE PATH,Intersection,30.29150478,Daylight,-97.77149245,One Motor Vehicle - Turning Left,,Not Applicable,,Not Applicable,False,NONE,,City Street,"Straight, Grade",Main/Proper Lane,On Roadway,,35,EXPOSITION BLVD,1599,Dry,Bike Lane,Clear,Not Worn
11983323,True,False,,Austin Police Department,False,,,110811915,False,No,0,1,0,3,0,Incapacitating Injury,20:08:00,1,0,2011,Tuesday,Pedalcyclist,,W 4TH ST,Intersection Related,30.2668802,"Dark, Lighted",-97.74589585,One Motor Vehicle - Going Straight,,Not Applicable,,Not Applicable,False,NONE,,City Street,"Straight, Level",Main/Proper Lane,On Roadway,,30,LAVACA ST,401,Dry,Signal Light,Clear,Not Worn
11983397,True,False,,Austin Police Department,True,,,11-0821235,False,No,0,0,1,1,0,Non-Incapacitating Injury,14:47:00,1,0,2011,Wednesday,Pedalcyclist,,ANDREW ZILKER RD,Intersection Related,,Daylight,,One Motor Vehicle - Turning Right,,Not Applicable,,Not Applicable,False,NONE,,City Street,"Straight, Level",Main/Proper Lane,On Roadway,,0,BARTON SPRING RD,NO DATA,Dry,None,Clear,"Worn, Not Damaged"
12011301,True,False,34390,Austin Police Department,True,34390,2014,110820401,False,No,0,1,0,1,0,Incapacitating Injury,07:11:00,1,0,2011,Wednesday,Pedalcyclist,Farm To Market,SL0001,Intersection,30.39840016,"Dark, Not Lighted",-97.71934314,One Motor Vehicle - Going Straight,4,Not Applicable,0,Not Applicable,False,BICYCLE,120,Farm To Market,"Straight, Level",Main/Proper Lane,On Roadway,"4 Or More Lanes, Undivided",45,FM1325,11342,Dry,Signal Light,Clear,"Worn, Unk Damage"
11982659,False,False,,Austin Police Department,False,,,110831087,False,No,0,0,1,1,0,Non-Incapacitating Injury,13:36:00,1,0,2011,Thursday,Pedalcyclist,,,Non Intersection,30.25845431,Daylight,-97.75031985,One Motor Vehicle - Going Straight,,Not Applicable,,Not Applicable,False,NONE,,City Street,"Straight, Level",Main/Proper Lane,On Roadway,,35,BARTON SPRINGS RD,619,Dry,Marked Lanes,Clear,"Worn, Unk Damage"
12154912,False,False,,Austin Police Department,True,,,110840W77,False,No,0,0,1,1,0,Non-Incapacitating Injury,08:51:00,1,0,2011,Friday,Pedalcyclist,,W 49TH ST,Intersection,30.31975477,Daylight,-97.73885246,One Motor Vehicle - Going Straight,,Not Applicable,,Not Applicable,False,NONE,,City Street,"Straight, Level",Main/Proper Lane,On Roadway,,0,WOODROW AVE,4899,Dry,Stop Sign,Clear,Not Worn
12011666,True,False,,Austin Police Department,False,,,110852144,False,No,0,0,0,1,1,Possible Injury,21:10:00,1,0,2011,Saturday,Pedalcyclist,,,Non Intersection,30.39879562,Dusk,-97.70419116,One Motor Vehicle - Going Straight,,Not Applicable,,Not Applicable,False,NONE,,City Street,"Straight, Level",Main/Proper Lane,On Roadway,,0,METRIC BLVD,NO DATA,Dry,None,Clear,Not Worn
12057466,False,False,,Austin Police Department,True,,,110861253,False,No,0,0,1,1,0,Non-Incapacitating Injury,15:05:00,1,0,2011,Sunday,Pedalcyclist,,E 32ND ST,Intersection Related,30.29380477,Daylight,-97.73289246,One Motor Vehicle - Going Straight,,Not Applicable,,Not Applicable,False,NONE,,City Street,"Straight, Level",Main/Proper Lane,On Roadway,,0,DUVAL ST,3117,Dry,Stop Sign,Cloudy,Unknown If Worn
12011223,False,False,,Austin Police Department,False,,,11-0891150,False,No,0,1,0,2,0,Incapacitating Injury,14:46:00,1,0,2011,Wednesday,Pedalcyclist,US Highway,,Non Intersection,,Daylight,,One Motor Vehicle - Going Straight,,Not Applicable,,Not Applicable,False,NONE,,US & State Highways,"Straight, Level",Service/Frontage Road,On Roadway,,50,US0183,NO DATA,Dry,None,Clear,Not Worn
11983278,False,False,,Austin Police Department,True,,,11-0900410,False,No,0,0,2,0,0,Non-Incapacitating Injury,06:50:00,2,0,2011,Thursday,Pedalcyclist,,LAMPLIGHT VILLAGE AVE,Intersection Related,30.41076475,"Dark, Lighted",-97.69548247,One Motor Vehicle - Turning Left,,Not Applicable,,Not Applicable,False,NONE,,City Street,"Straight, Level",Main/Proper Lane,On Roadway,,35,METRIC BLVD,NO DATA,Dry,Signal Light,Clear,"Worn, Unk Damage"
12011786,True,False,,Austin Police Department,False,,,110931663,False,No,0,0,1,2,0,Non-Incapacitating Injury,19:18:00,1,0,2011,Sunday,Pedalcyclist,,,Non Intersection,,Daylight,,One Motor Vehicle - Going Straight,,Not Applicable,,In A Parking Lot,True,NONE,,Non Trafficway,"Straight, Level",Other (Explain In Narrative),Not Applicable,,0,GRAND CANYON DR,NO DATA,Dry,None,Clear,Not Worn
12011790,True,False,,Austin Police Department,False,,,11-0930901,False,No,0,0,1,2,0,Non-Incapacitating Injury,11:04:00,1,0,2011,Sunday,Pedalcyclist,,UNKNOWN,Intersection Related,30.20462479,Daylight,-97.83011244,One Motor Vehicle - Turning Right,,Not Applicable,,Not Applicable,False,SCHWINN VARSITY BICYCLE,,City Street,"Straight, Level",Main/Proper Lane,On Roadway,,25,CLYDESDALE DR,7600,Dry,None,Clear,"Worn, Unk Damage"
12011113,False,False,,Austin Police Department,True,,,11-0940499,False,No,0,0,0,0,1,Possible Injury,08:27:00,1,1,2011,Monday,Pedalcyclist,,INDUSTRIAL BLVD,Intersection,30.22035479,"Dark, Not Lighted",-97.76552246,One Motor Vehicle - Other,,Not Applicable,,Not Applicable,False,NONE,,City Street,"Straight, Level",Main/Proper Lane,On Roadway,,40,S CONGRESS AVE,4229,Wet,Signal Light,Cloudy,Not Worn
12012473,True,False,,Travis County Sheriff's Office,False,,,11-07949,False,No,0,0,0,1,1,Possible Injury,06:54:00,1,0,2011,Tuesday,Pedalcyclist,,,Non Intersection,30.37040674,Dawn,-97.65649687,One Motor Vehicle - Going Straight,,Not Applicable,,Not Applicable,False,NONE,,County Road,"Curve, Grade",Main/Proper Lane,On Roadway,,30,SPRINKLE CUT OFF RD,11529,Dry,None,Cloudy,"Worn, Not Damaged"
12011147,False,False,,Austin Police Department,True,,,110962119,False,No,0,0,1,1,0,Non-Incapacitating Injury,21:48:00,1,0,2011,Wednesday,Pedalcyclist,,E 13TH ST,Intersection,30.27475478,"Dark, Lighted",-97.72011247,One Motor Vehicle - Turning Left,,Not Applicable,,Not Applicable,False,NONE,,City Street,"Straight, Level",Main/Proper Lane,On Roadway,,30,CHICON ST,1299,Dry,None,Clear,Not Worn
12011153,True,False,,Austin Police Department,True,,,110960604,False,No,0,0,1,1,0,Non-Incapacitating Injury,09:18:00,1,0,2011,Wednesday,Pedalcyclist,,MARIPOSA DR,Intersection,30.24023478,Daylight,-97.74386246,One Motor Vehicle - Going Straight,,Not Applicable,,Not Applicable,False,NONE,,City Street,"Straight, Grade",Main/Proper Lane,On Roadway,,35,TRAVIS HEIGHTS BLVD,1999,Dry,Marked Lanes,Cloudy,"Worn, Not Damaged"
12011372,False,False,,Austin Police Department,False,,,11-0971241,False,No,0,0,1,2,0,Non-Incapacitating Injury,14:51:00,1,0,2011,Thursday,Pedalcyclist,,,Non Intersection,30.26539244,Daylight,-97.74763956,One Motor Vehicle - Going Straight,,Not Applicable,,Not Applicable,False,NONE,,City Street,"Straight, Level",Main/Proper Lane,On Roadway,,30,GUADALUPE ST,213,Dry,Signal Light,Clear,Not Worn
12011376,False,False,,Austin Police Department,False,,,110971847,False,No,0,0,1,3,0,Non-Incapacitating Injury,19:15:00,1,0,2011,Thursday,Pedalcyclist,,,Non Intersection,,Daylight,,One Motor Vehicle - Backing,,One Vehicle Backward From Parking,,In A Parking Lot,True,NONE,,Non Trafficway,Other (Explain In Narrative),Other (Explain In Narrative),Not Applicable,,0,TOWN LAKE CIR,NO DATA,Dry,None,Clear,Not Worn
12011387,True,False,,Austin Police Department,False,,,11-0971542,False,No,0,0,1,1,0,Non-Incapacitating Injury,17:16:00,1,0,2011,Thursday,Pedalcyclist,,,Non Intersection,30.35420023,Daylight,-97.74633352,One Motor Vehicle - Going Straight,,Not Applicable,,Not Applicable,False,NONE,,City Street,"Straight, Level",Main/Proper Lane,On Roadway,,30,GREAT NORTHERN BLVD,7269,Dry,None,Clear,"Worn, Unk Damage"
12011562,True,False,,Austin Police Department,True,,,11-0970582,False,No,0,0,1,0,0,Non-Incapacitating Injury,08:36:00,1,1,2011,Thursday,Pedalcyclist,,JONES RD,Intersection,30.22079479,Daylight,-97.79406245,One Motor Vehicle - Going Straight,,Not Applicable,,Not Applicable,False,NONE,,City Street,"Straight, Grade",Main/Proper Lane,On Roadway,,0,MANCHACA RD,5101,Dry,Signal Light,Clear,"Worn, Not Damaged"
12011492,False,False,34215,Austin Police Department,True,34215,2014,110982234,False,No,0,0,0,1,1,Possible Injury,20:44:00,1,0,2011,Friday,Pedalcyclist,State Loop,BLUEBONNET LN,Intersection,30.24694096,"Dark, Lighted",-97.77715953,One Motor Vehicle - Turning Left,4,Not Applicable,0,Not Applicable,False,NONE,80,US & State Highways,"Straight, Level",Service/Frontage Road,On Roadway,"4 Or More Lanes, Undivided",35,SL0343,2421,Dry,Signal Light,Clear,Not Worn
12041582,False,False,164391,Austin Police Department,True,164391,2014,11-0982289,False,No,0,0,1,1,0,Non-Incapacitating Injury,21:06:00,1,0,2011,Friday,Pedalcyclist,Interstate,,Driveway Access,30.26672655,"Dark, Not Lighted",-97.73430878,One Motor Vehicle - Turning Right,6,One Vehicle Entering Driveway,5,Alley,False,NONE,300,Interstate,"Straight, Level",Service/Frontage Road,On Roadway,"4 Or More Lanes, Divided",35,IH0035,NO DATA,Dry,Marked Lanes,Clear,Not Worn
12077621,False,False,,Austin Police Department,False,,,110980861,False,No,0,0,1,1,0,Non-Incapacitating Injury,10:52:00,1,0,2011,Friday,Pedalcyclist,,,Non Intersection,,Daylight,,One Motor Vehicle - Going Straight,,Not Applicable,,In A Parking Lot,True,NONE,,Non Trafficway,"Straight, Level",Other (Explain In Narrative),Not Applicable,,0,E BEN WHITE WB SVRD BLVD,NO DATA,Dry,Stop Sign,Clear,Not Worn
12139753,False,False,,Austin Police Department,False,,,110991374,False,No,0,0,0,4,0,Not Injured,14:15:00,0,0,2011,Saturday,Pedalcyclist,,,Non Intersection,30.24972478,Daylight,-97.71359247,One Motor Vehicle - Going Straight,,Not Applicable,,Not Applicable,False,NONE,,City Street,"Straight, Hillcrest",Main/Proper Lane,On Roadway,,45,S PLEASANT VALLEY RD,100,Dry,Marked Lanes,Clear,Not Worn
12041671,True,False,,Austin Police Department,False,,,111011273,False,No,0,0,0,1,1,Possible Injury,15:37:00,1,0,2011,Monday,Pedalcyclist,,,Non Intersection,30.28032355,Daylight,-97.74209167,One Motor Vehicle - Going Straight,,Not Applicable,,Not Applicable,False,NONE,,City Street,"Straight, Level",Main/Proper Lane,On Roadway,,30,GUADALUPE ST,1744,Dry,Marked Lanes,Clear,Not Worn
12041542,True,False,,Austin Police Department,False,,,111020497,False,No,0,0,1,1,0,Non-Incapacitating Injury,08:32:00,1,0,2011,Tuesday,Pedalcyclist,,,Driveway Access,30.25584824,Daylight,-97.74736199,One Motor Vehicle - Turning Left,,One Vehicle Entering Driveway,,Entrance To Or Exit From Private Property Or Driveway,False,BLACK BICYCLE,,City Street,"Straight, Grade",Main/Proper Lane,On Roadway,,45,CONGRESS AVE S,599,Dry,None,Clear,"Worn, Not Damaged"
12041501,False,False,,Austin Police Department,True,,,11-103047U,False,No,0,0,1,1,0,Non-Incapacitating Injury,07:47:00,1,0,2011,Wednesday,Pedalcyclist,,E 46TH ST,Intersection,30.30618477,Daylight,-97.71872247,One Motor Vehicle - Turning Left,,Not Applicable,,Not Applicable,False,BICYCLE,,City Street,"Straight, Level",Main/Proper Lane,On Roadway,,35,RED RIVER ST,4601,Dry,None,Clear,"Worn, Unk Damage"
12011235,True,False,,Austin Police Department,True,,,11-1041400,False,No,0,0,0,1,1,Possible Injury,16:07:00,1,0,2011,Thursday,Pedalcyclist,,SHOAL CREEK BLVD,Intersection,30.36099476,Daylight,-97.74083246,One Motor Vehicle - Turning Left,,Not Applicable,,Not Applicable,False,NONE,,City Street,"Straight, Level",Main/Proper Lane,On Roadway,,0,W ANDERSON LN,3098,Dry,Signal Light,Clear,"Worn, Unk Damage"
12139844,True,False,,Austin Police Department,True,,,11-1040709,False,No,0,0,1,1,0,Non-Incapacitating Injury,09:30:00,1,0,2011,Thursday,Pedalcyclist,,W 24TH ST,Intersection,30.28786478,Daylight,-97.74362246,One Motor Vehicle - Going Straight,,Not Applicable,,Not Applicable,False,NONE,,City Street,"Straight, Level",Main/Proper Lane,On Roadway,,30,NUECES ST,2399,Dry,Signal Light,Clear,"Worn, Not Damaged"
12077571,True,False,,Austin Police Department,False,,,11-1050662,False,No,0,1,0,1,0,Incapacitating Injury,08:51:00,1,0,2011,Friday,Pedalcyclist,,,Non Intersection,30.31523287,Daylight,-97.74131804,One Motor Vehicle - Going Straight,,Not Applicable,,Not Applicable,False,NONE,,City Street,"Straight, Level",Main/Proper Lane,On Roadway,,35,W 45TH ST,NO DATA,Dry,Center Stripe/Divider,Clear,Not Worn
12077573,False,False,162940,Austin Police Department,False,162940,2014,11-1050203,False,No,0,0,0,1,1,Possible Injury,02:02:00,1,0,2011,Friday,Pedalcyclist,Interstate,,Non Intersection,30.24712398,"Dark, Not Lighted",-97.7351498,One Motor Vehicle - Going Straight,6,Not Applicable,10,Not Applicable,False,NONE,300,Interstate,"Straight, Level",Main/Proper Lane,On Roadway,"4 Or More Lanes, Divided",65,IH0035,NO DATA,Dry,None,Clear,Not Worn
12079061,False,False,,Austin Police Department,True,,,11-1051658,False,No,0,0,1,1,0,Non-Incapacitating Injury,16:50:00,1,0,2011,Friday,Pedalcyclist,,E 6TH ST,Intersection,30.26440478,Daylight,-97.73049247,One Motor Vehicle - Going Straight,,Not Applicable,,Not Applicable,False,NONE,,City Street,"Straight, Level",Main/Proper Lane,On Roadway,,30,WALLER ST,601,Dry,Stop Sign,Clear,Not Worn
12139742,False,False,,Austin Police Department,False,,,11-1061967,False,No,0,1,0,1,0,Incapacitating Injury,20:31:00,1,0,2011,Saturday,Pedalcyclist,,,Non Intersection,30.31952477,"Dark, Not Lighted",-97.66744248,One Motor Vehicle - Going Straight,,Not Applicable,,Not Applicable,False,NONE,,City Street,"Curve, Grade",Main/Proper Lane,On Roadway,,25,LANGSTON DR,7400,Dry,None,Clear,Not Worn