Crash ID,$1000 Damage to Any One Person's Property,Active School Zone Flag,Adjusted Average Daily Traffic Amount,Agency,At Intersection Flag,Average Daily Traffic Amount,Average Daily Traffic Year,Case ID,Construction Zone Flag,Construction Zone Workers Present Flag,Crash Death Count,Crash Incapacitating Injury Count,Crash Non-incapacitating Injury Count,Crash Not Injured Count,Crash Possible Injury Count,Crash Severity,Crash Time,Crash Total Injury Count,Crash Unknown Injury Count,Crash Year,Day of Week,First Harmful Event,Highway System,Intersecting Street Name,Intersection Related,Latitude,Light Condition,Longitude,Manner of Collision,Number of Lanes,Other Factor,Outside Shoulder Width on Divided Highway,Physical Feature 1,Private Drive Flag,Property Damages,Right of Way Usual Width,Road Class,Roadway Alignment,Roadway Part,Roadway Relation,Roadway Type,Speed Limit,Street Name,Street Number,Surface Condition,Traffic Control Type,Weather Condition,Person Helmet
12208022,False,False,33647,Austin Police Department,False,33647,2014,11-2150856,False,No,0,0,1,1,0,Non-Incapacitating Injury,12:00:00,1,0,2011,Wednesday,Pedalcyclist,State Loop,,Driveway Access,30.25482525,Daylight,-97.76225357,One Motor Vehicle - Turning Left,4,One Vehicle Entering Driveway,0,Entrance To Or Exit From Private Property Or Driveway,False,NONE,80,US & State Highways,"Straight, Level",Main/Proper Lane,On Roadway,"4 Or More Lanes, Undivided",40,SL0343,1204,Dry,Center Stripe/Divider,Clear,Not Worn
12614359,False,False,,Austin Police Department,False,,,112151660,False,No,0,0,1,2,0,Non-Incapacitating Injury,19:28:00,1,0,2011,Wednesday,Pedalcyclist,,,Non Intersection,30.26952861,Dusk,-97.78036289,One Motor Vehicle - Going Straight,,Vision Obstructed By Headlight Or Sun Glare,,Not Applicable,False,NONE,,City Street,"Straight, Grade",Main/Proper Lane,On Roadway,,30,ROLLINGWOOD DR,2401,Dry,None,Clear,"Worn, Damaged"
12340681,False,False,,Austin Police Department,False,,,112160454,False,No,0,0,1,1,0,Non-Incapacitating Injury,07:52:00,1,0,2011,Thursday,Pedalcyclist,,,Driveway Access,30.23223315,Daylight,-97.72938124,One Motor Vehicle - Turning Right,,One Vehicle Entering Driveway,,Entrance To Or Exit From Private Property Or Driveway,False,NONE,,City Street,"Straight, Hillcrest",Main/Proper Lane,On Roadway,,35,WILLOW CREEK DR,2000,Dry,None,Clear,"Worn, Not Damaged"
12207879,False,False,,Austin Police Department,False,,,112171203,False,No,0,0,0,1,1,Possible Injury,15:11:00,1,0,2011,Friday,Pedalcyclist,,NECHES ST,Intersection Related,30.26493046,Daylight,-97.7389774,One Motor Vehicle - Going Straight,,Not Applicable,,Not Applicable,False,NONE,,City Street,"Straight, Level",Main/Proper Lane,On Roadway,,30,E 4TH ST,501,Dry,Stop Sign,Clear,Not Worn
12261049,True,False,,Austin Police Department,True,,,11-2170793,False,No,0,0,1,1,0,Non-Incapacitating Injury,11:24:00,1,0,2011,Friday,Pedalcyclist,,DUVAL RD,Intersection Related,30.41178475,Daylight,-97.72342246,One Motor Vehicle - Going Straight,,Not Applicable,,Not Applicable,False,NONE,,City Street,"Straight, Level",Main/Proper Lane,On Roadway,,30,ASPENDALE DR,NO DATA,Dry,Stop Sign,Clear,Not Worn
12204645,False,False,,Sunset Valley Police Department,True,,,2011-00070,False,No,0,0,1,1,0,Non-Incapacitating Injury,19:00:00,1,0,2011,Saturday,Pedalcyclist,,BRODIE LN,Intersection Related,30.21978479,Daylight,-97.82660244,One Motor Vehicle - Going Straight,,Not Applicable,,Not Applicable,False,NONE,,City Street,"Straight, Level",Main/Proper Lane,On Roadway,,30,OAKDALE DR,700,Dry,Signal Light,Clear,Not Worn
12265669,False,False,37593,Austin Police Department,True,37593,2014,11-2191049,False,No,0,0,0,1,1,Possible Injury,14:19:00,1,0,2011,Sunday,Pedalcyclist,US Highway,US0290,Intersection,30.33101152,Daylight,-97.68277079,One Motor Vehicle - Going Straight,5,Not Applicable,0,Not Applicable,False,BICYCLE,260,US & State Highways,"Straight, Level",Main/Proper Lane,On Roadway,"4 Or More Lanes, Divided",45,US0183,1700,Dry,Signal Light,Clear,Not Worn
12803641,False,False,,Austin Police Department,True,,,11-2210815,False,No,0,0,1,0,0,Non-Incapacitating Injury,12:19:00,1,1,2011,Tuesday,Pedalcyclist,,S 1ST ST,Intersection Related,30.25001478,Daylight,-97.75494246,One Motor Vehicle - Going Straight,,Not Applicable,,Not Applicable,False,NONE,,City Street,"Straight, Level",Main/Proper Lane,On Roadway,,30,ELIZABETH ST W,598,Dry,Stop Sign,Clear,Unknown If Worn
12265768,False,False,,Austin Police Department,False,,,112231639,False,No,0,0,0,2,1,Possible Injury,20:35:00,1,0,2011,Thursday,Pedalcyclist,,,Non Intersection,30.25658066,"Dark, Lighted",-97.72306107,One Motor Vehicle - Going Straight,,Not Applicable,,Not Applicable,False,NONE,,City Street,"Straight, Level",Main/Proper Lane,On Roadway,,30,E CESAR CHAVEZ ST,2013,Dry,None,Clear,Not Worn
12227725,True,False,,Austin Police Department,False,,,112281634,False,No,0,1,0,1,0,Incapacitating Injury,19:29:00,1,0,2011,Tuesday,Pedalcyclist,,RESEARCH PARK LOOP,Intersection Related,30.42912248,Daylight,-97.7495577,One Motor Vehicle - Going Straight,,Not Applicable,,Not Applicable,False,NONE,,City Street,"Straight, Level",Main/Proper Lane,On Roadway,,45,RIATA TRACE PKWY,12280,Dry,Marked Lanes,Clear,"Worn, Damaged"
12227530,True,False,,Austin Police Department,True,,,11-2320191,False,No,0,0,1,3,1,Non-Incapacitating Injury,01:34:00,2,0,2011,Saturday,Pedalcyclist,,E 4TH ST,Intersection,30.26550478,"Dark, Lighted",-97.74108246,One Motor Vehicle - Going Straight,,Vehicle Changing Lanes,,Not Applicable,False,NONE,,City Street,"Straight, Level",Main/Proper Lane,On Roadway,,35,SAN JACINTO BLVD,399,Dry,Stop Sign,Clear,Not Worn
12227530,True,False,,Austin Police Department,True,,,11-2320191,False,No,0,0,1,3,1,Non-Incapacitating Injury,01:34:00,2,0,2011,Saturday,Pedalcyclist,,E 4TH ST,Intersection,30.26550478,"Dark, Lighted",-97.74108246,One Motor Vehicle - Going Straight,,Vehicle Changing Lanes,,Not Applicable,False,NONE,,City Street,"Straight, Level",Main/Proper Lane,On Roadway,,35,SAN JACINTO BLVD,399,Dry,Stop Sign,Clear,Not Worn
12227530,True,False,,Austin Police Department,True,,,11-2320191,False,No,0,0,1,3,1,Non-Incapacitating Injury,01:34:00,2,0,2011,Saturday,Pedalcyclist,,E 4TH ST,Intersection,30.26550478,"Dark, Lighted",-97.74108246,One Motor Vehicle - Going Straight,,Vehicle Changing Lanes,,Not Applicable,False,NONE,,City Street,"Straight, Level",Main/Proper Lane,On Roadway,,35,SAN JACINTO BLVD,399,Dry,Stop Sign,Clear,Not Worn
12260984,True,False,,Austin Police Department,True,,,11-2321849,False,No,0,0,0,1,1,Possible Injury,21:22:00,1,0,2011,Saturday,Pedalcyclist,,ROGGE LN,Intersection,30.30783477,"Dark, Not Lighted",-97.69001247,One Motor Vehicle - Going Straight,,Not Applicable,,Not Applicable,False,NONE,,City Street,"Straight, Level",Main/Proper Lane,On Roadway,,0,WESTMINSTER DR,5501,Dry,Stop Sign,Clear,Not Worn
12246551,True,False,,Austin Police Department,False,,,11-2341696,False,No,0,0,0,1,1,Possible Injury,20:49:00,1,0,2011,Monday,Pedalcyclist,,,Non Intersection,30.36313965,"Dark, Lighted",-97.6972338,One Motor Vehicle - Going Straight,,Not Applicable,,Not Applicable,False,NONE,,City Street,"Straight, Level",Main/Proper Lane,On Roadway,,35,W RUNDBERG LN,NO DATA,Dry,Marked Lanes,Clear,Not Worn
12265741,False,False,38439,Austin Police Department,False,38439,2014,112341055,False,No,0,0,1,2,0,Non-Incapacitating Injury,14:17:00,1,0,2011,Monday,Pedalcyclist,Farm To Market,LEGENDARY DR,Intersection Related,30.43727953,Daylight,-97.73587539,One Motor Vehicle - Going Straight,6,Not Applicable,10,Not Applicable,False,NONE,200,Farm To Market,"Straight, Level",Main/Proper Lane,On Roadway,"4 Or More Lanes, Divided",0,FM0734,5524,Dry,Stop Sign,Clear,Not Worn
12289301,False,False,39107,Austin Police Department,False,39107,2014,11-2350494,False,No,0,0,1,2,0,Non-Incapacitating Injury,07:52:00,1,0,2011,Tuesday,Pedalcyclist,State Loop,SH0045,Intersection Related,30.2007271,Daylight,-97.86615755,One Motor Vehicle - Going Straight,4,Not Applicable,10,Not Applicable,False,NONE,500,US & State Highways,"Straight, Level",Main/Proper Lane,On Roadway,"4 Or More Lanes, Divided",45,SL0001,NO DATA,Dry,Signal Light,Clear,"Worn, Unk Damage"
12377081,False,True,,Austin Police Department,False,,,2011-2350549,False,No,0,0,1,1,0,Non-Incapacitating Injury,08:21:00,1,0,2011,Tuesday,Pedalcyclist,,,Driveway Access,30.21454589,Daylight,-97.79897748,One Motor Vehicle - Turning Left,,One Vehicle Entering Driveway,,Entrance To Or Exit From Private Property Or Driveway,False,NONE,,City Street,"Straight, Level",Main/Proper Lane,On Roadway,,20,MANCHACA RD,5601,Dry,Signal Light,Clear,Not Worn
12614453,False,False,,Austin Police Department,True,,,11-2350988,False,No,0,0,0,0,1,Possible Injury,12:37:00,1,1,2011,Tuesday,Pedalcyclist,,UNKNOWN,Intersection Related,30.31581581,Daylight,-97.70141548,One Motor Vehicle - Going Straight,,Not Applicable,,Not Applicable,False,NONE,,City Street,"Straight, Level",Main/Proper Lane,On Roadway,,0,CAMERON RD,5801,Dry,Signal Light,Clear,Not Worn
12246584,False,False,,Austin Police Department,True,,,11-2360439,False,No,0,0,0,1,1,Possible Injury,07:38:00,1,0,2011,Wednesday,Pedalcyclist,,CESAR CHAVEZ ST E,Intersection,30.25851478,Daylight,-97.72865247,One Motor Vehicle - Turning Left,,Not Applicable,,Not Applicable,False,NONE,,City Street,"Straight, Level",Main/Proper Lane,On Roadway,,35,COMAL ST,101,Dry,Signal Light,Clear,"Worn, Unk Damage"
12289685,False,False,33647,Austin Police Department,True,33647,2014,11-2361773,False,No,0,0,1,0,0,Non-Incapacitating Injury,20:56:00,1,1,2011,Wednesday,Pedalcyclist,State Loop,W RIVERSIDE DR,Intersection Related,30.26449154,"Dark, Lighted",-97.75711525,One Motor Vehicle - Turning Left,6,Not Applicable,0,Not Applicable,False,NONE,120,US & State Highways,"Straight, Level",Main/Proper Lane,On Roadway,"4 Or More Lanes, Divided",35,SL0343,NO DATA,Dry,Signal Light,Clear,Unknown If Worn
12298483,False,False,,Austin Police Department,True,,,112361382,False,No,0,0,1,1,0,Non-Incapacitating Injury,17:22:00,1,0,2011,Wednesday,Pedalcyclist,,TOWN CREEK DR,Intersection,30.24479478,Daylight,-97.72547247,One Motor Vehicle - Turning Left,,Not Applicable,,Not Applicable,False,NONE,,City Street,"Curve, Level",Main/Proper Lane,On Roadway,,35,S LAKESHORE BLVD,2000,Dry,Center Stripe/Divider,Clear,Not Worn
12246385,False,False,,Austin Police Department,False,,,11-2391210,False,No,0,0,1,1,0,Non-Incapacitating Injury,15:42:00,1,0,2011,Saturday,Pedalcyclist,State Highway,,Non Intersection,,Daylight,,One Motor Vehicle - Going Straight,,Not Applicable,,Private Drive Or Road,True,"BICYCLE, MENS",,Non Trafficway,Other (Explain In Narrative),Service/Frontage Road,Not Applicable,,0,SH0071,NO DATA,Dry,None,Clear,Not Worn
12246424,False,False,,Austin Police Department,False,,,11-2391032,False,No,0,0,1,1,0,Non-Incapacitating Injury,13:30:00,1,0,2011,Saturday,Pedalcyclist,,,Driveway Access,30.41569475,Daylight,-97.74835245,One Motor Vehicle - Going Straight,,One Vehicle Leaving Driveway,,Entrance To Or Exit From Private Property Or Driveway,False,NONE,,City Street,"Straight, Level",Other (Explain In Narrative),On Roadway,,0,JOLLYVILLE RD,11581,Dry,Bike Lane,Clear,"Worn, Not Damaged"
12245170,False,False,,Austin Police Department,False,,,112402013,False,No,0,0,1,1,0,Non-Incapacitating Injury,23:49:00,1,0,2011,Sunday,Pedalcyclist,,,Driveway Access,30.22429773,"Dark, Lighted",-97.7649054,One Motor Vehicle - Going Straight,,One Vehicle Leaving Driveway,,Entrance To Or Exit From Private Property Or Driveway,False,UNIT #1 BICYCLE,,City Street,"Straight, Level",Service/Frontage Road,On Roadway,,55,W BEN WHITE BLVD,200,Dry,None,Clear,Not Worn
12246511,False,False,,Austin Police Department,False,,,112410968,False,No,0,0,0,2,0,Not Injured,12:50:00,0,0,2011,Monday,Pedalcyclist,,,Non Intersection,,Daylight,,One Motor Vehicle - Going Straight,,Not Applicable,,In A Parking Lot,True,NONE,,Non Trafficway,"Straight, Level",Other (Explain In Narrative),Not Applicable,,0,S 1ST ST,NO DATA,Dry,None,Clear,Not Worn
12246285,False,False,,Austin Police Department,False,,,112432054,False,No,0,1,0,0,0,Incapacitating Injury,23:30:00,1,1,2011,Wednesday,Pedalcyclist,,,Non Intersection,30.39190583,"Dark, Not Lighted",-97.72157252,One Motor Vehicle - Going Straight,,Not Applicable,,Not Applicable,False,NONE,,Farm To Market,"Straight, Level",Main/Proper Lane,On Roadway,,0,BURNET RD,10707,Dry,None,Clear,Not Worn
12326495,False,False,,Austin Police Department,True,,,11-2452380,False,No,0,0,1,0,0,Non-Incapacitating Injury,02:16:00,1,4,2011,Friday,Pedalcyclist,,W 2ND ST,Intersection,30.26429478,"Dark, Lighted",-97.74420246,One Motor Vehicle - Going Straight,,Not Applicable,,Not Applicable,False,NONE,,City Street,"Straight, Level",Main/Proper Lane,On Roadway,,35,CONGRESS AVE,199,Dry,Signal Light,Clear,Not Worn
12259794,False,False,,Austin Police Department,True,,,112461875,False,No,0,1,0,0,0,Incapacitating Injury,21:01:00,1,0,2011,Saturday,Pedalcyclist,,BURLESON RD,Intersection Related,30.23146479,"Dark, Lighted",-97.73573247,One Motor Vehicle - Going Straight,,Not Applicable,,Not Applicable,False,NONE,,City Street,"Straight, Level",Main/Proper Lane,On Roadway,,40,E OLTORF ST,NO DATA,Dry,Signal Light,Clear,Not Worn
12270231,True,False,,Austin Police Department,True,,,11-2461612,False,No,0,0,1,1,0,Non-Incapacitating Injury,19:01:00,1,0,2011,Saturday,Pedalcyclist,,HART LN,Intersection Related,30.35134476,Daylight,-97.75814246,One Motor Vehicle - Going Straight,,Not Applicable,,Not Applicable,False,NONE,,City Street,"Curve, Grade",Main/Proper Lane,On Roadway,,30,THORNCLIFFE DR,6800,Dry,Stop Sign,Clear,Not Worn
12314093,False,False,148494,Austin Police Department,True,148494,2014,11-2462071,False,No,0,0,1,1,0,Non-Incapacitating Injury,22:03:00,1,0,2011,Saturday,Pedalcyclist,Interstate,E 6TH ST,Intersection Related,30.26574519,"Dark, Lighted",-97.73465308,One Motor Vehicle - Going Straight,6,Not Applicable,5,Not Applicable,False,NONE,300,Interstate,"Straight, Grade",Service/Frontage Road,On Roadway,"4 Or More Lanes, Divided",0,IH0035,NO DATA,Dry,Signal Light,Clear,Not Worn
12315007,False,False,,Austin Police Department,True,,,11-2461313,False,No,0,0,1,1,0,Non-Incapacitating Injury,16:21:00,1,0,2011,Saturday,Pedalcyclist,,PLEASANT VALLEY RD N,Intersection Related,30.25478478,Daylight,-97.71195247,One Motor Vehicle - Going Straight,,Not Applicable,,Not Applicable,False,NONE,,City Street,"Straight, Level",Main/Proper Lane,On Roadway,,30,E 3RD ST,2798,Dry,Stop Sign,Clear,"Worn, Unk Damage"
12314983,False,False,,Austin Police Department,False,,,11-2491946,False,No,0,0,1,0,0,Non-Incapacitating Injury,11:30:00,1,1,2011,Tuesday,Pedalcyclist,,,Non Intersection,30.29325555,Daylight,-97.73590487,One Motor Vehicle - Going Straight,,Not Applicable,,Not Applicable,False,NONE,,City Street,"Straight, Level",Main/Proper Lane,On Roadway,,25,SPEEDWAY,3014,Dry,Marked Lanes,Clear,Unknown If Worn
12259791,True,False,52925,Austin Police Department,False,52925,2014,112501138,False,No,0,0,1,3,0,Non-Incapacitating Injury,13:55:00,1,0,2011,Wednesday,Pedalcyclist,US Highway,W WILLIAM CANNON DR,Intersection Related,30.23396026,Daylight,-97.86570892,One Motor Vehicle - Going Straight,4,Not Applicable,6,Not Applicable,False,NONE,160,US & State Highways,"Straight, Level",Main/Proper Lane,On Roadway,"4 Or More Lanes, Undivided",50,US0290,NO DATA,Dry,Stop Sign,Clear,Not Worn
12259792,False,False,,Austin Police Department,True,,,11-2501907,False,No,0,0,1,1,0,Non-Incapacitating Injury,21:26:00,1,0,2011,Wednesday,Pedalcyclist,,S PLEASANT VALLEY RD,Intersection Related,30.23356479,"Dark, Lighted",-97.72378247,One Motor Vehicle - Going Straight,,Not Applicable,,Not Applicable,False,NONE,,City Street,"Straight, Level",Main/Proper Lane,On Roadway,,35,E RIVERSIDE DR,NO DATA,Dry,Signal Light With Red Light Running Camera,Clear,Not Worn
12270131,False,False,,Austin Police Department,True,,,11-2510761,False,No,0,0,1,1,0,Non-Incapacitating Injury,10:37:00,1,0,2011,Thursday,Pedalcyclist,,WOODWARD ST,Intersection,30.22964479,Daylight,-97.76025246,One Motor Vehicle - Going Straight,,Not Applicable,,Not Applicable,False,NONE,,City Street,"Straight, Level",Main/Proper Lane,On Roadway,,35,S CONGRESS AVE,3401,Dry,Signal Light,Clear,Not Worn
12270167,False,False,29304,Austin Police Department,True,29304,2014,112521382,False,No,0,0,1,1,0,Non-Incapacitating Injury,15:09:00,1,0,2011,Friday,Pedalcyclist,State Loop,GUADALUPE ST,Intersection Related,30.26437854,Daylight,-97.74801969,One Motor Vehicle - Going Straight,4,Not Applicable,7,Not Applicable,False,NONE,74,US & State Highways,"Straight, Level",Main/Proper Lane,On Roadway,"4 Or More Lanes, Undivided",30,SL0343,400,Dry,Signal Light,Clear,Not Worn
12272124,True,False,,Austin Police Department,False,,,112522177,True,No,0,0,1,5,0,Non-Incapacitating Injury,22:00:00,1,0,2011,Friday,Pedalcyclist,,MEDICAL ARTS ST,Intersection Related,30.28858185,"Dark, Lighted",-97.72929991,One Motor Vehicle - Turning Right,,Construction - Within Posted Road Construction Zone (Not Related To Crash),,Not Applicable,False,NONE,,City Street,"Straight, Level",Main/Proper Lane,On Roadway,,30,E DEAN KEETON ST,820,Dry,Signal Light,Clear,Not Worn
12356835,False,False,,Austin Police Department,True,,,11-2520599,False,No,0,0,1,1,0,Non-Incapacitating Injury,09:00:00,1,0,2011,Friday,Pedalcyclist,,DEEP EDDY AVE,Intersection Related,30.27807478,Daylight,-97.77256246,One Motor Vehicle - Turning Right,,Not Applicable,,Not Applicable,False,NONE,,City Street,"Straight, Level",Main/Proper Lane,On Roadway,,35,LAKE AUSTIN BLVD,NO DATA,Dry,Marked Lanes,Clear,"Worn, Damaged"
12270155,False,False,,Austin Police Department,False,,,11-2530621,False,No,0,0,1,1,0,Non-Incapacitating Injury,07:02:00,1,0,2011,Saturday,Pedalcyclist,,,Non Intersection,30.31066597,"Dark, Lighted",-97.73258911,One Motor Vehicle - Going Straight,,Not Applicable,,Not Applicable,False,NONE,,City Street,"Straight, Level",Main/Proper Lane,On Roadway,,30,W 45TH ST,558,Dry,Marked Lanes,Clear,"Worn, Not Damaged"
12272264,False,False,26658,Austin Police Department,True,26658,2014,,False,No,0,0,0,2,0,Not Injured,12:23:00,0,0,2011,Saturday,Pedalcyclist,Ranch To Mkt,ARROYO SECO,Intersection,30.33241213,Daylight,-97.73473934,One Motor Vehicle - Going Straight,4,Not Applicable,0,Not Applicable,False,NONE,70,Farm To Market,"Straight, Level",Main/Proper Lane,On Roadway,"4 Or More Lanes, Undivided",35,RM2222,1700,Dry,Stop Sign,Clear,"Worn, Not Damaged"
12280245,False,False,,Austin Police Department,True,,,11-2550723,False,No,0,0,0,1,0,Not Injured,10:00:00,0,1,2011,Monday,Pedalcyclist,,SAN ANTONIO ST,Intersection,30.28778478,Daylight,-97.74263246,One Motor Vehicle - Turning Left,,Not Applicable,,Not Applicable,False,NONE,,City Street,"Straight, Level",Main/Proper Lane,On Roadway,,30,W 24TH ST,504,Dry,Signal Light,Clear,Unknown If Worn
12270425,False,False,,Austin Police Department,False,,,1125603050,False,No,0,0,1,1,0,Non-Incapacitating Injury,07:08:00,1,0,2011,Tuesday,Pedalcyclist,,UNKNOWN,Intersection Related,30.26711478,Daylight,-97.74316246,One Motor Vehicle - Turning Left,,Not Applicable,,Not Applicable,False,NONE,,City Street,"Straight, Level",Main/Proper Lane,On Roadway,,40,CONGRESS AVE,500,Dry,Signal Light,Clear,Not Worn
12289124,True,False,,Austin Police Department,True,,,11-2560428,False,No,0,0,1,1,0,Non-Incapacitating Injury,08:06:00,1,0,2011,Tuesday,Pedalcyclist,,UNKNOWN,Intersection Related,30.23816479,Daylight,-97.76212246,One Motor Vehicle - Turning Left,,Not Applicable,,Not Applicable,False,NONE,,City Street,"Straight, Level",Main/Proper Lane,On Roadway,,35,S 1ST ST,2701,Dry,Signal Light,Clear,Not Worn
12314020,False,False,,Austin Police Department,True,,,11-2561830,False,No,0,0,1,2,0,Non-Incapacitating Injury,22:17:00,1,0,2011,Tuesday,Pedalcyclist,,ELIZABETH ST W,Intersection,30.25001478,"Dark, Not Lighted",-97.75494246,One Motor Vehicle - Going Straight,,Not Applicable,,Not Applicable,False,NONE,,City Street,"Straight, Level",Main/Proper Lane,On Roadway,,35,S 1ST ST,1499,Dry,Stop Sign,Clear,Not Worn
12314021,False,False,,Austin Police Department,True,,,11-2561300,False,No,0,0,1,1,0,Non-Incapacitating Injury,17:31:00,1,0,2011,Tuesday,Pedalcyclist,,KENWOOD AVE,Intersection,30.24423478,Daylight,-97.74035246,One Motor Vehicle - Going Straight,,Not Applicable,,Not Applicable,False,NONE,,City Street,"Straight, Grade",Main/Proper Lane,On Roadway,,30,REAGAN TER,1099,Dry,Stop Sign,Clear,Not Worn
12270074,False,False,,Austin Police Department,False,,,112571796,False,No,0,0,0,4,1,Possible Injury,20:25:00,1,0,2011,Wednesday,Pedalcyclist,,,Non Intersection,30.27125379,"Dark, Not Lighted",-97.70536516,One Motor Vehicle - Going Straight,,Not Applicable,,Not Applicable,False,NONE,,City Street,"Straight, Grade",Main/Proper Lane,On Roadway,,30,GOODWIN AVE,2715,Dry,Stop Sign,Clear,Not Worn
12280232,False,False,,Austin Police Department,True,,,11,False,No,0,0,0,1,1,Possible Injury,08:00:00,1,0,2011,Thursday,Pedalcyclist,,BRODIE LN,Intersection Related,30.21137479,Daylight,-97.83195244,One Motor Vehicle - Going Straight,,Not Applicable,,Not Applicable,False,NONE,,City Street,"Straight, Level",Main/Proper Lane,On Roadway,,30,CONVICT HILL RD,NO DATA,Dry,Signal Light,Clear,Not Worn
12280078,False,False,,Austin Police Department,False,,,11-2592134,False,No,0,0,0,1,0,Not Injured,22:38:00,0,1,2011,Friday,Pedalcyclist,,W CESAR CHAVEZ ST,Intersection Related,,"Dark, Lighted",,One Motor Vehicle - Turning Left,,Not Applicable,,Not Applicable,False,NONE,,City Street,"Straight, Level",Main/Proper Lane,On Roadway,,20,STEPHEN F AUSTIN DR,NO DATA,Dry,Marked Lanes,Clear,"Worn, Not Damaged"
12280163,False,False,,Austin Police Department,True,,,11-2591509,False,No,0,0,1,1,0,Non-Incapacitating Injury,17:49:00,1,0,2011,Friday,Pedalcyclist,,BRODIE LN,Intersection Related,,Daylight,,One Motor Vehicle - Going Straight,,Not Applicable,,Not Applicable,False,NONE,,City Street,"Straight, Level",Main/Proper Lane,On Roadway,,30,ALEXANDRIA DR,NO DATA,Dry,Signal Light,Clear,Not Worn
12280172,False,False,,Austin Police Department,True,,,112591104,False,No,0,0,1,1,0,Non-Incapacitating Injury,14:05:00,1,0,2011,Friday,Pedalcyclist,,W 27TH ST,Intersection Related,30.29195477,Daylight,-97.74119246,One Motor Vehicle - Going Straight,,Not Applicable,,Not Applicable,False,NONE,,City Street,"Straight, Level",Main/Proper Lane,On Roadway,,30,GUADALUPE ST,2701,Dry,Signal Light,Clear,Unknown If Worn
12280218,False,False,,Austin Police Department,False,,,11-2590871,False,No,0,0,0,2,1,Possible Injury,11:50:00,1,0,2011,Friday,Pedalcyclist,,,Non Intersection,30.19310018,Daylight,-97.77934234,One Motor Vehicle - Going Straight,,Not Applicable,,Not Applicable,False,NONE,,City Street,"Straight, Level",Main/Proper Lane,On Roadway,,40,W WILLIAM CANNON DR,NO DATA,Dry,Marked Lanes,Cloudy,Not Worn
12279721,False,False,,Austin Police Department,False,,,11-2600890,True,Yes,0,0,1,1,0,Non-Incapacitating Injury,11:08:00,1,0,2011,Saturday,Pedalcyclist,,,Driveway Access,30.23709939,Daylight,-97.75059243,One Motor Vehicle - Turning Left,,Construction - Within Posted Road Construction Zone (Not Related To Crash),,Entrance To Or Exit From Private Property Or Driveway,False,NONE,,City Street,"Straight, Grade",Main/Proper Lane,On Roadway,,35,OLTORF ST E,500,Dry,None,Clear,Not Worn
12314135,True,False,,Austin Police Department,True,,,112621256,False,No,0,0,1,2,0,Non-Incapacitating Injury,17:28:00,1,0,2011,Monday,Pedalcyclist,,N PLEASANT VALLEY RD,Intersection Related,30.26541478,Daylight,-97.70902247,One Motor Vehicle - Turning Right,,Not Applicable,,Not Applicable,False,NONE,,City Street,"Straight, Grade",Main/Proper Lane,On Roadway,,35,WEBBERVILLE RD,2901,Dry,Signal Light,Clear,"Worn, Not Damaged"
12314958,False,False,,Austin Police Department,True,,,11-2620555,False,No,0,0,1,1,0,Non-Incapacitating Injury,09:38:00,1,0,2011,Monday,Pedalcyclist,,W DEAN KEETON ST,Intersection,30.28930477,Daylight,-97.73460246,One Motor Vehicle - Turning Left,,Not Applicable,,Not Applicable,False,NONE,,City Street,"Straight, Level",Main/Proper Lane,On Roadway,,30,SAN JACINTO BLVD,NO DATA,Dry,Signal Light,Clear,"Worn, Not Damaged"
12279788,False,False,,Austin Police Department,True,,,112631524,False,No,0,0,1,1,0,Non-Incapacitating Injury,18:28:00,1,0,2011,Tuesday,Pedalcyclist,,W 21ST ST,Intersection,30.28380478,Daylight,-97.74191246,One Motor Vehicle - Turning Right,,Not Applicable,,Not Applicable,False,NONE,,City Street,"Straight, Level",Main/Proper Lane,On Roadway,,35,GUADALUPE ST,2099,Dry,Signal Light,Clear,"Worn, Damaged"
12341719,False,False,,Austin Police Department,True,,,11-2651737,False,No,0,0,1,2,0,Non-Incapacitating Injury,20:42:00,1,0,2011,Thursday,Pedalcyclist,,BRANCH ST,Intersection,30.27198478,"Dark, Not Lighted",-97.73090247,One Motor Vehicle - Turning Right,,Not Applicable,,Not Applicable,False,NONE,,City Street,"Straight, Grade",Main/Proper Lane,On Roadway,,30,E 12TH ST,901,Dry,Marked Lanes,Clear,Not Worn
12289177,False,False,,Austin Police Department,True,,,11-2661720,False,No,0,0,1,1,0,Non-Incapacitating Injury,19:40:00,1,0,2011,Friday,Pedalcyclist,,W DEAN KEETON ST,Intersection,30.28978477,"Dark, Lighted",-97.74140246,One Motor Vehicle - Turning Right,,Not Applicable,,Not Applicable,False,NONE,,City Street,"Straight, Level",Main/Proper Lane,On Roadway,,30,GUADALUPE ST,2525,Dry,Signal Light,Clear,Not Worn
12289178,False,False,,Austin Police Department,True,,,112661695,False,No,0,0,1,2,0,Non-Incapacitating Injury,19:28:00,1,0,2011,Friday,Pedalcyclist,,UNKNOWN,Intersection,30.30699442,"Dark, Lighted",-97.72457973,One Motor Vehicle - Turning Left,,Not Applicable,,Not Applicable,False,NONE,,City Street,"Straight, Level",Main/Proper Lane,On Roadway,,30,E 45TH ST,497,Dry,Signal Light,Clear,Not Worn
12289434,True,False,,Austin Police Department,False,,,11-2661944,False,No,0,0,2,0,0,Non-Incapacitating Injury,21:42:00,2,0,2011,Friday,Pedalcyclist,,,Non Intersection,30.27563478,Daylight,-97.70818247,One Motor Vehicle - Going Straight,,Not Applicable,,Not Applicable,False,NONE,,City Street,"Straight, Grade",Main/Proper Lane,On Roadway,,40,E 12TH ST,2899,Dry,None,Clear,Not Worn