Crash ID,$1000 Damage to Any One Person's Property,Active School Zone Flag,Adjusted Average Daily Traffic Amount,Agency,At Intersection Flag,Average Daily Traffic Amount,Average Daily Traffic Year,Case ID,Construction Zone Flag,Construction Zone Workers Present Flag,Crash Death Count,Crash Incapacitating Injury Count,Crash Non-incapacitating Injury Count,Crash Not Injured Count,Crash Possible Injury Count,Crash Severity,Crash Time,Crash Total Injury Count,Crash Unknown Injury Count,Crash Year,Day of Week,First Harmful Event,Highway System,Intersecting Street Name,Intersection Related,Latitude,Light Condition,Longitude,Manner of Collision,Number of Lanes,Other Factor,Outside Shoulder Width on Divided Highway,Physical Feature 1,Private Drive Flag,Property Damages,Right of Way Usual Width,Road Class,Roadway Alignment,Roadway Part,Roadway Relation,Roadway Type,Speed Limit,Street Name,Street Number,Surface Condition,Traffic Control Type,Weather Condition,Person Helmet
12289550,False,False,,Austin Police Department,True,,,112670736,False,No,0,0,1,4,0,Non-Incapacitating Injury,09:45:00,1,0,2011,Saturday,Pedalcyclist,,UNKNOWN,Intersection,30.26805478,Daylight,-97.74281246,One Motor Vehicle - Going Straight,,Not Applicable,,Not Applicable,False,NONE,,City Street,"Straight, Level",Main/Proper Lane,On Roadway,,0,CONGRESS AVE,600,Dry,Signal Light,Clear,"Worn, Not Damaged"
12289558,False,False,,Austin Police Department,True,,,11-2671700,False,No,0,0,1,1,0,Non-Incapacitating Injury,20:29:00,1,0,2011,Saturday,Pedalcyclist,,JONES RD,Intersection,30.22559479,"Dark, Lighted",-97.80384245,One Motor Vehicle - Turning Left,,Not Applicable,,Not Applicable,False,NONE,,City Street,"Straight, Level",Main/Proper Lane,On Roadway,,0,WEST GATE BLVD,5099,Dry,Signal Light,Clear,Not Worn
12289427,False,False,29344,Austin Police Department,True,29344,2014,112680968,False,No,0,0,1,4,0,Non-Incapacitating Injury,11:53:00,1,0,2011,Sunday,Pedalcyclist,Farm To Market,SENDERO HILLS PKWY,Intersection,30.28081313,Daylight,-97.64800951,One Motor Vehicle - Turning Left,4,Not Applicable,0,Not Applicable,False,NONE,100,Farm To Market,"Straight, Level",Other (Explain In Narrative),On Roadway,"4 Or More Lanes, Undivided",50,FM0969,7598,Dry,Center Stripe/Divider,Clear,Not Worn
12289564,True,False,44866,Austin Police Department,True,44866,2014,11-268-0830,False,No,0,1,0,1,0,Incapacitating Injury,09:53:00,1,0,2011,Sunday,Pedalcyclist,State Loop,RM2222,Intersection,30.32756992,Daylight,-97.81118466,One Motor Vehicle - Turning Left,4,Not Applicable,10,Not Applicable,False,NONE,350,US & State Highways,"Straight, Grade",Main/Proper Lane,On Roadway,"4 Or More Lanes, Divided",60,SL0360,NO DATA,Dry,Yield Sign,Clear,"Worn, Unk Damage"
12289077,False,False,,Austin Police Department,True,,,112691681,False,No,0,0,1,1,0,Non-Incapacitating Injury,20:56:00,1,0,2011,Monday,Pedalcyclist,,UNKNOWN,Intersection,30.29858477,"Dark, Lighted",-97.72267247,One Motor Vehicle - Going Straight,,Slowing/Stopping-To Make Left Turn,,Not Applicable,False,NONE,,City Street,"Straight, Level",Main/Proper Lane,On Roadway,,35,RED RIVER ST,4001,Dry,Stop Sign,Clear,Unknown If Worn
12289674,False,False,179906,Austin Police Department,True,179906,2014,112691880,False,No,0,0,0,0,1,Possible Injury,22:52:00,1,1,2011,Monday,Pedalcyclist,Interstate,LA POSADA DR,Intersection Related,30.32588303,"Dark, Lighted",-97.70625476,One Motor Vehicle - Going Straight,8,Not Applicable,10,Not Applicable,False,NONE,300,Interstate,"Straight, Level",Service/Frontage Road,On Roadway,"4 Or More Lanes, Divided",30,IH0035,NO DATA,Dry,Stop Sign,Clear,Not Worn
12289666,True,False,,Austin Police Department,True,,,112701803,False,No,0,0,1,2,0,Non-Incapacitating Injury,21:18:00,1,0,2011,Tuesday,Pedalcyclist,,UNKNOWN,Intersection,30.27896621,"Dark, Unknown Lighting",-97.73220285,One Motor Vehicle - Turning Left,,Not Applicable,,Not Applicable,False,BICYCLE,,Farm To Market,"Straight, Grade",Main/Proper Lane,On Roadway,,35,E MARTIN LUTHER KING JR BLVD,NO DATA,Dry,Signal Light,Clear,"Worn, Damaged"
12289606,True,False,52868,Austin Police Department,False,52868,2014,11-2710861,False,No,0,0,1,1,0,Non-Incapacitating Injury,12:34:00,1,0,2011,Wednesday,Pedalcyclist,Farm To Market,SL0001,Intersection Related,30.42003866,Daylight,-97.70368632,One Motor Vehicle - Going Straight,6,Not Applicable,10,Not Applicable,False,NONE,200,Farm To Market,"Straight, Grade",Main/Proper Lane,On Roadway,"4 Or More Lanes, Divided",50,FM0734,NO DATA,Dry,Signal Light,Clear,Not Worn
12306577,False,False,,Austin Police Department,False,,,11-2721732,False,No,0,1,0,1,0,Incapacitating Injury,20:25:00,1,0,2011,Thursday,Pedalcyclist,,,Non Intersection,30.246376,"Dark, Not Lighted",-97.71473287,One Motor Vehicle - Going Straight,,Not Applicable,,Not Applicable,False,BICYCLE,,City Street,"Straight, Level",Main/Proper Lane,On Roadway,,35,S PLEASANT VALLEY RD,500,Wet,Marked Lanes,Clear,"Worn, Not Damaged"
12306602,True,False,,Austin Police Department,True,,,112730526,False,No,0,0,1,1,0,Non-Incapacitating Injury,08:23:00,1,0,2011,Friday,Pedalcyclist,,W SLAUGHTER LN,Intersection Related,30.1866448,Daylight,-97.85510244,One Motor Vehicle - Turning Right,,Not Applicable,,Not Applicable,False,NONE,,City Street,"Straight, Level",Main/Proper Lane,On Roadway,,45,WOLFTRAP DR,NO DATA,Dry,Signal Light,Clear,Not Worn
12396787,True,False,,Austin Police Department,True,,,11-2741504,False,No,0,0,1,3,0,Non-Incapacitating Injury,18:08:00,1,0,2011,Saturday,Pedalcyclist,,UNKNOWN,Intersection,30.26992712,Daylight,-97.74951081,One Motor Vehicle - Turning Right,,Not Applicable,,Not Applicable,False,NONE,,City Street,"Straight, Level",Main/Proper Lane,On Roadway,,35,W 6TH ST,701,Dry,Signal Light,Clear,Not Worn
12318948,False,False,,Austin Police Department,False,,,11-2751419,False,No,0,0,1,1,0,Non-Incapacitating Injury,18:49:00,1,0,2011,Sunday,Pedalcyclist,,UNKNOWN,Intersection Related,30.1550448,Daylight,-97.83582245,One Motor Vehicle - Going Straight,,Not Applicable,,Not Applicable,False,NONE,,City Street,"Curve, Hillcrest",Main/Proper Lane,On Roadway,,30,MARCUS ABRAMS BLVD,1900,Dry,None,Clear,Not Worn
12618305,True,False,,Austin Police Department,False,,,11-2751798,False,No,0,0,0,1,1,Possible Injury,23:09:00,1,0,2011,Sunday,Pedalcyclist,,,Driveway Access,30.24329478,"Dark, Not Lighted",-97.75200913,One Motor Vehicle - Turning Left,,One Vehicle Entering Driveway,,Entrance To Or Exit From Private Property Or Driveway,False,NONE,,City Street,"Straight, Level",Main/Proper Lane,On Roadway,,35,CONGRESS AVE S,2103,Dry,None,Clear,"Worn, Unk Damage"
12355531,False,False,,Austin Police Department,False,,,11-2800929,False,No,0,0,0,0,1,Possible Injury,13:49:00,1,1,2011,Friday,Pedalcyclist,,UNKNOWN,Intersection Related,30.41564474,Daylight,-97.71932244,One Motor Vehicle - Going Straight,,Not Applicable,,Not Applicable,False,NONE,,City Street,"Straight, Level",Main/Proper Lane,On Roadway,,30,SCRIBE DR,12000,Dry,Stop Sign,Clear,Not Worn
12584774,True,False,,Austin Police Department,False,,,11-2820239,False,No,0,0,0,1,0,Not Injured,02:22:00,0,1,2011,Sunday,Pedalcyclist,,,Non Intersection,30.24029478,"Dark, Lighted",-97.72699246,One Motor Vehicle - Going Straight,,Not Applicable,,Not Applicable,False,NONE,,City Street,"Straight, Level",Main/Proper Lane,On Roadway,,0,E RIVERSIDE DR,2100,Dry,None,Clear,Unknown If Worn
12355672,False,False,,Austin Police Department,True,,,112841207,False,No,0,0,1,1,0,Non-Incapacitating Injury,17:09:00,1,0,2011,Tuesday,Pedalcyclist,,ELIZABETH ST W,Intersection Related,30.25001478,Daylight,-97.75494246,One Motor Vehicle - Turning Right,,Not Applicable,,Not Applicable,False,NONE,,City Street,"Straight, Level",Main/Proper Lane,On Roadway,,0,S 1ST ST,1499,Dry,Stop Sign,Clear,Not Worn
12395609,True,False,,Austin Police Department,True,,,112840267,False,No,0,0,1,1,0,Non-Incapacitating Injury,05:24:00,1,0,2011,Tuesday,Pedalcyclist,,RED RIVER ST,Intersection,30.27895478,"Dark, Lighted",-97.73216247,One Motor Vehicle - Turning Left,,Not Applicable,,Not Applicable,False,NONE,,City Street,"Straight, Grade",Main/Proper Lane,On Roadway,,35,E MARTIN LUTHER KING JR BLVD,NO DATA,Dry,Signal Light,Clear,Not Worn
12584750,False,False,,Austin Police Department,False,,,112841872,False,No,0,0,0,0,1,Possible Injury,23:03:00,1,1,2011,Tuesday,Pedalcyclist,,,Non Intersection,30.26101013,"Dark, Not Lighted",-97.71452584,One Motor Vehicle - Going Straight,,Not Applicable,,Not Applicable,False,NONE,,City Street,"Straight, Level",Main/Proper Lane,On Roadway,,0,E 7TH ST,2400,Dry,None,Clear,Not Worn
12318901,True,False,4300,Austin Police Department,True,4300,2014,11-2851402,False,No,0,0,1,1,0,Non-Incapacitating Injury,17:49:00,1,0,2011,Wednesday,Pedalcyclist,US Highway,TX 45 TOLL,Intersection Related,30.34026625,Daylight,-97.5917228,One Motor Vehicle - Turning Right,6,Vision Obstructed By Headlight Or Sun Glare,10,Not Applicable,False,NONE,400,US & State Highways,"Straight, Level",Main/Proper Lane,On Roadway,"4 Or More Lanes, Divided",40,US0290,NO DATA,Dry,Signal Light,Clear,Not Worn
12328422,True,False,,Austin Police Department,True,,,11-2861536,False,No,0,0,1,2,0,Non-Incapacitating Injury,19:16:00,1,0,2011,Thursday,Pedalcyclist,,HYSIDE DR,Intersection Related,30.30821477,Daylight,-97.67202248,One Motor Vehicle - Going Straight,,Not Applicable,,Not Applicable,False,NONE,,City Street,"Straight, Level",Main/Proper Lane,On Roadway,,30,MANOR RD,6309,Dry,Stop Sign,Clear,Not Worn
12328509,True,False,,Austin Police Department,False,,,11-2860136,False,No,0,1,0,1,0,Incapacitating Injury,02:37:00,1,0,2011,Thursday,Pedalcyclist,,,Non Intersection,30.24283522,"Dark, Lighted",-97.71700341,One Motor Vehicle - Going Straight,,Not Applicable,,Not Applicable,False,NONE,,City Street,"Straight, Grade",Main/Proper Lane,On Roadway,,45,S PLEASANT VALLEY RD,963,Dry,Marked Lanes,Clear,Not Worn
12328475,True,False,,Austin Police Department,True,,,112870561,False,No,0,0,1,1,0,Non-Incapacitating Injury,08:18:00,1,0,2011,Friday,Pedalcyclist,,CIMA SERENA DR,Intersection Related,30.37743476,Daylight,-97.75342246,One Motor Vehicle - Turning Right,,Not Applicable,,Not Applicable,False,NONE,,City Street,"Straight, Level",Main/Proper Lane,On Roadway,,30,MESA DR,8501,Dry,None,Clear,"Worn, Unk Damage"
12377039,False,False,,Austin Police Department,True,,,112870817,False,No,0,0,1,1,0,Non-Incapacitating Injury,11:00:00,1,0,2011,Friday,Pedalcyclist,,DUVAL ST,Intersection Related,30.30699477,Daylight,-97.72457247,One Motor Vehicle - Turning Right,,Not Applicable,,Not Applicable,False,NONE,,City Street,"Curve, Level",Main/Proper Lane,On Roadway,,35,E 45TH ST,NO DATA,Dry,Signal Light,Clear,"Worn, Not Damaged"
12378970,False,False,,Austin Police Department,True,,,112871600,False,No,0,0,0,0,0,Unknown,18:22:00,0,2,2011,Friday,Pedalcyclist,,PAAVILO ST,Intersection,,Daylight,,One Motor Vehicle - Turning Left,,Not Applicable,,Not Applicable,False,NONE,,City Street,"Straight, Grade",Main/Proper Lane,On Roadway,,30,E 12TH ST,NO DATA,Dry,Marked Lanes,Clear,Unknown If Worn
12328478,False,False,,Austin Police Department,True,,,11-2880915,False,No,0,0,0,0,1,Possible Injury,12:45:00,1,1,2011,Saturday,Pedalcyclist,,DUVAL ST,Intersection Related,30.30717477,Daylight,-97.72446247,One Motor Vehicle - Turning Right,,Not Applicable,,Not Applicable,False,NONE,,City Street,"Straight, Level",Main/Proper Lane,On Roadway,,0,E 45TH ST,500,Dry,Signal Light,Clear,"Worn, Not Damaged"
12329648,True,False,,Austin Police Department,False,,,,False,No,0,0,1,0,2,Non-Incapacitating Injury,13:31:00,3,0,2011,Saturday,Pedalcyclist,,,Non Intersection,30.29315281,Daylight,-97.74174636,One Motor Vehicle - Going Straight,,Not Applicable,,Not Applicable,False,NONE,,City Street,"Straight, Level",Main/Proper Lane,On Roadway,,35,GUADALUPE ST,2714,Dry,Marked Lanes,Clear,Unknown If Worn
12378971,True,False,,Austin Police Department,True,,,,False,No,0,1,0,1,0,Incapacitating Injury,18:24:00,1,0,2011,Monday,Pedalcyclist,,ALEXANDER AVE,Intersection,30.28568477,Daylight,-97.71020247,One Motor Vehicle - Turning Left,,Not Applicable,,Not Applicable,False,NONE,,City Street,"Straight, Grade",Main/Proper Lane,On Roadway,,35,MANOR RD,2901,Dry,Bike Lane,Clear,"Worn, Damaged"
12328038,True,False,,Austin Police Department,True,,,112911525,False,No,0,1,0,1,0,Incapacitating Injury,18:25:00,1,0,2011,Tuesday,Pedalcyclist,,UNKNOWN,Intersection,30.33030968,Daylight,-97.72358814,One Motor Vehicle - Turning Left,,Not Applicable,,Not Applicable,False,NONE,,US & State Highways,"Straight, Level",Other (Explain In Narrative),On Roadway,,40,N LAMAR BLVD,6191,Dry,Signal Light,Clear,Unknown If Worn
12328398,False,False,,Austin Police Department,True,,,11-2911350,False,No,0,0,0,1,1,Possible Injury,16:45:00,1,0,2011,Tuesday,Pedalcyclist,,W 24TH ST,Intersection Related,30.28853478,Daylight,-97.75277246,One Motor Vehicle - Going Straight,,Not Applicable,,Not Applicable,False,ELECTRIC BICYCLE,,City Street,"Straight, Grade",Main/Proper Lane,On Roadway,,35,N LAMAR BLVD,2399,Dry,Signal Light,Clear,Not Worn
12328497,False,False,,Austin Police Department,True,,,112911505,False,No,0,1,0,1,0,Incapacitating Injury,18:12:00,1,0,2011,Tuesday,Pedalcyclist,,CHERRYWOOD RD,Intersection,30.28439477,Daylight,-97.71849247,One Motor Vehicle - Turning Left,,Not Applicable,,Not Applicable,False,NONE,,City Street,"Straight, Level",Main/Proper Lane,On Roadway,,40,MANOR RD,2221,Dry,Signal Light,Clear,Not Worn
12329745,False,False,,Austin Police Department,False,,,116903437,False,No,0,0,0,1,1,Possible Injury,10:00:00,1,0,2011,Wednesday,Pedalcyclist,,,Non Intersection,,Daylight,,One Motor Vehicle - Going Straight,,Not Applicable,,In A Parking Lot,False,NONE,,Non Trafficway,"Straight, Level",Other (Explain In Narrative),Not Applicable,,0,N LAMAR BLVD,NO DATA,Dry,Other (Explain In Narrative),Clear,Not Worn
12329746,False,False,,Austin Police Department,False,,,112920418,False,No,0,0,1,1,0,Non-Incapacitating Injury,07:58:00,1,0,2011,Wednesday,Pedalcyclist,,UNKNOWN,Intersection Related,30.36085476,Daylight,-97.72077246,One Motor Vehicle - Going Straight,,Not Applicable,,Not Applicable,False,NONE,,City Street,"Straight, Level",Main/Proper Lane,On Roadway,,30,BURRELL DR,8500,Dry,Stop Sign,Clear,Not Worn
12377060,True,False,,Austin Police Department,True,,,112920343,False,No,0,1,1,0,1,Incapacitating Injury,06:54:00,3,0,2011,Wednesday,Motor Vehicle In Transport,,CESAR CHAVEZ ST E,Intersection,30.25299478,"Dark, Lighted",-97.71278247,Angle - Both Going Straight,,Not Applicable,,Not Applicable,False,NONE,,City Street,"Straight, Level",Main/Proper Lane,On Roadway,,30,N PLEASANT VALLEY RD,NO DATA,Dry,Signal Light,Clear,Unknown If Worn
12341255,False,False,,Austin Police Department,False,,,11-2931732,False,No,0,0,1,1,0,Non-Incapacitating Injury,20:38:00,1,0,2011,Thursday,Pedalcyclist,,,Driveway Access,30.2962549,"Dark, Lighted",-97.74226613,One Motor Vehicle - Turning Left,,One Vehicle Entering Driveway,,Entrance To Or Exit From Private Property Or Driveway,False,NONE,,City Street,"Straight, Level",Main/Proper Lane,On Roadway,,0,GUADALUPE ST,2924,Dry,None,Clear,"Worn, Not Damaged"
12377065,True,False,,Austin Police Department,True,,,11-2931944,False,No,0,0,1,1,0,Non-Incapacitating Injury,22:17:00,1,0,2011,Thursday,Pedalcyclist,,UNKNOWN,Intersection Related,30.27895478,"Dark, Lighted",-97.73216247,One Motor Vehicle - Going Straight,,Not Applicable,,Not Applicable,False,TREK BICYCLE,,City Street,"Straight, Level",Main/Proper Lane,On Roadway,,40,RED RIVER ST,NO DATA,Dry,Signal Light,Clear,Not Worn
12601141,False,False,,Austin Police Department,False,,,112931115,False,No,0,0,1,1,0,Non-Incapacitating Injury,15:05:00,1,0,2011,Thursday,Pedalcyclist,,,Driveway Access,30.28443679,Daylight,-97.7182754,One Motor Vehicle - Turning Right,,One Vehicle Entering Driveway,,Entrance To Or Exit From Private Property Or Driveway,False,NONE,,City Street,"Straight, Level",Main/Proper Lane,On Roadway,,35,MANOR RD,2276,Dry,None,Clear,"Worn, Not Damaged"
12341197,False,False,,Austin Police Department,False,,,11-2940508,False,No,0,0,1,1,0,Non-Incapacitating Injury,08:29:00,1,0,2011,Friday,Pedalcyclist,,,Driveway Access,,Daylight,,One Motor Vehicle - Turning Right,,One Vehicle Leaving Driveway,,Entrance To Or Exit From Private Property Or Driveway,False,NONE,,City Street,"Straight, Level",Main/Proper Lane,On Roadway,,60,FM0620,NO DATA,Dry,None,Clear,Not Worn
12341198,False,False,,Austin Police Department,True,,,112941413,False,No,0,0,1,1,0,Non-Incapacitating Injury,17:15:00,1,0,2011,Friday,Pedalcyclist,,UNKNOWN,Intersection,30.42920578,Daylight,-97.78225413,One Motor Vehicle - Going Straight,,Not Applicable,,Not Applicable,False,NONE,,City Street,"Straight, Level",Main/Proper Lane,On Roadway,,0,SPICEWOOD SPRINGS RD,8500,Dry,Signal Light,Clear,Unknown If Worn
12341224,True,False,,Austin Police Department,False,,,112961197,False,No,0,0,2,1,0,Non-Incapacitating Injury,16:24:00,2,0,2011,Sunday,Pedalcyclist,,,Non Intersection,30.28803817,Daylight,-97.64782948,One Motor Vehicle - Going Straight,,Not Applicable,,Not Applicable,False,NONE,,City Street,"Straight, Hillcrest",Main/Proper Lane,On Roadway,,30,SENDERO HILLS PKWY,5616,Dry,None,Clear,Not Worn
12341297,True,False,,Austin Police Department,True,,,11-2970496,False,No,0,0,0,1,1,Possible Injury,08:40:00,1,0,2011,Monday,Pedalcyclist,,SCOFIELD LN,Intersection Related,30.41520475,Daylight,-97.68839247,One Motor Vehicle - Turning Left,,Not Applicable,,Not Applicable,False,NONE,,City Street,"Straight, Level",Main/Proper Lane,On Roadway,,0,METRIC BLVD,NO DATA,Dry,Signal Light,Clear,Not Worn
12341307,False,False,,Austin Police Department,False,,,11-2971272,False,No,0,0,0,2,1,Possible Injury,17:17:00,1,0,2011,Monday,Pedalcyclist,,,Driveway Access,30.27966947,Daylight,-97.73469251,One Motor Vehicle - Turning Right,,One Vehicle Entering Driveway,,Entrance To Or Exit From Private Property Or Driveway,False,NONE,,Farm To Market,"Straight, Grade",Main/Proper Lane,On Roadway,,30,E MARTIN LUTHER KING JR BLVD,387,Dry,Bike Lane,Clear,Not Worn
12639194,False,False,,Austin Police Department,True,,,11-2980835,False,No,0,0,1,1,0,Non-Incapacitating Injury,12:08:00,1,0,2011,Tuesday,Pedalcyclist,,UNKNOWN,Intersection Related,30.30027191,Daylight,-97.64819703,One Motor Vehicle - Going Straight,,Not Applicable,,Not Applicable,False,NONE,,City Street,"Straight, Grade",Main/Proper Lane,On Roadway,,35,JOHNNY MORRIS RD,NO DATA,Dry,Signal Light,Clear,Not Worn
12341449,False,False,,Austin Police Department,False,,,11-3000961,False,No,0,0,1,1,0,Non-Incapacitating Injury,13:29:00,1,0,2011,Thursday,Pedalcyclist,,,Non Intersection,,Daylight,,One Motor Vehicle - Going Straight,,Not Applicable,,In A Parking Lot,True,NONE,,Non Trafficway,"Straight, Level",Service/Frontage Road,Not Applicable,,55,W BEN WHITE SVRD BLVD,NO DATA,Dry,Marked Lanes,Clear,Not Worn
12357124,False,False,,"Department Of Public Safety, State Of Texas",True,,,,False,No,0,0,0,1,1,Possible Injury,12:00:00,1,0,2011,Thursday,Pedalcyclist,,N CONGRESS AVE,Intersection,30.28063478,Daylight,-97.73808246,One Motor Vehicle - Turning Right,,Not Applicable,,Not Applicable,False,NONE,,City Street,"Straight, Grade",Main/Proper Lane,On Roadway,,35,W MARTIN LUTHER KING JR BLVD,NO DATA,Dry,Signal Light,Clear,Not Worn
12415441,False,False,,Austin Police Department,True,,,11-3011528,False,No,0,0,0,1,1,Possible Injury,17:56:00,1,0,2011,Friday,Pedalcyclist,,LYONS RD,Intersection,30.26247478,Daylight,-97.70383247,One Motor Vehicle - Going Straight,,Not Applicable,,Not Applicable,False,NONE,,City Street,"Straight, Level",Main/Proper Lane,On Roadway,,35,TILLERY ST,899,Dry,Stop Sign,Clear,Not Worn
12356817,True,False,21351,Austin Police Department,True,21351,2014,11-3041943,False,No,0,0,0,1,1,Possible Injury,22:50:00,1,0,2011,Monday,Pedalcyclist,State Loop,CONGRESS AVE,Intersection Related,30.26339563,"Dark, Lighted",-97.74449683,One Motor Vehicle - Going Straight,4,Not Applicable,10,Not Applicable,False,NONE,80,US & State Highways,"Straight, Level",Main/Proper Lane,On Roadway,"4 Or More Lanes, Undivided",30,SL0343,100,Dry,Signal Light,Clear,Not Worn
12584878,True,False,,Austin Police Department,True,,,11-3041256,False,No,0,0,1,3,1,Non-Incapacitating Injury,17:35:00,2,0,2011,Monday,Motor Vehicle In Transport,,RIO GRANDE ST,Intersection,30.27877478,Daylight,-97.74619246,Opposite Direction - One Straight-One Left Turn,,Not Applicable,,Not Applicable,False,NONE,,City Street,"Straight, Grade",Main/Proper Lane,On Roadway,,35,W 15TH ST,NO DATA,Dry,Signal Light,Clear,Not Worn
12355599,True,False,,Austin Police Department,False,,,11-3071521,False,No,0,0,0,1,1,Possible Injury,18:28:00,1,0,2011,Thursday,Pedalcyclist,,,Driveway Access,30.31195477,Daylight,-97.68557414,One Motor Vehicle - Turning Left,,One Vehicle Entering Driveway,,Entrance To Or Exit From Private Property Or Driveway,False,NONE,,City Street,"Straight, Level",Main/Proper Lane,On Roadway,,30,GASTON PLACE DR,2157,Dry,None,Clear,Not Worn
12355604,False,False,,Austin Police Department,False,,,113071431,False,No,0,0,1,1,0,Non-Incapacitating Injury,17:13:00,1,0,2011,Thursday,Pedalcyclist,,,Driveway Access,30.38202804,Daylight,-97.71994977,One Motor Vehicle - Going Straight,,One Vehicle Leaving Driveway,,Entrance To Or Exit From Private Property Or Driveway,False,NONE,,City Street,"Straight, Level",Other (Explain In Narrative),On Roadway,,0,RUTLAND DR,2304,Dry,None,Clear,Not Worn
12356904,False,False,,Austin Police Department,True,,,113071823,False,No,0,0,1,3,0,Non-Incapacitating Injury,21:51:00,1,0,2011,Thursday,Pedalcyclist,,UNKNOWN,Intersection,30.19498707,"Dark, Lighted",-97.7377808,One Motor Vehicle - Going Straight,,Not Applicable,,Not Applicable,False,NONE,,City Street,"Straight, Level",Main/Proper Lane,On Roadway,,30,TERI RD,5197,Dry,Stop Sign,Clear,Not Worn
12629115,False,False,33647,Austin Police Department,True,33647,2014,11-3071950,False,No,0,0,1,1,0,Non-Incapacitating Injury,21:47:00,1,0,2011,Thursday,Pedalcyclist,State Loop,IH0035,Intersection Related,30.2608614,"Dark, Not Lighted",-97.75852036,One Motor Vehicle - Turning Right,6,Not Applicable,0,Not Applicable,False,NONE,120,US & State Highways,"Curve, Level",Main/Proper Lane,On Roadway,"4 Or More Lanes, Divided",35,SL0343,NO DATA,Dry,Crosswalk,Clear,Unknown If Worn
12372301,False,False,,Austin Police Department,True,,,11-3081281,False,No,0,0,1,1,0,Non-Incapacitating Injury,15:53:00,1,0,2011,Friday,Pedalcyclist,,S 1ST ST,Intersection Related,30.22940479,Daylight,-97.76761246,One Motor Vehicle - Going Straight,,Not Applicable,,Not Applicable,False,NONE,,City Street,"Straight, Grade",Main/Proper Lane,On Roadway,,30,S CENTER ST,600,Dry,Stop Sign,Clear,Not Worn
12712867,False,False,,Austin Police Department,True,,,11-3111105,False,No,0,0,1,1,0,Non-Incapacitating Injury,15:21:00,1,0,2011,Monday,Pedalcyclist,,JOLLYVILLE RD,Intersection Related,30.41724475,Daylight,-97.75004245,One Motor Vehicle - Turning Right,,"Slowing/Stopping - For Officer, Flagman, Or Traffic Control",,Not Applicable,False,NONE,,City Street,"Straight, Level",Main/Proper Lane,On Roadway,,35,DUVAL RD,5799,Dry,Signal Light,Cloudy,Not Worn
12584913,False,False,,Austin Police Department,False,,,11-3120621,False,No,0,0,1,1,0,Non-Incapacitating Injury,09:38:00,1,0,2011,Tuesday,Pedalcyclist,,,Driveway Access,,Daylight,,One Motor Vehicle - Going Straight,,One Vehicle Entering Driveway,,Entrance To Or Exit From Private Property Or Driveway,True,NONE,,Non Trafficway,"Curve, Grade",Other (Explain In Narrative),Not Applicable,,0,DUVAL RD,NO DATA,Dry,None,Cloudy,Not Worn
12373729,False,False,,Austin Police Department,True,,,11-3131353,False,No,0,0,0,1,1,Possible Injury,11:00:00,1,0,2011,Wednesday,Pedalcyclist,,UNKNOWN,Intersection Related,30.33325658,Daylight,-97.70521838,One Motor Vehicle - Going Straight,,Not Applicable,,Not Applicable,False,NONE,,City Street,"Straight, Grade",Main/Proper Lane,On Roadway,,35,E ST JOHNS AVE,700,Unknown,Signal Light,Unknown,Not Worn
12385109,True,False,,Austin Police Department,False,,,11-3181122,False,No,0,0,1,3,0,Non-Incapacitating Injury,15:52:00,1,0,2011,Monday,Pedalcyclist,,,Non Intersection,30.23990898,Daylight,-97.76600139,One Motor Vehicle - Going Straight,,Not Applicable,,Not Applicable,False,NONE,,City Street,"Straight, Level",Main/Proper Lane,On Roadway,,30,5TH ST S,2693,Dry,None,Clear,Not Worn
12618278,False,False,,Austin Police Department,True,,,11-3181384,False,No,0,0,1,1,0,Non-Incapacitating Injury,18:14:00,1,0,2011,Monday,Pedalcyclist,,E STASSNEY LN,Intersection,30.20061479,"Dark, Lighted",-97.76826246,One Motor Vehicle - Going Straight,,Not Applicable,,Not Applicable,False,NONE,,City Street,"Straight, Level",Main/Proper Lane,On Roadway,,0,MIRA DR,NO DATA,Dry,Stop Sign,Clear,"Worn, Damaged"
12385271,False,False,,Austin Police Department,False,,,113201433,False,No,0,0,1,1,0,Non-Incapacitating Injury,18:22:00,1,0,2011,Wednesday,Pedalcyclist,,,Non Intersection,30.26232434,"Dark, Unknown Lighting",-97.72134777,One Motor Vehicle - Going Straight,,Vehicle Passing Or Attempting To Pass On Left,,Not Applicable,False,NONE,,City Street,"Straight, Level",Main/Proper Lane,On Roadway,,35,E 7TH ST,1945,Dry,None,Clear,Not Worn
12601192,False,False,,Austin Police Department,False,,,113201384,False,No,0,0,1,1,0,Non-Incapacitating Injury,17:58:00,1,0,2011,Wednesday,Pedalcyclist,,W SLAUGHTER LN,Intersection Related,30.20187042,"Dark, Lighted",-97.87809189,One Motor Vehicle - Turning Left,,Not Applicable,,Not Applicable,False,NONE,,City Street,"Straight, Level",Main/Proper Lane,On Roadway,,35,ESCARPMENT BLVD,9582,Dry,Other (Explain In Narrative),Clear,"Worn, Not Damaged"
12396977,False,False,,Austin Police Department,True,,,113291273,False,No,0,0,0,2,0,Not Injured,18:34:00,0,0,2011,Friday,Pedalcyclist,,W WILLIAM CANNON DR,Intersection,30.19917479,"Dark, Lighted",-97.79358245,One Motor Vehicle - Turning Right,,Not Applicable,,Not Applicable,False,NONE,,City Street,"Straight, Level",Main/Proper Lane,On Roadway,,45,EMERALD FOREST DR,NO DATA,Dry,Signal Light,Clear,"Worn, Unk Damage"
12396997,False,False,,Austin Police Department,False,,,11-3300639,False,No,0,0,0,1,1,Possible Injury,12:03:00,1,0,2011,Saturday,Pedalcyclist,,,Driveway Access,,Daylight,,One Motor Vehicle - Going Straight,,One Vehicle Leaving Driveway,,Entrance To Or Exit From Private Property Or Driveway,True,NONE,,Non Trafficway,"Straight, Level",Main/Proper Lane,Not Applicable,,45,BRODIE LN,NO DATA,Wet,None,Rain,Not Worn