Crash ID,$1000 Damage to Any One Person's Property,Active School Zone Flag,Adjusted Average Daily Traffic Amount,Agency,At Intersection Flag,Average Daily Traffic Amount,Average Daily Traffic Year,Case ID,Construction Zone Flag,Construction Zone Workers Present Flag,Crash Death Count,Crash Incapacitating Injury Count,Crash Non-incapacitating Injury Count,Crash Not Injured Count,Crash Possible Injury Count,Crash Severity,Crash Time,Crash Total Injury Count,Crash Unknown Injury Count,Crash Year,Day of Week,First Harmful Event,Highway System,Intersecting Street Name,Intersection Related,Latitude,Light Condition,Longitude,Manner of Collision,Number of Lanes,Other Factor,Outside Shoulder Width on Divided Highway,Physical Feature 1,Private Drive Flag,Property Damages,Right of Way Usual Width,Road Class,Roadway Alignment,Roadway Part,Roadway Relation,Roadway Type,Speed Limit,Street Name,Street Number,Surface Condition,Traffic Control Type,Weather Condition,Person Helmet
12618363,False,False,,Austin Police Department,True,,,113321257,False,No,0,0,1,3,0,Non-Incapacitating Injury,17:58:00,1,0,2011,Monday,Pedalcyclist,,BURLESON RD,Intersection,30.23146479,"Dark, Lighted",-97.73573247,One Motor Vehicle - Turning Left,,Not Applicable,,Not Applicable,False,NONE,,City Street,"Straight, Level",Main/Proper Lane,On Roadway,,40,E OLTORF ST,NO DATA,Dry,Signal Light,Clear,Unknown If Worn
12407500,False,False,,Austin Police Department,True,,,113330346,False,No,0,0,0,1,1,Possible Injury,07:33:00,1,0,2011,Tuesday,Pedalcyclist,,CANNONLEAGUE DR,Intersection,30.19943479,Daylight,-97.80620245,One Motor Vehicle - Turning Left,,Not Applicable,,Not Applicable,False,NONE,,City Street,"Straight, Hillcrest",Main/Proper Lane,On Roadway,,40,MATTHEWS LN,1900,Dry,Marked Lanes,Clear,"Worn, Not Damaged"
12418514,True,False,,"Department Of Public Safety, State Of Texas",True,,,,False,No,0,1,0,1,0,Incapacitating Injury,08:11:00,1,0,2011,Tuesday,Pedalcyclist,,TRINITY ST,Intersection,30.27174478,Daylight,-97.73760246,One Motor Vehicle - Going Straight,,Not Applicable,,Not Applicable,False,NONE,,City Street,"Straight, Grade",Main/Proper Lane,On Roadway,,0,E 11TH ST,398,Dry,Signal Light,Clear,Not Worn
12618174,True,False,,Austin Police Department,False,,,11-3331360,False,No,0,0,1,1,0,Non-Incapacitating Injury,17:14:00,1,0,2011,Tuesday,Pedalcyclist,,,Non Intersection,,Daylight,,One Motor Vehicle - Going Straight,,Not Applicable,,In A Parking Lot,True,NONE,,Non Trafficway,"Straight, Level",Other (Explain In Narrative),Not Applicable,,0,STONE LAKE BLVD,NO DATA,Dry,None,Clear,Not Worn
12407181,False,False,,Austin Police Department,False,,,11-3341915,False,No,0,0,1,1,0,Non-Incapacitating Injury,22:52:00,1,0,2011,Wednesday,Pedalcyclist,,,Non Intersection,30.26292372,"Dark, Lighted",-97.72622235,One Motor Vehicle - Going Straight,,Vehicle Passing Or Attempting To Pass On Left,,Not Applicable,False,NONE,,City Street,"Straight, Level",Main/Proper Lane,On Roadway,,30,E 6TH ST,1614,Dry,Center Stripe/Divider,Clear,Not Worn
12407203,False,False,,Austin Police Department,False,,,113341681,False,No,0,0,0,1,1,Possible Injury,20:22:00,1,0,2011,Wednesday,Pedalcyclist,,GUADALUPE ST,Intersection Related,30.28161908,"Dark, Lighted",-97.74158753,One Motor Vehicle - Turning Right,,Not Applicable,,Not Applicable,False,NONE,,City Street,"Straight, Level",Main/Proper Lane,On Roadway,,35,W MARTIN LUTHER KING JR BLVD,398,Dry,Marked Lanes,Clear,"Worn, Not Damaged"
12407204,False,False,,Austin Police Department,True,,,113341476,False,No,0,0,0,1,1,Possible Injury,18:24:00,1,0,2011,Wednesday,Pedalcyclist,,LAVACA ST,Intersection Related,30.26777478,"Dark, Lighted",-97.74555246,One Motor Vehicle - Turning Left,,Not Applicable,,Not Applicable,False,NONE,,City Street,"Straight, Level",Main/Proper Lane,On Roadway,,30,W 5TH ST,300,Dry,Signal Light,Clear,"Worn, Unk Damage"
12407207,False,False,,Austin Police Department,True,,,11-3340425,False,No,0,0,0,1,1,Possible Injury,08:10:00,1,0,2011,Wednesday,Pedalcyclist,,E 48TH ST,Intersection,30.31085477,Daylight,-97.72207247,One Motor Vehicle - Going Straight,,Not Applicable,,Not Applicable,False,NONE,,City Street,"Straight, Level",Main/Proper Lane,On Roadway,,0,DUVAL ST,4799,Dry,Stop Sign,Clear,Unknown If Worn
12408152,False,False,,Austin Police Department,False,,,11-3350208,False,No,0,0,1,1,0,Non-Incapacitating Injury,03:45:00,1,0,2011,Thursday,Pedalcyclist,,W CESAR CHAVEZ ST,Intersection Related,30.26334857,"Dark, Lighted",-97.74451175,One Motor Vehicle - Turning Right,,Not Applicable,,Not Applicable,False,NONE,,City Street,"Straight, Level",Main/Proper Lane,On Roadway,,35,CONGRESS AVE,NO DATA,Dry,Yield Sign,Clear,Not Worn
12667681,False,False,,Austin Police Department,True,,,113380394,False,No,0,0,0,1,0,Not Injured,03:47:00,0,1,2011,Sunday,Pedalcyclist,,W 4TH ST,Intersection,30.26654478,"Dark, Lighted",-97.74482246,One Motor Vehicle - Going Straight,,Not Applicable,,Not Applicable,False,NONE,,City Street,"Straight, Grade",Main/Proper Lane,On Roadway,,35,COLORADO ST,399,Wet,Stop Sign,Rain,Unknown If Worn
12446276,False,False,,Austin Police Department,True,,,113421148,False,No,0,0,1,1,0,Non-Incapacitating Injury,16:00:00,1,0,2011,Thursday,Pedalcyclist,,LINDEN ST,Intersection,30.25229478,Daylight,-97.71080247,One Motor Vehicle - Going Straight,,Not Applicable,,Not Applicable,False,NONE,,City Street,"Straight, Level",Main/Proper Lane,On Roadway,,0,CESAR CHAVEZ ST E,2998,Dry,Marked Lanes,Clear,"Worn, Not Damaged"
12446307,False,False,,Austin Police Department,True,,,113461328,False,No,0,0,1,1,0,Non-Incapacitating Injury,17:57:00,1,0,2011,Monday,Pedalcyclist,,GROVER AVE,Intersection,30.32542477,"Dark, Lighted",-97.73262246,One Motor Vehicle - Going Straight,,Not Applicable,,Not Applicable,False,NONE,,City Street,"Straight, Level",Main/Proper Lane,On Roadway,,0,HOUSTON ST,1200,Dry,Stop Sign,Cloudy,"Worn, Not Damaged"
12446369,True,False,123443,Austin Police Department,True,123443,2014,11-3461372,False,No,0,0,0,2,0,Not Injured,18:22:00,0,0,2011,Monday,Pedalcyclist,State Loop,US0183,Intersection,30.36819666,Daylight,-97.74248905,One Motor Vehicle - Turning Left,6,Not Applicable,10,Not Applicable,False,NONE,350,US & State Highways,"Straight, Grade",Service/Frontage Road,On Roadway,"4 Or More Lanes, Divided",35,SL0001,NO DATA,Dry,Signal Light,Clear,"Worn, Not Damaged"
12446291,False,False,,Austin Police Department,False,,,113481183,False,No,0,0,1,2,0,Non-Incapacitating Injury,15:06:00,1,0,2011,Wednesday,Pedalcyclist,,,Non Intersection,30.28686481,Daylight,-97.74162879,One Motor Vehicle - Going Straight,,Open Door Or Object Projecting From Vehicle,,Not Applicable,False,NONE,,City Street,"Straight, Level",Main/Proper Lane,On Roadway,,35,GUADALUPE ST,2335,Dry,Bike Lane,Clear,Not Worn
12667665,True,False,,Austin Police Department,True,,,113490397,False,No,0,0,1,2,0,Non-Incapacitating Injury,07:21:00,1,0,2011,Thursday,Pedalcyclist,,DUVAL ST,Intersection,30.29264477,Daylight,-97.73363246,One Motor Vehicle - Going Straight,,Not Applicable,,Not Applicable,False,NONE,,City Street,"Straight, Grade",Main/Proper Lane,On Roadway,,30,RATHERVUE PL,NO DATA,Wet,Stop Sign,Rain,"Worn, Unk Damage"
12614261,True,False,,Austin Police Department,False,,,113501612,False,No,0,0,1,0,0,Non-Incapacitating Injury,19:50:00,1,1,2011,Friday,Pedalcyclist,Farm To Market,,Non Intersection,,"Dark, Lighted",,One Motor Vehicle - Going Straight,,Not Applicable,,Not Applicable,False,NONE,,Farm To Market,"Straight, Level",Main/Proper Lane,On Roadway,,0,FM2304,NO DATA,Dry,None,Clear,Not Worn
12469887,False,False,,Austin Police Department,False,,,113551940,False,No,0,0,0,1,1,Possible Injury,23:15:00,1,0,2011,Wednesday,Pedalcyclist,,GIBSON ST W,Intersection Related,30.25153194,"Dark, Lighted",-97.75429801,One Motor Vehicle - Going Straight,,Not Applicable,,Not Applicable,False,NONE,,City Street,"Straight, Level",Main/Proper Lane,On Roadway,,35,S 1ST ST,1301,Wet,None,Rain,Unknown If Worn
12470025,True,False,,Austin Police Department,False,,,113551522,False,No,0,14,0,2,1,Incapacitating Injury,18:30:00,15,0,2011,Wednesday,Pedalcyclist,,,Non Intersection,30.27406572,"Dark, Lighted",-97.76065126,One Motor Vehicle - Going Straight,,Slowing/Stopping-For Traffic,,Not Applicable,False,NONE,,City Street,"Straight, Level",Main/Proper Lane,On Roadway,,30,W 6TH ST,1407,Wet,None,Rain,Not Worn
12470025,True,False,,Austin Police Department,False,,,113551522,False,No,0,14,0,2,1,Incapacitating Injury,18:30:00,15,0,2011,Wednesday,Pedalcyclist,,,Non Intersection,30.27406572,"Dark, Lighted",-97.76065126,One Motor Vehicle - Going Straight,,Slowing/Stopping-For Traffic,,Not Applicable,False,NONE,,City Street,"Straight, Level",Main/Proper Lane,On Roadway,,30,W 6TH ST,1407,Wet,None,Rain,Unknown If Worn
12470025,True,False,,Austin Police Department,False,,,113551522,False,No,0,14,0,2,1,Incapacitating Injury,18:30:00,15,0,2011,Wednesday,Pedalcyclist,,,Non Intersection,30.27406572,"Dark, Lighted",-97.76065126,One Motor Vehicle - Going Straight,,Slowing/Stopping-For Traffic,,Not Applicable,False,NONE,,City Street,"Straight, Level",Main/Proper Lane,On Roadway,,30,W 6TH ST,1407,Wet,None,Rain,Unknown If Worn
12470025,True,False,,Austin Police Department,False,,,113551522,False,No,0,14,0,2,1,Incapacitating Injury,18:30:00,15,0,2011,Wednesday,Pedalcyclist,,,Non Intersection,30.27406572,"Dark, Lighted",-97.76065126,One Motor Vehicle - Going Straight,,Slowing/Stopping-For Traffic,,Not Applicable,False,NONE,,City Street,"Straight, Level",Main/Proper Lane,On Roadway,,30,W 6TH ST,1407,Wet,None,Rain,Unknown If Worn
12470025,True,False,,Austin Police Department,False,,,113551522,False,No,0,14,0,2,1,Incapacitating Injury,18:30:00,15,0,2011,Wednesday,Pedalcyclist,,,Non Intersection,30.27406572,"Dark, Lighted",-97.76065126,One Motor Vehicle - Going Straight,,Slowing/Stopping-For Traffic,,Not Applicable,False,NONE,,City Street,"Straight, Level",Main/Proper Lane,On Roadway,,30,W 6TH ST,1407,Wet,None,Rain,Unknown If Worn
12470025,True,False,,Austin Police Department,False,,,113551522,False,No,0,14,0,2,1,Incapacitating Injury,18:30:00,15,0,2011,Wednesday,Pedalcyclist,,,Non Intersection,30.27406572,"Dark, Lighted",-97.76065126,One Motor Vehicle - Going Straight,,Slowing/Stopping-For Traffic,,Not Applicable,False,NONE,,City Street,"Straight, Level",Main/Proper Lane,On Roadway,,30,W 6TH ST,1407,Wet,None,Rain,Unknown If Worn
12470025,True,False,,Austin Police Department,False,,,113551522,False,No,0,14,0,2,1,Incapacitating Injury,18:30:00,15,0,2011,Wednesday,Pedalcyclist,,,Non Intersection,30.27406572,"Dark, Lighted",-97.76065126,One Motor Vehicle - Going Straight,,Slowing/Stopping-For Traffic,,Not Applicable,False,NONE,,City Street,"Straight, Level",Main/Proper Lane,On Roadway,,30,W 6TH ST,1407,Wet,None,Rain,Unknown If Worn
12470025,True,False,,Austin Police Department,False,,,113551522,False,No,0,14,0,2,1,Incapacitating Injury,18:30:00,15,0,2011,Wednesday,Pedalcyclist,,,Non Intersection,30.27406572,"Dark, Lighted",-97.76065126,One Motor Vehicle - Going Straight,,Slowing/Stopping-For Traffic,,Not Applicable,False,NONE,,City Street,"Straight, Level",Main/Proper Lane,On Roadway,,30,W 6TH ST,1407,Wet,None,Rain,Unknown If Worn
12470025,True,False,,Austin Police Department,False,,,113551522,False,No,0,14,0,2,1,Incapacitating Injury,18:30:00,15,0,2011,Wednesday,Pedalcyclist,,,Non Intersection,30.27406572,"Dark, Lighted",-97.76065126,One Motor Vehicle - Going Straight,,Slowing/Stopping-For Traffic,,Not Applicable,False,NONE,,City Street,"Straight, Level",Main/Proper Lane,On Roadway,,30,W 6TH ST,1407,Wet,None,Rain,Unknown If Worn
12470025,True,False,,Austin Police Department,False,,,113551522,False,No,0,14,0,2,1,Incapacitating Injury,18:30:00,15,0,2011,Wednesday,Pedalcyclist,,,Non Intersection,30.27406572,"Dark, Lighted",-97.76065126,One Motor Vehicle - Going Straight,,Slowing/Stopping-For Traffic,,Not Applicable,False,NONE,,City Street,"Straight, Level",Main/Proper Lane,On Roadway,,30,W 6TH ST,1407,Wet,None,Rain,Unknown If Worn
12470025,True,False,,Austin Police Department,False,,,113551522,False,No,0,14,0,2,1,Incapacitating Injury,18:30:00,15,0,2011,Wednesday,Pedalcyclist,,,Non Intersection,30.27406572,"Dark, Lighted",-97.76065126,One Motor Vehicle - Going Straight,,Slowing/Stopping-For Traffic,,Not Applicable,False,NONE,,City Street,"Straight, Level",Main/Proper Lane,On Roadway,,30,W 6TH ST,1407,Wet,None,Rain,Unknown If Worn
12470025,True,False,,Austin Police Department,False,,,113551522,False,No,0,14,0,2,1,Incapacitating Injury,18:30:00,15,0,2011,Wednesday,Pedalcyclist,,,Non Intersection,30.27406572,"Dark, Lighted",-97.76065126,One Motor Vehicle - Going Straight,,Slowing/Stopping-For Traffic,,Not Applicable,False,NONE,,City Street,"Straight, Level",Main/Proper Lane,On Roadway,,30,W 6TH ST,1407,Wet,None,Rain,Unknown If Worn
12470025,True,False,,Austin Police Department,False,,,113551522,False,No,0,14,0,2,1,Incapacitating Injury,18:30:00,15,0,2011,Wednesday,Pedalcyclist,,,Non Intersection,30.27406572,"Dark, Lighted",-97.76065126,One Motor Vehicle - Going Straight,,Slowing/Stopping-For Traffic,,Not Applicable,False,NONE,,City Street,"Straight, Level",Main/Proper Lane,On Roadway,,30,W 6TH ST,1407,Wet,None,Rain,Unknown If Worn
12470025,True,False,,Austin Police Department,False,,,113551522,False,No,0,14,0,2,1,Incapacitating Injury,18:30:00,15,0,2011,Wednesday,Pedalcyclist,,,Non Intersection,30.27406572,"Dark, Lighted",-97.76065126,One Motor Vehicle - Going Straight,,Slowing/Stopping-For Traffic,,Not Applicable,False,NONE,,City Street,"Straight, Level",Main/Proper Lane,On Roadway,,30,W 6TH ST,1407,Wet,None,Rain,Unknown If Worn
12470025,True,False,,Austin Police Department,False,,,113551522,False,No,0,14,0,2,1,Incapacitating Injury,18:30:00,15,0,2011,Wednesday,Pedalcyclist,,,Non Intersection,30.27406572,"Dark, Lighted",-97.76065126,One Motor Vehicle - Going Straight,,Slowing/Stopping-For Traffic,,Not Applicable,False,NONE,,City Street,"Straight, Level",Main/Proper Lane,On Roadway,,30,W 6TH ST,1407,Wet,None,Rain,Unknown If Worn
12470025,True,False,,Austin Police Department,False,,,113551522,False,No,0,14,0,2,1,Incapacitating Injury,18:30:00,15,0,2011,Wednesday,Pedalcyclist,,,Non Intersection,30.27406572,"Dark, Lighted",-97.76065126,One Motor Vehicle - Going Straight,,Slowing/Stopping-For Traffic,,Not Applicable,False,NONE,,City Street,"Straight, Level",Main/Proper Lane,On Roadway,,30,W 6TH ST,1407,Wet,None,Rain,Unknown If Worn
12485071,False,False,164391,Austin Police Department,True,164391,2014,11-3631959,False,No,0,0,1,1,0,Non-Incapacitating Injury,23:32:00,1,0,2011,Thursday,Pedalcyclist,Interstate,E 11TH ST,Intersection,30.27043897,"Dark, Lighted",-97.73289554,One Motor Vehicle - Turning Left,8,Not Applicable,10,Not Applicable,False,NONE,300,Interstate,"Straight, Grade",Service/Frontage Road,On Roadway,"4 Or More Lanes, Divided",40,IH0035,NO DATA,Dry,Signal Light,Clear,"Worn, Not Damaged"
12485151,False,False,,Austin Police Department,False,,,113631441,False,No,0,0,0,2,0,Not Injured,18:32:00,0,0,2011,Thursday,Pedalcyclist,,,Non Intersection,,"Dark, Lighted",,One Motor Vehicle - Going Straight,,Not Applicable,,In A Parking Lot,False,NONE,,Non Trafficway,"Straight, Level",Other (Explain In Narrative),Not Applicable,,35,W STASSNEY LN,NO DATA,Dry,None,Clear,Not Worn
12484951,True,False,,Austin Police Department,True,,,11-3641204,False,No,0,0,1,2,0,Non-Incapacitating Injury,15:47:00,1,0,2011,Friday,Pedalcyclist,,OAK KNOLL DR,Intersection,30.42100475,Daylight,-97.76318245,One Motor Vehicle - Going Straight,,Not Applicable,,Not Applicable,False,NONE,,City Street,"Straight, Level",Main/Proper Lane,On Roadway,,30,DANWOOD DR,6600,Dry,Stop Sign,Clear,"Worn, Damaged"
12485124,False,False,33647,Austin Police Department,True,33647,2014,113650958,True,No,0,0,0,2,1,Possible Injury,13:51:00,1,0,2011,Saturday,Pedalcyclist,State Loop,GIBSON ST W,Intersection,30.25495724,Daylight,-97.76217282,One Motor Vehicle - Turning Right,4,Construction - Within Posted Road Construction Zone (Not Related To Crash),0,Not Applicable,False,NONE,80,US & State Highways,"Straight, Level",Main/Proper Lane,On Roadway,"4 Or More Lanes, Undivided",40,SL0343,1199,Dry,None,Clear,Not Worn
12618127,False,False,,Austin Police Department,True,,,120011761,False,No,0,0,1,1,0,Non-Incapacitating Injury,15:11:00,1,0,2012,Sunday,Pedalcyclist,,SHADOWRIDGE RUN,Intersection,30.22463479,Daylight,-97.87487243,One Motor Vehicle - Going Straight,,Not Applicable,,Not Applicable,False,NONE,,City Street,"Curve, Grade",Main/Proper Lane,On Roadway,,30,DEBCOE DR,6600,Dry,None,Clear,"Worn, Not Damaged"
12614754,False,False,,Austin Police Department,True,,,12-0020993,False,No,0,0,1,1,0,Non-Incapacitating Injury,14:57:00,1,0,2012,Monday,Pedalcyclist,,THOMPSON ST,Intersection,30.26899478,Daylight,-97.70689247,One Motor Vehicle - Going Straight,,Not Applicable,,Not Applicable,False,NONE,,City Street,"Straight, Hillcrest",Main/Proper Lane,On Roadway,,35,WEBBERVILLE RD,3401,Dry,Stop Sign,Clear,Not Worn
12484284,True,False,,Austin Police Department,True,,,120041398,False,No,0,0,1,1,0,Non-Incapacitating Injury,18:22:00,1,0,2012,Wednesday,Pedalcyclist,,HERNDON LN,Intersection,30.24095479,"Dark, Lighted",-97.76542246,One Motor Vehicle - Turning Left,,Not Applicable,,Not Applicable,False,NONE,,City Street,"Straight, Level",Main/Proper Lane,On Roadway,,30,5TH ST S,2601,Dry,None,Clear,"Worn, Unk Damage"
12614657,True,False,,Austin Police Department,True,,,12-0040409,False,No,0,0,1,1,0,Non-Incapacitating Injury,08:08:00,1,0,2012,Wednesday,Pedalcyclist,,NEW YORK DR,Intersection,30.27292478,Daylight,-97.71377247,One Motor Vehicle - Turning Left,,Not Applicable,,Not Applicable,False,NONE,,City Street,"Curve, Hillcrest",Main/Proper Lane,On Roadway,,30,N PLEASANT VALLEY RD,1169,Dry,Bike Lane,Unknown,"Worn, Damaged"
12499171,False,False,,Austin Police Department,True,,,120061628,False,No,0,0,1,2,0,Non-Incapacitating Injury,17:49:00,1,0,2012,Friday,Pedalcyclist,,,Non Intersection,30.33166477,"Dark, Lighted",-97.81137244,One Motor Vehicle - Going Straight,,Not Applicable,,Not Applicable,False,NONE,,City Street,"Curve, Grade",Main/Proper Lane,On Roadway,,30,WESTLAKE DR,4432,Wet,None,Clear,Not Worn
12610414,False,False,,Austin Police Department,False,,,120071063,False,No,0,0,1,1,0,Non-Incapacitating Injury,13:49:00,1,0,2012,Saturday,Pedalcyclist,Interstate,,Non Intersection,,Daylight,,One Motor Vehicle - Going Straight,,Not Applicable,,In A Parking Lot,False,NONE,,Non Trafficway,"Curve, Level",Main/Proper Lane,Not Applicable,,10,IH0035,NO DATA,Dry,None,Clear,Not Worn
12499135,False,False,,Austin Police Department,True,,,12-0080984,False,No,0,0,1,1,0,Non-Incapacitating Injury,14:59:00,1,0,2012,Sunday,Pedalcyclist,,E 45TH ST,Intersection,30.30699477,Daylight,-97.72457247,One Motor Vehicle - Turning Right,,Not Applicable,,Not Applicable,False,NONE,,City Street,"Straight, Grade",Main/Proper Lane,On Roadway,,35,DUVAL ST,4431,Dry,Signal Light,Cloudy,Not Worn
12614709,False,False,123443,Austin Police Department,False,123443,2014,120091040,False,No,0,0,0,1,1,Possible Injury,15:40:00,1,0,2012,Monday,Pedalcyclist,State Loop,,Driveway Access,30.35171694,Daylight,-97.74901678,One Motor Vehicle - Going Straight,6,One Vehicle Leaving Driveway,10,Entrance To Or Exit From Private Property Or Driveway,False,NONE,350,US & State Highways,"Straight, Grade",Main/Proper Lane,On Roadway,"4 Or More Lanes, Divided",0,SL0001,NO DATA,Wet,None,Rain,"Worn, Unk Damage"
12498630,False,False,,Austin Police Department,True,,,120101222,False,No,0,0,1,1,0,Non-Incapacitating Injury,17:28:00,1,0,2012,Tuesday,Pedalcyclist,,E 34TH ST,Intersection,30.28953477,Daylight,-97.71498247,One Motor Vehicle - Turning Left,,Not Applicable,,Not Applicable,False,BICYCLE,,City Street,"Straight, Hillcrest",Main/Proper Lane,On Roadway,,0,CHERRYWOOD RD,3401,Dry,None,Clear,Unknown If Worn
12498787,False,False,,Austin Police Department,True,,,120111275,False,No,0,0,1,1,0,Non-Incapacitating Injury,17:17:00,1,0,2012,Wednesday,Pedalcyclist,,S INDUSTRIAL DR,Intersection Related,30.21555479,Daylight,-97.74008247,One Motor Vehicle - Going Straight,,Not Applicable,,Not Applicable,False,NONE,,City Street,"Straight, Level",Main/Proper Lane,On Roadway,,40,E BEN WHITE BLVD,NO DATA,Dry,Stop Sign,Clear,Not Worn
12629246,False,False,29304,Austin Police Department,True,29304,2014,12-0120991,False,No,0,0,0,2,0,Not Injured,14:19:00,0,0,2012,Thursday,Pedalcyclist,State Loop,GUADALUPE ST,Intersection Related,30.26437854,Daylight,-97.74801969,One Motor Vehicle - Going Straight,4,Not Applicable,7,Not Applicable,False,BICYCLE,74,US & State Highways,"Straight, Level",Main/Proper Lane,On Roadway,"4 Or More Lanes, Undivided",35,SL0343,400,Dry,Signal Light,Cloudy,Not Worn
12610407,True,False,,Austin Police Department,True,,,12-0131292,False,No,0,0,0,2,0,Not Injured,15:51:00,0,0,2012,Friday,Pedalcyclist,,UNKNOWN,Intersection,30.27360478,Daylight,-97.75170246,One Motor Vehicle - Turning Left,,Not Applicable,,Not Applicable,False,NONE,,City Street,"Straight, Level",Main/Proper Lane,On Roadway,,30,W 9TH ST,900,Dry,Stop Sign,Clear,Not Worn
12510523,True,False,,Austin Police Department,False,,,12-0171295,False,No,0,0,1,3,0,Non-Incapacitating Injury,16:50:00,1,0,2012,Tuesday,Pedalcyclist,,,Non Intersection,30.2723823,Daylight,-97.7646222,One Motor Vehicle - Going Straight,,Not Applicable,,Not Applicable,False,NONE,,US & State Highways,"Straight, Grade",Main/Proper Lane,On Roadway,,40,W CESAR CHAVEZ ST,1715,Dry,Marked Lanes,Clear,"Worn, Damaged"
12510712,True,False,,Austin Police Department,True,,,120171291,False,No,0,0,1,2,0,Non-Incapacitating Injury,16:47:00,1,0,2012,Tuesday,Pedalcyclist,,E 8TH ST,Intersection,30.26925478,Daylight,-97.73972246,One Motor Vehicle - Turning Right,,Not Applicable,,Not Applicable,False,NONE,,City Street,"Straight, Level",Main/Proper Lane,On Roadway,,30,SAN JACINTO BLVD,799,Dry,Signal Light,Clear,Not Worn
12524850,False,False,,Austin Police Department,False,,,120181281,False,No,0,0,1,1,0,Non-Incapacitating Injury,16:44:00,1,0,2012,Wednesday,Pedalcyclist,,ESCARPMENT BLVD,Intersection,30.22747147,Daylight,-97.86776629,One Motor Vehicle - Going Straight,,Not Applicable,,Not Applicable,False,NONE,,City Street,"Straight, Level",Main/Proper Lane,On Roadway,,30,RIDGE OAK RD,7200,Dry,Stop Sign,Clear,Not Worn
12618114,False,False,,Austin Police Department,False,,,12-0180755,False,No,0,0,0,0,1,Possible Injury,11:00:00,1,1,2012,Wednesday,Pedalcyclist,,GREENWOOD AVE,Intersection,30.2884695,Daylight,-97.69977302,One Motor Vehicle - Turning Right,,Not Applicable,,Not Applicable,False,NONE,,City Street,"Straight, Level",Main/Proper Lane,On Roadway,,35,MANOR RD,3532,Dry,Signal Light,Clear,"Worn, Not Damaged"
12629201,False,False,118604,Austin Police Department,True,118604,2014,12-0190654,False,No,0,0,0,3,0,Not Injured,10:28:00,0,0,2012,Thursday,Pedalcyclist,State Loop,RM2244,Intersection,30.26462109,Daylight,-97.78600996,One Motor Vehicle - Going Straight,7,Not Applicable,6,Not Applicable,False,NONE,300,US & State Highways,"Straight, Hillcrest",Service/Frontage Road,On Roadway,"4 Or More Lanes, Divided",40,SL0001,NO DATA,Dry,Stop Sign,Clear,Not Worn
12629201,False,False,118604,Austin Police Department,True,118604,2014,12-0190654,False,No,0,0,0,3,0,Not Injured,10:28:00,0,0,2012,Thursday,Pedalcyclist,State Loop,RM2244,Intersection,30.26462109,Daylight,-97.78600996,One Motor Vehicle - Going Straight,7,Not Applicable,6,Not Applicable,False,NONE,300,US & State Highways,"Straight, Hillcrest",Service/Frontage Road,On Roadway,"4 Or More Lanes, Divided",40,SL0001,NO DATA,Dry,Stop Sign,Clear,Not Worn
12610089,False,False,,Austin Police Department,True,,,120202306,False,No,0,0,1,1,0,Non-Incapacitating Injury,23:58:00,1,0,2012,Friday,Pedalcyclist,,UNKNOWN,Intersection Related,30.28992358,"Dark, Lighted",-97.74443624,One Motor Vehicle - Turning Left,,Not Applicable,,Not Applicable,False,NONE,,City Street,"Straight, Level",Main/Proper Lane,On Roadway,,0,RIO GRANDE ST,2507,Dry,Stop Sign,Clear,Not Worn
12510358,False,False,15613,Austin Police Department,True,15613,2014,120220643,False,No,0,0,1,1,0,Non-Incapacitating Injury,09:35:00,1,0,2012,Sunday,Pedalcyclist,State Highway,MERIDIAN PARK BLVD,Intersection,30.18983422,Daylight,-97.91885756,One Motor Vehicle - Going Straight,4,Not Applicable,10,Not Applicable,False,NONE,480,US & State Highways,"Straight, Level",Main/Proper Lane,On Roadway,"4 Or More Lanes, Divided",65,SH0045,NO DATA,Dry,Yield Sign,Clear,"Worn, Damaged"
12510797,True,False,,Austin Police Department,False,,,120221174,False,No,0,0,1,1,0,Non-Incapacitating Injury,16:51:00,1,0,2012,Sunday,Pedalcyclist,,,Driveway Access,30.23422479,Daylight,-97.72247247,One Motor Vehicle - Turning Right,,One Vehicle Entering Driveway,,Entrance To Or Exit From Private Property Or Driveway,False,NONE,,City Street,"Straight, Level",Main/Proper Lane,On Roadway,,35,S PLEASANT VALLEY RD,NO DATA,Dry,None,Clear,Not Worn
12524591,True,False,118676,Austin Police Department,False,118676,2014,2012-0231767,False,No,1,0,0,1,0,Killed,22:26:00,0,0,2012,Monday,Pedalcyclist,US Highway,,Non Intersection,30.43193358,"Dark, Not Lighted",-97.76490165,One Motor Vehicle - Going Straight,6,Vehicle Changing Lanes,10,Not Applicable,False,BICYCLE,260,US & State Highways,"Straight, Level",Service/Frontage Road,On Roadway,"4 Or More Lanes, Divided",50,US0183,NO DATA,Dry,Marked Lanes,Clear,Not Worn
12524945,False,False,,Austin Police Department,True,,,12-0251036,False,No,0,0,1,2,0,Non-Incapacitating Injury,12:35:00,1,0,2012,Wednesday,Pedalcyclist,,MEDICAL PKWY,Intersection,30.30566477,Daylight,-97.74414246,One Motor Vehicle - Going Straight,,Not Applicable,,Not Applicable,False,NONE,,City Street,"Straight, Level",Main/Proper Lane,On Roadway,,35,W 38TH ST,1100,Dry,Signal Light,Cloudy,"Worn, Not Damaged"
12525247,False,False,,Austin Police Department,False,,,120271454,False,No,0,0,1,1,0,Non-Incapacitating Injury,18:18:00,1,0,2012,Friday,Pedalcyclist,,,Driveway Access,30.3092906,"Dark, Lighted",-97.68113748,One Motor Vehicle - Turning Right,,One Vehicle Entering Driveway,,Entrance To Or Exit From Private Property Or Driveway,False,NONE,,City Street,"Straight, Level",Main/Proper Lane,On Roadway,,0,WHELESS LN,2606,Dry,Center Stripe/Divider,Clear,Unknown If Worn