Crash ID,$1000 Damage to Any One Person's Property,Active School Zone Flag,Adjusted Average Daily Traffic Amount,Agency,At Intersection Flag,Average Daily Traffic Amount,Average Daily Traffic Year,Case ID,Construction Zone Flag,Construction Zone Workers Present Flag,Crash Death Count,Crash Incapacitating Injury Count,Crash Non-incapacitating Injury Count,Crash Not Injured Count,Crash Possible Injury Count,Crash Severity,Crash Time,Crash Total Injury Count,Crash Unknown Injury Count,Crash Year,Day of Week,First Harmful Event,Highway System,Intersecting Street Name,Intersection Related,Latitude,Light Condition,Longitude,Manner of Collision,Number of Lanes,Other Factor,Outside Shoulder Width on Divided Highway,Physical Feature 1,Private Drive Flag,Property Damages,Right of Way Usual Width,Road Class,Roadway Alignment,Roadway Part,Roadway Relation,Roadway Type,Speed Limit,Street Name,Street Number,Surface Condition,Traffic Control Type,Weather Condition,Person Helmet
12584842,True,False,23804,Austin Police Department,False,23804,2014,12-0330494,False,No,0,0,1,2,0,Non-Incapacitating Injury,08:25:00,1,0,2012,Thursday,Pedalcyclist,Farm To Market,,Driveway Access,30.44198864,Daylight,-97.66590392,One Motor Vehicle - Turning Left,4,One Vehicle Entering Driveway,8,Entrance To Or Exit From Private Property Or Driveway,False,CABEROLE SALSA 12 SPEED BICYCLE (1500.00,120,Farm To Market,"Straight, Level",Main/Proper Lane,On Roadway,"4 Or More Lanes, Undivided",40,FM1825,14914,Dry,Center Stripe/Divider,Clear,"Worn, Not Damaged"
12539247,False,False,15262,Austin Police Department,True,15262,2014,120341235,False,No,0,0,1,1,0,Non-Incapacitating Injury,17:07:00,1,0,2012,Friday,Pedalcyclist,Farm To Market,SCOTTSDALE RD,Intersection Related,30.28624739,Daylight,-97.67889652,One Motor Vehicle - Going Straight,4,Not Applicable,0,Not Applicable,False,NONE,100,Farm To Market,"Straight, Hillcrest",Main/Proper Lane,On Roadway,"4 Or More Lanes, Undivided",30,FM0969,4901,Dry,Stop Sign,Clear,Not Worn
12599244,False,False,,Austin Police Department,True,,,120341211,False,No,0,1,0,1,0,Incapacitating Injury,16:49:00,1,0,2012,Friday,Pedalcyclist,,UNKNOWN,Intersection Related,30.17646878,Daylight,-97.83190185,One Motor Vehicle - Going Straight,,Not Applicable,,Not Applicable,False,BICYCLE,,City Street,"Straight, Level",Main/Proper Lane,On Roadway,,0,PIPING ROCK TRL,2699,Dry,Stop Sign,Clear,Not Worn
12539272,True,False,,Austin Police Department,True,,,120350960,True,No,0,0,0,1,1,Possible Injury,14:18:00,1,0,2012,Saturday,Pedalcyclist,,W STASSNEY LN,Intersection Related,30.21064479,Daylight,-97.78708245,One Motor Vehicle - Going Straight,,Construction - Within Posted Road Construction Zone (Not Related To Crash),,Not Applicable,False,NONE,,City Street,"Straight, Level",Main/Proper Lane,On Roadway,,35,EMERALD FOREST DR,5601,Dry,Signal Light,Clear,Not Worn
12539426,False,False,,Austin Police Department,True,,,12-0351143,False,No,0,0,1,1,0,Non-Incapacitating Injury,16:17:00,1,0,2012,Saturday,Pedalcyclist,,UNKNOWN,Intersection Related,30.32582652,Daylight,-97.73959274,One Motor Vehicle - Turning Right,,Not Applicable,,Not Applicable,False,NONE,,US & State Highways,"Straight, Level",Main/Proper Lane,On Roadway,,30,W NORTH LOOP BLVD,1685,Dry,Signal Light,Clear,Not Worn
12558913,True,False,,Austin Police Department,False,,,120381167,False,No,0,0,1,1,0,Non-Incapacitating Injury,15:15:00,1,0,2012,Tuesday,Pedalcyclist,,,Non Intersection,30.35941037,Daylight,-97.69270438,One Motor Vehicle - Going Straight,,Not Applicable,,Not Applicable,False,NONE,,City Street,"Straight, Level",Main/Proper Lane,On Roadway,,30,HACKBERRY LN,331,Dry,Stop Sign,Clear,Not Worn
12558951,False,False,,Austin Police Department,True,,,12-0380749,False,No,0,1,0,1,0,Incapacitating Injury,11:28:00,1,0,2012,Tuesday,Pedalcyclist,,W WILLIAM CANNON DR,Intersection Related,30.22329479,Daylight,-97.84169244,One Motor Vehicle - Going Straight,,Not Applicable,,Not Applicable,False,NONE,,City Street,"Straight, Level",Main/Proper Lane,On Roadway,,45,BRUSH COUNTRY RD,NO DATA,Dry,Signal Light,Clear,Unknown If Worn
12609367,False,False,,Austin Police Department,True,,,12-0381215,False,No,0,0,1,1,0,Non-Incapacitating Injury,15:42:00,1,0,2012,Tuesday,Pedalcyclist,,GUADALUPE ST,Intersection,30.28978477,Daylight,-97.74140246,One Motor Vehicle - Going Straight,,Not Applicable,,Not Applicable,False,NONE,,City Street,"Straight, Level",Main/Proper Lane,On Roadway,,0,W DEAN KEETON ST,398,Dry,Marked Lanes,Clear,Not Worn
12641867,False,False,115456,Austin Police Department,True,115456,2014,120401757,False,No,0,0,1,1,0,Non-Incapacitating Injury,21:13:00,1,0,2012,Thursday,Pedalcyclist,US Highway,FM1325,Intersection,30.37320328,"Dark, Lighted",-97.72640319,One Motor Vehicle - Turning Right,6,Not Applicable,10,Not Applicable,False,NONE,260,US & State Highways,"Straight, Level",Service/Frontage Road,On Roadway,"4 Or More Lanes, Divided",50,US0183,NO DATA,Dry,Signal Light,Clear,"Worn, Not Damaged"
12559151,True,False,,Austin Police Department,True,,,120411272,False,No,0,0,0,4,1,Possible Injury,16:49:00,1,0,2012,Friday,Pedalcyclist,,BARTON SPRINGS RD,Intersection,30.26606478,Daylight,-97.76887246,One Motor Vehicle - Going Straight,,Not Applicable,,Not Applicable,False,NONE,,City Street,"Straight, Hillcrest",Main/Proper Lane,On Roadway,,30,WILLIAM BARTON DR,NO DATA,Dry,None,Clear,"Worn, Damaged"
12559271,False,False,,Austin Police Department,True,,,12-0440779,False,No,0,0,1,1,0,Non-Incapacitating Injury,13:02:00,1,0,2012,Monday,Pedalcyclist,,RED RIVER ST,Intersection Related,30.29560477,Daylight,-97.72339247,One Motor Vehicle - Going Straight,,Not Applicable,,Not Applicable,False,NONE,,City Street,"Straight, Level",Main/Proper Lane,On Roadway,,35,E 38TH ST,898,Dry,Signal Light,Cloudy,Not Worn
12559293,False,False,,Austin Police Department,True,,,120451122,False,No,0,0,1,2,0,Non-Incapacitating Injury,15:21:00,1,0,2012,Tuesday,Pedalcyclist,,ROCKPOINT DR,Intersection Related,30.36410476,Daylight,-97.76276245,One Motor Vehicle - Going Straight,,Not Applicable,,Not Applicable,False,NONE,,City Street,"Straight, Level",Main/Proper Lane,On Roadway,,30,GREYSTONE DR,4018,Dry,Bike Lane,Clear,"Worn, Not Damaged"
12609310,False,False,,Austin Police Department,False,,,12-0460561,False,No,0,0,1,1,0,Non-Incapacitating Injury,09:17:00,1,0,2012,Wednesday,Pedalcyclist,,W CESAR CHAVEZ ST,Intersection Related,30.26468258,Daylight,-97.74910943,One Motor Vehicle - Going Straight,,Not Applicable,,Not Applicable,False,NONE,,City Street,Unknown,Main/Proper Lane,On Roadway,,30,SAN ANTONIO ST,102,Dry,Signal Light,Cloudy,"Worn, Not Damaged"
12712944,True,False,,Austin Police Department,False,,,120471130,False,No,0,0,1,1,0,Non-Incapacitating Injury,16:00:00,1,0,2012,Thursday,Pedalcyclist,,,Driveway Access,30.37743476,Daylight,-97.75342246,One Motor Vehicle - Turning Left,,One Vehicle Entering Driveway,,Entrance To Or Exit From Private Property Or Driveway,False,NONE,,City Street,"Straight, Level",Main/Proper Lane,On Roadway,,0,MESA DR,8501,Dry,Bike Lane,Clear,"Worn, Not Damaged"
12575172,False,False,,Austin Police Department,False,,,120480915,False,No,0,0,0,1,1,Possible Injury,13:22:00,1,0,2012,Friday,Pedalcyclist,,,Non Intersection,,Daylight,,One Motor Vehicle - Going Straight,,One Vehicle Leaving Driveway,,In A Parking Lot,False,NONE,,Non Trafficway,"Straight, Level",Other (Explain In Narrative),Not Applicable,,0,S PLEASANT VALLEY RD,NO DATA,Dry,None,Clear,Not Worn
12609273,False,False,41709,Austin Police Department,False,41709,2014,120500937,False,No,0,0,1,3,0,Non-Incapacitating Injury,13:30:00,1,0,2012,Sunday,Pedalcyclist,Ranch To Mkt,,Driveway Access,30.43748947,Daylight,-97.8381948,One Motor Vehicle - Turning Left,4,One Vehicle Entering Driveway,8,Entrance To Or Exit From Private Property Or Driveway,False,NONE,120,Farm To Market,"Straight, Level",Main/Proper Lane,On Roadway,"4 Or More Lanes, Undivided",60,RM0620,NO DATA,Dry,Marked Lanes,Clear,"Worn, Not Damaged"
12560378,False,False,22613,Austin Police Department,True,22613,2014,120511374,False,No,0,0,1,1,0,Non-Incapacitating Injury,19:06:00,1,0,2012,Monday,Pedalcyclist,State Loop,E 1ST ST,Intersection Related,30.26244633,"Dark, Lighted",-97.7410236,One Motor Vehicle - Going Straight,4,Not Applicable,10,Not Applicable,False,NONE,80,US & State Highways,"Straight, Level",Main/Proper Lane,On Roadway,"4 Or More Lanes, Undivided",0,SL0343,398,Dry,Crosswalk,Clear,Not Worn
12601359,False,False,,Austin Police Department,True,,,12-0521697,False,No,0,0,0,2,1,Possible Injury,21:32:00,1,0,2012,Tuesday,Pedalcyclist,,S CONGRESS AVE,Intersection Related,30.21521479,"Dark, Lighted",-97.76879246,One Motor Vehicle - Turning Left,,Not Applicable,,Not Applicable,False,NONE,,City Street,"Straight, Level",Main/Proper Lane,On Roadway,,40,SHERATON AVE,100,Dry,Signal Light,Clear,Not Worn
12735092,False,True,,Austin ISD Police Department,False,,,12-000874,False,No,0,0,1,1,0,Non-Incapacitating Injury,08:06:00,1,0,2012,Tuesday,Pedalcyclist,,,Driveway Access,,Daylight,,One Motor Vehicle - Turning Right,,One Vehicle Entering Driveway,,Entrance To Or Exit From Private Property Or Driveway,True,NONE,,Non Trafficway,"Curve, Grade",Other (Explain In Narrative),Not Applicable,,0,CONVICT HILL COVINGTON MS RD,NO DATA,Dry,None,Cloudy,Not Worn
12575604,False,False,,Austin Police Department,False,,,120531448,False,No,0,0,0,1,1,Possible Injury,17:32:00,1,0,2012,Wednesday,Pedalcyclist,,UNKNOWN,Intersection Related,30.30026477,Daylight,-97.74621246,One Motor Vehicle - Going Straight,,Not Applicable,,Not Applicable,False,NONE,,City Street,"Straight, Level",Main/Proper Lane,On Roadway,,30,W 31ST ST,1000,Dry,Stop Sign,Clear,Not Worn
12575612,False,False,,Austin Police Department,True,,,120531710,False,No,0,0,0,1,1,Possible Injury,19:39:00,1,0,2012,Wednesday,Pedalcyclist,,WEST AVE,Intersection,30.27605478,"Dark, Lighted",-97.74843246,One Motor Vehicle - Turning Left,,Not Applicable,,Not Applicable,False,NONE,,City Street,"Straight, Level",Main/Proper Lane,On Roadway,,35,W 12TH ST,800,Dry,Signal Light,Clear,Not Worn
12609409,False,False,,Austin Police Department,True,,,120530176,False,No,0,0,0,0,1,Possible Injury,02:17:00,1,1,2012,Wednesday,Pedalcyclist,,RUTLAND DR,Intersection,30.38062476,"Dark, Lighted",-97.71594246,One Motor Vehicle - Other,,Not Applicable,,Not Applicable,False,NONE,,City Street,"Straight, Level",Main/Proper Lane,On Roadway,,0,METRIC BLVD,NO DATA,Wet,Signal Light,Rain,Not Worn
12575491,False,False,34215,Austin Police Department,True,34215,2014,120561655,False,No,0,0,1,1,0,Non-Incapacitating Injury,17:34:00,1,0,2012,Saturday,Pedalcyclist,State Loop,W OLTORF ST,Intersection,30.24843051,Daylight,-97.76999678,One Motor Vehicle - Turning Left,4,Not Applicable,0,Not Applicable,False,NONE,80,US & State Highways,"Straight, Level",Main/Proper Lane,On Roadway,"4 Or More Lanes, Undivided",40,SL0343,2057,Dry,Signal Light,Clear,"Worn, Unk Damage"
12587785,True,False,,Austin Police Department,False,,,120601530,False,No,0,0,1,1,0,Non-Incapacitating Injury,19:04:00,1,0,2012,Wednesday,Pedalcyclist,,,Driveway Access,30.18935899,"Dark, Lighted",-97.76778658,One Motor Vehicle - Turning Left,,One Vehicle Leaving Driveway,,Entrance To Or Exit From Private Property Or Driveway,False,NONE,,City Street,"Straight, Level",Main/Proper Lane,On Roadway,,30,BLUFF SPRINGS RD,6582,Dry,None,Cloudy,Not Worn
12588178,False,False,,Austin Police Department,True,,,12-0601595,False,No,0,0,1,2,0,Non-Incapacitating Injury,19:48:00,1,0,2012,Wednesday,Pedalcyclist,,SAN SABA ST,Intersection,30.26217478,"Dark, Lighted",-97.71590247,One Motor Vehicle - Turning Left,,Not Applicable,,Not Applicable,False,NONE,,City Street,"Straight, Grade",Main/Proper Lane,On Roadway,,25,WEBBERVILLE RD,2299,Dry,None,Clear,Not Worn
12614594,True,False,,Austin Police Department,False,,,12-0600360,False,No,0,0,1,2,0,Non-Incapacitating Injury,06:56:00,1,0,2012,Wednesday,Pedalcyclist,,,Non Intersection,,Dawn,,One Motor Vehicle - Going Straight,,Not Applicable,,In A Parking Lot,False,NONE,,Non Trafficway,"Straight, Level",Other (Explain In Narrative),Not Applicable,,0,W SLAUGHTER LN,NO DATA,Dry,None,Cloudy,Not Worn
12614556,False,False,,Austin Police Department,True,,,2012-0621934,False,No,0,0,1,0,0,Non-Incapacitating Injury,22:00:00,1,1,2012,Friday,Pedalcyclist,,UNKNOWN,Intersection Related,30.26404478,Dawn,-97.72947247,One Motor Vehicle - Going Straight,,Not Applicable,,Not Applicable,False,NONE,,City Street,"Straight, Level",Main/Proper Lane,On Roadway,,30,ATTAYAC ST,601,Dry,None,Clear,Not Worn
12629254,True,False,162940,Austin Police Department,True,162940,2014,12-0620947,False,No,0,0,1,1,0,Non-Incapacitating Injury,13:15:00,1,0,2012,Friday,Pedalcyclist,Interstate,E OLTORF ST,Intersection Related,30.23360863,Daylight,-97.74126543,One Motor Vehicle - Going Straight,6,Not Applicable,10,Not Applicable,False,NONE,300,Interstate,"Straight, Level",Service/Frontage Road,On Roadway,"4 Or More Lanes, Divided",0,IH0035,NO DATA,Dry,Signal Light,Clear,Not Worn
12587778,False,False,,Austin Police Department,True,,,12-0630036,False,No,0,0,0,1,1,Possible Injury,00:19:00,1,0,2012,Saturday,Pedalcyclist,,W 38TH ST,Intersection,30.30274477,"Dark, Lighted",-97.73815246,One Motor Vehicle - Going Straight,,Not Applicable,,Not Applicable,False,NONE,,City Street,"Straight, Level",Main/Proper Lane,On Roadway,,0,GUADALUPE ST,3801,Dry,Signal Light,Clear,Not Worn
12588135,False,False,,Austin Police Department,True,,,120630306,False,No,0,0,1,2,0,Non-Incapacitating Injury,02:25:00,1,0,2012,Saturday,Pedalcyclist,,OLTORF ST E,Intersection,30.23879479,"Dark, Lighted",-97.75354246,One Motor Vehicle - Going Straight,,Not Applicable,,Not Applicable,False,NONE,,City Street,"Straight, Level",Main/Proper Lane,On Roadway,,0,S CONGRESS AVE,2401,Dry,Signal Light,Clear,Not Worn
12588139,True,False,,Austin Police Department,False,,,120631430,False,No,0,0,1,1,0,Non-Incapacitating Injury,17:39:00,1,0,2012,Saturday,Pedalcyclist,,,Non Intersection,30.19848619,Daylight,-97.75214796,One Motor Vehicle - Going Straight,,Not Applicable,,Not Applicable,False,NONE,,City Street,"Straight, Grade",Main/Proper Lane,On Roadway,,30,SORRET TREE CT,2240,Dry,None,Clear,Not Worn
12638460,False,False,35009,Austin Police Department,True,35009,2014,120640608,False,No,0,0,0,1,1,Possible Injury,08:39:00,1,0,2012,Sunday,Pedalcyclist,US Highway,OAK MEADOW DR,Intersection,30.23246117,Daylight,-97.8764604,One Motor Vehicle - Going Straight,6,Not Applicable,0,Not Applicable,False,NONE,160,US & State Highways,"Straight, Level",Main/Proper Lane,On Roadway,"4 Or More Lanes, Divided",30,US0290,NO DATA,Dry,Stop Sign,Clear,Not Worn
12588047,False,False,,Austin Police Department,True,,,12-0650827,False,No,0,0,1,1,0,Non-Incapacitating Injury,13:13:00,1,0,2012,Monday,Pedalcyclist,,METRIC BLVD,Intersection Related,30.40315475,Daylight,-97.70037247,One Motor Vehicle - Turning Right,,Not Applicable,,Not Applicable,False,NONE,,City Street,"Straight, Hillcrest",Other (Explain In Narrative),On Roadway,,30,BITTERN HOLW,NO DATA,Dry,Signal Light,Clear,Not Worn
12596673,True,False,,Austin Police Department,True,,,120680469,False,No,0,0,1,2,0,Non-Incapacitating Injury,08:46:00,1,0,2012,Thursday,Pedalcyclist,,W 14TH ST,Intersection,30.28131478,Daylight,-97.75838246,One Motor Vehicle - Turning Left,,Not Applicable,,Not Applicable,False,NONE,,City Street,"Straight, Level",Main/Proper Lane,On Roadway,,30,W LYNN ST,1301,Dry,Stop Sign,Cloudy,"Worn, Not Damaged"
12614598,True,False,,Austin Police Department,False,,,120681499,False,No,0,0,0,0,2,Possible Injury,19:05:00,2,1,2012,Thursday,Pedalcyclist,State Highway,,Driveway Access,,"Dark, Unknown Lighting",,One Motor Vehicle - Going Straight,,One Vehicle Leaving Driveway,,Entrance To Or Exit From Private Property Or Driveway,True,NONE,,Non Trafficway,Unknown,Service/Frontage Road,Not Applicable,,0,SH0071,NO DATA,Unknown,None,Unknown,Not Worn
12614598,True,False,,Austin Police Department,False,,,120681499,False,No,0,0,0,0,2,Possible Injury,19:05:00,2,1,2012,Thursday,Pedalcyclist,State Highway,,Driveway Access,,"Dark, Unknown Lighting",,One Motor Vehicle - Going Straight,,One Vehicle Leaving Driveway,,Entrance To Or Exit From Private Property Or Driveway,True,NONE,,Non Trafficway,Unknown,Service/Frontage Road,Not Applicable,,0,SH0071,NO DATA,Unknown,None,Unknown,Not Worn
12596655,False,False,,Austin Police Department,False,,,120691099,False,No,0,0,1,1,0,Non-Incapacitating Injury,04:00:00,1,0,2012,Friday,Pedalcyclist,,,Non Intersection,30.27203063,"Dark, Lighted",-97.75904667,One Motor Vehicle - Going Straight,,Not Applicable,,Not Applicable,False,NONE,,City Street,"Straight, Level",Other (Explain In Narrative),Off Roadway,,30,W 5TH ST,1218,Wet,Bike Lane,Rain,"Worn, Not Damaged"
12646999,False,False,,Austin Police Department,True,,,120761651,False,No,0,0,1,1,0,Non-Incapacitating Injury,17:11:00,1,0,2012,Friday,Pedalcyclist,,UNKNOWN,Intersection,30.26210109,Daylight,-97.73995869,One Motor Vehicle - Turning Left,,Not Applicable,,Not Applicable,False,NONE,,City Street,Unknown,Main/Proper Lane,On Roadway,,0,E CESAR CHAVEZ ST,500,Dry,Signal Light,Clear,Not Worn
12647013,False,False,,Austin Police Department,False,,,12-0766122,False,No,0,0,1,1,0,Non-Incapacitating Injury,13:17:00,1,0,2012,Friday,Pedalcyclist,,UNKNOWN,Intersection Related,30.29178159,Daylight,-97.7498409,One Motor Vehicle - Going Straight,,Not Applicable,,Not Applicable,False,NONE,,City Street,"Straight, Level",Main/Proper Lane,On Roadway,,0,SHOAL CREEK BLVD,2606,Dry,Crosswalk,Clear,Not Worn
12604071,True,False,34215,Austin Police Department,True,34215,2014,12-0771020,False,No,0,0,1,1,0,Non-Incapacitating Injury,11:46:00,1,0,2012,Saturday,Pedalcyclist,State Loop,BLUEBONNET LN,Intersection,30.24694096,Daylight,-97.77715953,One Motor Vehicle - Turning Right,4,Not Applicable,0,Not Applicable,False,NONE,80,US & State Highways,"Straight, Grade",Main/Proper Lane,On Roadway,"4 Or More Lanes, Undivided",40,SL0343,2421,Dry,Bike Lane,Cloudy,Unknown If Worn
12667746,False,False,,Austin Police Department,True,,,120811043,False,No,0,0,0,2,0,Not Injured,14:04:00,0,0,2012,Wednesday,Pedalcyclist,,W RIVERSIDE DR,Intersection,30.26028478,Daylight,-97.74963246,One Motor Vehicle - Turning Left,,Not Applicable,,Not Applicable,False,NONE,,City Street,"Straight, Level",Main/Proper Lane,On Roadway,,30,S 1ST ST,NO DATA,Dry,Signal Light,Clear,Not Worn
12629539,True,False,20895,Austin Police Department,True,20895,2014,12-0821406,False,No,0,0,1,1,0,Non-Incapacitating Injury,18:19:00,1,0,2012,Thursday,Pedalcyclist,State Loop,RED RIVER ST,Intersection,30.2618442,Daylight,-97.73886871,One Motor Vehicle - Turning Left,4,Not Applicable,10,Not Applicable,False,NONE,80,US & State Highways,"Straight, Level",Main/Proper Lane,On Roadway,"4 Or More Lanes, Undivided",35,SL0343,598,Dry,Signal Light,Clear,"Worn, Not Damaged"
12619874,True,False,,Austin Police Department,False,,,12-0831758,False,No,0,0,1,1,0,Non-Incapacitating Injury,20:13:00,1,0,2012,Friday,Pedalcyclist,Interstate,,Driveway Access,,"Dark, Not Lighted",,One Motor Vehicle - Going Straight,,One Vehicle Leaving Driveway,,Entrance To Or Exit From Private Property Or Driveway,True,NONE,,Non Trafficway,"Straight, Level",Service/Frontage Road,Not Applicable,,50,IH0035,NO DATA,Dry,None,Clear,Not Worn
12629475,True,False,,Austin Police Department,False,,,120831154,False,No,0,0,1,1,0,Non-Incapacitating Injury,14:35:00,1,0,2012,Friday,Pedalcyclist,,,Driveway Access,30.29096493,Daylight,-97.74282875,One Motor Vehicle - Turning Left,,One Vehicle Leaving Driveway,,Entrance To Or Exit From Private Property Or Driveway,False,NONE,,City Street,"Straight, Level",Main/Proper Lane,On Roadway,,30,NUECES ST,2629,Dry,None,Clear,Not Worn
12674713,False,False,,Austin Police Department,True,,,12-0851376,False,No,0,0,0,1,1,Possible Injury,18:14:00,1,0,2012,Sunday,Pedalcyclist,,NECHES ST,Intersection Related,30.26678478,Daylight,-97.73825246,One Motor Vehicle - Going Straight,,Not Applicable,,Not Applicable,False,NONE,,City Street,"Straight, Level",Main/Proper Lane,On Roadway,,35,E 6TH ST,498,Dry,Signal Light,Clear,"Worn, Not Damaged"
12629655,True,False,197636,Austin Police Department,True,197636,2014,12-0861077,True,No,0,0,0,2,0,Not Injured,14:19:00,0,0,2012,Monday,Pedalcyclist,Interstate,E RIVERSIDE DR,Intersection Related,30.24819973,Daylight,-97.73538932,One Motor Vehicle - Going Straight,6,Construction - Within Posted Road Construction Zone (Not Related To Crash),10,Not Applicable,False,NONE,300,Interstate,"Straight, Level",Service/Frontage Road,On Roadway,"4 Or More Lanes, Divided",35,IH0035,NO DATA,Dry,Signal Light,Clear,Not Worn
12705797,False,False,,Austin Police Department,False,,,120871056,False,No,0,0,1,6,0,Non-Incapacitating Injury,15:11:00,1,0,2012,Tuesday,Pedalcyclist,,S 1ST ST,Intersection,30.25889609,Daylight,-97.75161856,One Motor Vehicle - Going Straight,,Not Applicable,,Not Applicable,False,NONE,,City Street,"Straight, Level",Main/Proper Lane,On Roadway,,35,BARTON SPRINGS RD,717,Dry,Signal Light,Clear,Unknown If Worn
12676052,False,False,,Austin Police Department,False,,,120881842,False,No,0,0,1,0,0,Non-Incapacitating Injury,21:51:00,1,1,2012,Wednesday,Pedalcyclist,,,Non Intersection,30.2584348,"Dark, Lighted",-97.75021259,One Motor Vehicle - Going Straight,,Not Applicable,,Not Applicable,False,NONE,,City Street,"Curve, Grade",Main/Proper Lane,On Roadway,,0,BARTON SPRINGS RD,610,Wet,None,Rain,Not Worn
12635868,True,False,,Austin Police Department,False,,,12-0890834,False,No,0,0,1,1,0,Non-Incapacitating Injury,12:12:00,1,0,2012,Thursday,Pedalcyclist,,,Non Intersection,,Daylight,,One Motor Vehicle - Turning Left,,Not Applicable,,Private Drive Or Road,False,NONE,,Non Trafficway,"Straight, Grade",Other (Explain In Narrative),Not Applicable,,30,S CONGRESS AVE,NO DATA,Dry,None,Cloudy,Not Worn
12636118,False,False,,Austin Police Department,False,,,120890425,False,No,0,0,1,1,0,Non-Incapacitating Injury,07:52:00,1,0,2012,Thursday,Pedalcyclist,,,Driveway Access,,Daylight,,One Motor Vehicle - Going Straight,,One Vehicle Leaving Driveway,,Entrance To Or Exit From Private Property Or Driveway,True,NONE,,Non Trafficway,"Straight, Grade",Other (Explain In Narrative),Not Applicable,,0,W BRAKER LN,NO DATA,Dry,Stop Sign,Cloudy,Not Worn
12674776,False,False,,Austin Police Department,False,,,120890543,False,No,0,0,1,1,0,Non-Incapacitating Injury,09:20:00,1,0,2012,Thursday,Pedalcyclist,,,Driveway Access,30.23868436,Daylight,-97.75363644,One Motor Vehicle - Turning Left,,One Vehicle Entering Driveway,,Entrance To Or Exit From Private Property Or Driveway,False,NONE,,City Street,"Straight, Level",Other (Explain In Narrative),On Roadway,,35,S CONGRESS AVE,2407,Dry,Marked Lanes,Cloudy,Not Worn
12635847,False,False,,Austin Police Department,True,,,12-0902234,False,No,0,0,1,1,0,Non-Incapacitating Injury,23:14:00,1,0,2012,Friday,Pedalcyclist,,JESSIE ST,Intersection,30.26143478,"Dark, Lighted",-97.76001246,One Motor Vehicle - Turning Right,,Not Applicable,,Not Applicable,False,NONE,,City Street,"Straight, Level",Main/Proper Lane,On Roadway,,35,BARTON SPRINGS RD,NO DATA,Dry,Stop Sign,Clear,Not Worn
12635930,False,False,,Austin Police Department,True,,,120911913,False,No,0,0,1,2,0,Non-Incapacitating Injury,19:57:00,1,0,2012,Saturday,Pedalcyclist,,ATTAYAC ST,Intersection,30.26404478,Daylight,-97.72947247,One Motor Vehicle - Turning Left,,Not Applicable,,Not Applicable,False,NONE,,City Street,"Straight, Level",Main/Proper Lane,On Roadway,,30,E 6TH ST,1300,Dry,Marked Lanes,Clear,Not Worn
12712159,True,False,,Austin Police Department,False,,,120920991,False,No,0,0,1,1,0,Non-Incapacitating Injury,12:16:00,1,0,2012,Sunday,Pedalcyclist,,,Driveway Access,30.1782248,Unknown,-97.83872245,One Motor Vehicle - Turning Right,,One Vehicle Entering Driveway,,Entrance To Or Exit From Private Property Or Driveway,False,"TAG HEUR WATCH, TREK BIKE",,City Street,Unknown,Main/Proper Lane,On Roadway,,45,W SLAUGHTER LN,2900,Unknown,Bike Lane,Unknown,Not Worn
12636027,False,False,,Austin Police Department,False,,,120931292,False,No,0,0,0,1,1,Possible Injury,16:47:00,1,0,2012,Monday,Pedalcyclist,,,Driveway Access,30.23085127,Daylight,-97.73336731,One Motor Vehicle - Going Straight,,One Vehicle Leaving Driveway,,Entrance To Or Exit From Private Property Or Driveway,False,NONE,,City Street,"Straight, Level",Main/Proper Lane,On Roadway,,0,E OLTORF ST,2030,Dry,Marked Lanes,Clear,Not Worn
12677534,False,False,,Austin Police Department,False,,,120931132,False,No,0,0,1,1,0,Non-Incapacitating Injury,15:33:00,1,0,2012,Monday,Pedalcyclist,,,Non Intersection,30.28725728,Daylight,-97.72675997,One Motor Vehicle - Turning Right,,Not Applicable,,Not Applicable,False,NONE,,City Street,"Straight, Hillcrest",Main/Proper Lane,On Roadway,,35,E DEAN KEETON ST,924,Dry,Signal Light,Clear,Not Worn
12705824,False,False,,Austin Police Department,False,,,12-0930780,False,No,0,0,1,1,0,Non-Incapacitating Injury,12:09:00,1,0,2012,Monday,Pedalcyclist,,,Non Intersection,30.23105479,Daylight,-97.75934246,One Motor Vehicle - Going Straight,,Not Applicable,,Not Applicable,False,NONE,,City Street,"Straight, Level",Main/Proper Lane,On Roadway,,35,S CONGRESS AVE,3200,Dry,Bike Lane,Clear,Not Worn
12635986,False,False,,Austin Police Department,False,,,120941406,False,No,0,0,1,0,0,Non-Incapacitating Injury,17:07:00,1,1,2012,Tuesday,Pedalcyclist,,,Driveway Access,30.27355915,Daylight,-97.69108431,One Motor Vehicle - Turning Left,,One Vehicle Entering Driveway,,Entrance To Or Exit From Private Property Or Driveway,False,NONE,,City Street,"Straight, Level",Main/Proper Lane,On Roadway,,30,OAK SPRINGS DR,3824,Dry,None,Clear,Unknown If Worn
12648853,False,False,41709,Austin Police Department,False,41709,2014,120951443,False,No,0,0,1,6,0,Non-Incapacitating Injury,17:43:00,1,0,2012,Wednesday,Pedalcyclist,Ranch To Mkt,,Driveway Access,30.41873816,Daylight,-97.84637097,One Motor Vehicle - Turning Left,4,One Vehicle Entering Driveway,8,Entrance To Or Exit From Private Property Or Driveway,False,NONE,120,Farm To Market,"Straight, Level",Main/Proper Lane,On Roadway,"4 Or More Lanes, Undivided",60,RM0620,NO DATA,Dry,None,Clear,"Worn, Not Damaged"