Crash ID,$1000 Damage to Any One Person's Property,Active School Zone Flag,Adjusted Average Daily Traffic Amount,Agency,At Intersection Flag,Average Daily Traffic Amount,Average Daily Traffic Year,Case ID,Construction Zone Flag,Construction Zone Workers Present Flag,Crash Death Count,Crash Incapacitating Injury Count,Crash Non-incapacitating Injury Count,Crash Not Injured Count,Crash Possible Injury Count,Crash Severity,Crash Time,Crash Total Injury Count,Crash Unknown Injury Count,Crash Year,Day of Week,First Harmful Event,Highway System,Intersecting Street Name,Intersection Related,Latitude,Light Condition,Longitude,Manner of Collision,Number of Lanes,Other Factor,Outside Shoulder Width on Divided Highway,Physical Feature 1,Private Drive Flag,Property Damages,Right of Way Usual Width,Road Class,Roadway Alignment,Roadway Part,Roadway Relation,Roadway Type,Speed Limit,Street Name,Street Number,Surface Condition,Traffic Control Type,Weather Condition,Person Helmet
12832866,True,False,,Austin Police Department,False,,,120951532,False,No,0,1,0,4,0,Incapacitating Injury,18:23:00,1,0,2012,Wednesday,Pedalcyclist,,,Non Intersection,,Daylight,,One Motor Vehicle - Going Straight,,Not Applicable,,In A Parking Lot,True,NONE,,Non Trafficway,"Curve, Level",Other (Explain In Narrative),Not Applicable,,0,PARK PL,NO DATA,Dry,None,Clear,Not Worn
12648792,False,False,,Austin Police Department,True,,,120960371,False,No,0,0,1,1,0,Non-Incapacitating Injury,07:05:00,1,0,2012,Thursday,Pedalcyclist,,DEDHAM LN,Intersection,30.1936748,Daylight,-97.88590243,One Motor Vehicle - Going Straight,,Not Applicable,,Not Applicable,False,NONE,,City Street,"Straight, Grade",Main/Proper Lane,On Roadway,,30,ESCARPMENT BLVD,NO DATA,Dry,Stop Sign,Clear,"Worn, Not Damaged"
12648839,False,False,,Austin Police Department,False,,,12-0960145,False,No,0,1,0,2,0,Incapacitating Injury,02:16:00,1,0,2012,Thursday,Pedalcyclist,,,Non Intersection,30.35993437,"Dark, Lighted",-97.72982256,One Motor Vehicle - Going Straight,,Not Applicable,,Not Applicable,False,NONE,,City Street,"Straight, Level",Main/Proper Lane,On Roadway,,40,BURNET RD,NO DATA,Dry,Marked Lanes,Clear,Unknown If Worn
12648844,True,False,,Austin Police Department,True,,,12-0961995,False,No,0,0,0,3,0,Not Injured,22:29:00,0,0,2012,Thursday,Motor Vehicle In Transport,,E 38TH ST,Intersection,30.29871477,"Dark, Lighted",-97.72979246,Opposite Direction - One Straight-One Left Turn,,Not Applicable,,Not Applicable,False,NONE,,City Street,"Straight, Level",Main/Proper Lane,On Roadway,,35,DUVAL ST,3799,Dry,Signal Light,Clear,Not Worn
12677565,True,False,,Austin Police Department,True,,,120961295,False,No,0,0,1,2,0,Non-Incapacitating Injury,16:17:00,1,0,2012,Thursday,Pedalcyclist,,W RIVERSIDE DR,Intersection,30.26028478,Daylight,-97.74963246,One Motor Vehicle - Turning Left,,Not Applicable,,Not Applicable,False,NONE,,City Street,Unknown,Main/Proper Lane,On Roadway,,0,S 1ST ST,NO DATA,Dry,Signal Light,Clear,Not Worn
12648769,False,False,,Austin Police Department,False,,,12-0971366,False,No,0,0,1,2,0,Non-Incapacitating Injury,17:33:00,1,0,2012,Friday,Pedalcyclist,,,Driveway Access,30.24168775,Daylight,-97.75870456,One Motor Vehicle - Turning Left,,One Vehicle Entering Driveway,,Entrance To Or Exit From Private Property Or Driveway,False,NONE,,City Street,"Straight, Level",Main/Proper Lane,On Roadway,,35,OLTORF ST W,509,Dry,None,Clear,"Worn, Damaged"
12648787,False,False,,Austin Police Department,True,,,12-0970861,False,No,0,0,1,1,0,Non-Incapacitating Injury,12:35:00,1,0,2012,Friday,Pedalcyclist,,UNKNOWN,Intersection,30.30789175,Daylight,-97.74139229,One Motor Vehicle - Turning Left,,Not Applicable,,Not Applicable,False,NONE,,US & State Highways,"Straight, Level",Main/Proper Lane,On Roadway,,40,N LAMAR BLVD,4005,Dry,Signal Light,Clear,Not Worn
12650225,True,False,,Austin Police Department,False,,,120981697,False,No,0,0,1,1,0,Non-Incapacitating Injury,21:30:00,1,0,2012,Saturday,Pedalcyclist,,,Driveway Access,30.23172585,Daylight,-97.75895108,One Motor Vehicle - Turning Left,,One Vehicle Entering Driveway,,Entrance To Or Exit From Private Property Or Driveway,False,NONE,,City Street,"Straight, Level",Main/Proper Lane,On Roadway,,45,S CONGRESS AVE,3107,Dry,None,Clear,Not Worn
12650238,False,False,,Austin Police Department,True,,,,False,No,0,0,1,1,0,Non-Incapacitating Injury,13:39:00,1,0,2012,Saturday,Pedalcyclist,,UNKNOWN,Intersection,30.25890478,Daylight,-97.74621246,One Motor Vehicle - Going Straight,,Not Applicable,,Not Applicable,False,NONE,,US & State Highways,"Curve, Grade",Main/Proper Lane,On Roadway,,0,CONGRESS AVE S,301,Dry,Signal Light,Clear,Not Worn
12677502,False,False,,Austin Police Department,True,,,120981251,False,No,0,0,1,4,0,Non-Incapacitating Injury,17:48:00,1,0,2012,Saturday,Pedalcyclist,,UNKNOWN,Intersection,30.37683476,Daylight,-97.65911248,One Motor Vehicle - Going Straight,,Not Applicable,,Not Applicable,False,NONE,,City Street,"Straight, Level",Main/Proper Lane,On Roadway,,0,DESSAU RD,11700,Dry,Signal Light,Clear,"Worn, Not Damaged"
12706507,True,False,,Austin Police Department,False,,,,False,No,0,0,1,1,0,Non-Incapacitating Injury,02:02:00,1,0,2012,Saturday,Pedalcyclist,,,Non Intersection,30.22235501,"Dark, Lighted",-97.77208757,One Motor Vehicle - Going Straight,,Not Applicable,,Not Applicable,False,NONE,,City Street,"Straight, Grade",Main/Proper Lane,On Roadway,,35,S 1ST ST,4300,Dry,Flashing Yellow Light,Clear,"Worn, Not Damaged"
12648999,True,False,,Austin Police Department,True,,,120991175,False,No,0,0,1,7,2,Non-Incapacitating Injury,18:23:00,3,0,2012,Sunday,Pedalcyclist,,UNKNOWN,Intersection,30.24138478,Daylight,-97.72593247,One Motor Vehicle - Turning Left,,Not Applicable,,Not Applicable,False,NONE,,City Street,"Curve, Level",Main/Proper Lane,On Roadway,,30,ELMONT DR,2100,Dry,Yield Sign,Clear,Not Worn
12650227,True,False,,Austin Police Department,True,,,121000765,False,No,0,0,1,1,0,Non-Incapacitating Injury,11:55:00,1,0,2012,Monday,Pedalcyclist,,SANTA RITA ST,Intersection,30.25677478,Daylight,-97.71683247,One Motor Vehicle - Going Straight,,Not Applicable,,Not Applicable,False,NONE,,City Street,"Straight, Grade",Main/Proper Lane,On Roadway,,30,JULIAN TERAN ST,301,Dry,Stop Sign,Clear,Not Worn
12648868,False,False,,Austin Police Department,False,,,12-1010661,False,No,0,0,1,2,0,Non-Incapacitating Injury,10:50:00,1,0,2012,Tuesday,Pedalcyclist,,,Non Intersection,30.29546203,Daylight,-97.7367638,One Motor Vehicle - Going Straight,,Not Applicable,,Not Applicable,False,NONE,,City Street,"Curve, Grade",Main/Proper Lane,On Roadway,,30,SPEEDWAY,3104,Dry,None,Clear,"Worn, Damaged"
12670648,False,False,,"Department Of Public Safety, State Of Texas",False,,,,False,No,0,0,0,1,1,Possible Injury,09:20:00,1,0,2012,Tuesday,Pedalcyclist,,,Non Intersection,,"Dark, Not Lighted",,One Motor Vehicle - Going Straight,,One Vehicle Leaving Driveway,,Private Drive Or Road,False,NONE,,Non Trafficway,"Straight, Level",Main/Proper Lane,Not Applicable,,35,GUADALUPE ST,NO DATA,Dry,Marked Lanes,Clear,Unknown If Worn
12660367,False,False,,Austin Police Department,False,,,12-1050305,False,No,0,1,0,1,0,Incapacitating Injury,02:50:00,1,0,2012,Saturday,Pedalcyclist,,,Non Intersection,30.2695939,"Dark, Lighted",-97.73840994,One Motor Vehicle - Going Straight,,Not Applicable,,Not Applicable,False,NONE,,City Street,"Straight, Hillcrest",Main/Proper Lane,On Roadway,,0,TRINITY ST,871,Dry,None,Clear,Not Worn
12712164,False,False,,Austin Police Department,False,,,121051342,False,No,0,0,0,3,1,Possible Injury,16:37:00,1,0,2012,Saturday,Pedalcyclist,,,Non Intersection,30.18382461,Daylight,-97.74983702,One Motor Vehicle - Going Straight,,Not Applicable,,Not Applicable,False,NONE,,City Street,"Straight, Level",Main/Proper Lane,On Roadway,,25,CREEK BEND DR,4786,Dry,None,Clear,Unknown If Worn
12660477,False,False,,Austin Police Department,False,,,12-1080847,False,No,0,0,1,1,0,Non-Incapacitating Injury,12:52:00,1,1,2012,Tuesday,Pedalcyclist,,,Non Intersection,30.26787352,Daylight,-97.73850006,One Motor Vehicle - Going Straight,,Not Applicable,,Not Applicable,False,NONE,,City Street,"Straight, Level",Main/Proper Lane,On Roadway,,45,E 7TH ST,444,Dry,Center Stripe/Divider,Clear,"Worn, Not Damaged"
12712190,False,False,34215,Austin Police Department,False,34215,2014,12-1100607,False,No,0,0,1,1,0,Non-Incapacitating Injury,10:39:00,1,0,2012,Thursday,Pedalcyclist,State Loop,,Driveway Access,30.24645044,Daylight,-97.77829459,One Motor Vehicle - Turning Right,4,One Vehicle Entering Driveway,0,Entrance To Or Exit From Private Property Or Driveway,False,NONE,80,US & State Highways,Unknown,Main/Proper Lane,On Roadway,"4 Or More Lanes, Undivided",35,SL0343,2511,Dry,None,Clear,Not Worn
12677620,True,False,,Austin Police Department,True,,,12-1141770,False,No,0,0,1,0,0,Non-Incapacitating Injury,22:04:00,1,1,2012,Monday,Pedalcyclist,,W 38TH ST,Intersection,30.30274477,"Dark, Lighted",-97.73815246,One Motor Vehicle - Turning Left,,Not Applicable,,Not Applicable,False,NONE,,City Street,"Straight, Level",Main/Proper Lane,On Roadway,,35,GUADALUPE ST,3801,Dry,Signal Light,Clear,Not Worn
12678281,False,False,,Austin Police Department,False,,,121160797,False,No,0,0,1,1,0,Non-Incapacitating Injury,11:41:00,1,0,2012,Wednesday,Pedalcyclist,,CROCKETT ST,Intersection,30.24284866,Daylight,-97.75217206,One Motor Vehicle - Turning Left,,Not Applicable,,Not Applicable,False,NONE,,City Street,"Straight, Level",Main/Proper Lane,On Roadway,,40,CONGRESS AVE S,2111,Dry,Bike Lane,Clear,"Worn, Unk Damage"
12678452,True,False,,Austin Police Department,False,,,121161326,False,No,0,0,1,0,0,Non-Incapacitating Injury,16:39:00,1,1,2012,Wednesday,Pedalcyclist,Interstate,,Non Intersection,,Daylight,,One Motor Vehicle - Going Straight,,Not Applicable,,In A Parking Lot,True,NONE,,Non Trafficway,"Straight, Level",Other (Explain In Narrative),Not Applicable,,5,IH0035,NO DATA,Dry,None,Clear,Unknown If Worn
12705913,True,False,,Austin Police Department,False,,,121160045,False,No,0,1,0,1,0,Incapacitating Injury,00:29:00,1,0,2012,Wednesday,Pedalcyclist,,,Non Intersection,30.23471796,"Dark, Not Lighted",-97.74383661,One Motor Vehicle - Going Straight,,Vehicle Changing Lanes,,Not Applicable,False,NONE,,City Street,"Straight, Hillcrest",Main/Proper Lane,On Roadway,,0,OLTORF ST E,1277,Dry,None,Clear,Not Worn
12678335,True,False,,Austin Police Department,False,,,121171427,False,No,0,0,1,5,0,Non-Incapacitating Injury,18:12:00,1,0,2012,Thursday,Pedalcyclist,,,Non Intersection,30.246376,Daylight,-97.71473287,One Motor Vehicle - Going Straight,,Not Applicable,,Not Applicable,False,NONE,,City Street,"Straight, Level",Main/Proper Lane,On Roadway,,35,S PLEASANT VALLEY RD,500,Dry,None,Clear,Not Worn
12686725,False,False,,Austin Police Department,False,,,12-1231568,False,No,0,1,0,1,0,Incapacitating Injury,18:21:00,1,0,2012,Wednesday,Pedalcyclist,,S PLEASANT VALLEY RD,Intersection Related,30.19705742,Daylight,-97.74431384,One Motor Vehicle - Going Straight,,Not Applicable,,Not Applicable,False,NONE,,City Street,"Straight, Level",Main/Proper Lane,On Roadway,,30,TERI RD,4586,Dry,Marked Lanes,Clear,Unknown If Worn
12697752,False,False,,Austin Police Department,False,,,12-1231453,False,No,0,0,0,1,1,Possible Injury,17:21:00,1,0,2012,Wednesday,Pedalcyclist,US Highway,,Non Intersection,,Daylight,,One Motor Vehicle - Turning Right,,Attention Diverted From Driving,,Private Drive Or Road,True,NONE,,Non Trafficway,"Straight, Level",Service/Frontage Road,Not Applicable,,45,US0183,NO DATA,Dry,None,Clear,Unknown If Worn
12686840,False,False,,Austin Police Department,True,,,12-1241561,False,No,0,0,1,0,0,Non-Incapacitating Injury,18:53:00,1,1,2012,Thursday,Pedalcyclist,,CIMARRON TRL,Intersection Related,30.22705479,Daylight,-97.79015245,One Motor Vehicle - Going Straight,,Not Applicable,,Not Applicable,False,NONE,,City Street,"Straight, Level",Main/Proper Lane,On Roadway,,35,MANCHACA RD,4517,Dry,Stop Sign,Clear,Not Worn
12696955,False,False,,Austin Police Department,True,,,121260575,False,No,0,0,1,2,0,Non-Incapacitating Injury,06:29:00,1,0,2012,Saturday,Pedalcyclist,,CHRISTOPHER ST,Intersection,30.25577478,Unknown,-97.75728246,One Motor Vehicle - Turning Right,,Not Applicable,,Not Applicable,False,NONE,,City Street,"Straight, Hillcrest",Main/Proper Lane,On Roadway,,0,5TH ST S,999,Dry,None,Cloudy,"Worn, Not Damaged"
12722355,False,False,,Austin Police Department,True,,,121260168,False,No,0,1,0,0,0,Incapacitating Injury,01:08:00,1,1,2012,Saturday,Pedalcyclist,,UNKNOWN,Intersection,30.291161,"Dark, Lighted",-97.72705394,One Motor Vehicle - Going Straight,,Not Applicable,,Not Applicable,False,NONE,,City Street,"Curve, Grade",Main/Proper Lane,On Roadway,,30,RED RIVER ST,3215,Dry,Flashing Red Light,Clear,Not Worn
12696870,True,False,44866,Austin Police Department,False,44866,2014,121280847,False,No,0,0,1,1,0,Non-Incapacitating Injury,12:10:00,1,0,2012,Monday,Pedalcyclist,State Loop,,Non Intersection,30.38292895,Daylight,-97.77079716,One Motor Vehicle - Going Straight,4,Attention Diverted From Driving,10,Not Applicable,False,NONE,291,US & State Highways,"Straight, Level",Main/Proper Lane,Shoulder,"4 Or More Lanes, Divided",60,SL0360,NO DATA,Dry,Signal Light,Clear,"Worn, Damaged"
12737818,False,False,,Austin Police Department,False,,,12-1281454,False,No,0,0,0,1,1,Possible Injury,18:06:00,1,0,2012,Monday,Pedalcyclist,,,Non Intersection,,Daylight,,One Motor Vehicle - Going Straight,,Not Applicable,,In A Parking Lot,True,NONE,,Non Trafficway,"Straight, Level",Other (Explain In Narrative),Not Applicable,,0,FAIRWAY ST,NO DATA,Dry,None,Clear,Not Worn
12737969,False,False,,Austin Police Department,True,,,121280492,False,No,0,0,1,0,0,Non-Incapacitating Injury,09:57:00,1,1,2012,Monday,Pedalcyclist,,ANCHOR LN,Intersection,30.28751477,Daylight,-97.70131247,One Motor Vehicle - Turning Right,,Not Applicable,,Not Applicable,False,NONE,,City Street,"Straight, Level",Main/Proper Lane,On Roadway,,35,MANOR RD,3399,Dry,Marked Lanes,Clear,"Worn, Damaged"
12697034,False,False,,Austin Police Department,True,,,121300822,True,Yes,0,1,0,1,0,Incapacitating Injury,12:16:00,1,0,2012,Wednesday,Pedalcyclist,,UNKNOWN,Intersection,30.26654478,Daylight,-97.74482246,One Motor Vehicle - Going Straight,,Construction - Within Posted Road Construction Zone (Not Related To Crash),,One Or More Traffic Lanes Closed,False,NONE,,City Street,"Straight, Level",Main/Proper Lane,On Roadway,,30,W 4TH ST,200,Dry,Stop Sign,Clear,Not Worn
12697013,False,False,148494,Austin Police Department,False,148494,2014,12-1320285,False,No,0,0,1,1,0,Non-Incapacitating Injury,03:35:00,1,0,2012,Friday,Pedalcyclist,Interstate,,Non Intersection,30.26592916,"Dark, Lighted",-97.73458853,One Motor Vehicle - Going Straight,6,Not Applicable,5,Not Applicable,False,NONE,300,Interstate,"Straight, Grade",Main/Proper Lane,On Roadway,"4 Or More Lanes, Divided",60,IH0035,NO DATA,Wet,Marked Lanes,Cloudy,Not Worn
12835403,False,False,,Austin Police Department,False,,,121321531,False,No,0,0,1,1,0,Non-Incapacitating Injury,17:46:00,1,0,2012,Friday,Pedalcyclist,,,Driveway Access,30.24419449,Daylight,-97.73010044,One Motor Vehicle - Turning Right,,One Vehicle Entering Driveway,,Private Drive Or Road,False,NONE,,City Street,"Straight, Level",Other (Explain In Narrative),On Roadway,,35,E RIVERSIDE DR,NO DATA,Dry,None,Clear,Unknown If Worn
12696971,False,False,,Austin Police Department,True,,,121340207,False,No,0,0,0,1,0,Not Injured,01:42:00,0,1,2012,Sunday,Pedalcyclist,,E RIVERSIDE DR,Intersection,30.24016478,"Dark, Not Lighted",-97.72707247,One Motor Vehicle - Going Straight,,Not Applicable,,Not Applicable,False,NONE,,City Street,"Straight, Grade",Main/Proper Lane,On Roadway,,30,BURTON DR,1501,Dry,Signal Light,Clear,Not Worn
12706141,False,False,,Austin Police Department,True,,,121361949,False,No,0,0,1,4,0,Non-Incapacitating Injury,22:25:00,1,0,2012,Tuesday,Pedalcyclist,,GUADALUPE ST,Intersection,30.29539477,"Dark, Lighted",-97.74279246,One Motor Vehicle - Turning Left,,Not Applicable,,Not Applicable,False,NONE,,City Street,"Straight, Level",Main/Proper Lane,On Roadway,,25,W 29TH ST,600,Dry,Signal Light,Clear,"Worn, Not Damaged"
12758950,True,False,,Austin Police Department,True,,,121371551,False,No,0,0,0,1,1,Possible Injury,17:22:00,1,0,2012,Wednesday,Pedalcyclist,State Loop,PARKSTONE HEIGHTY DR,Intersection,,Daylight,,One Motor Vehicle - Turning Left,,Not Applicable,,Not Applicable,False,NONE,,US & State Highways,"Straight, Level",Main/Proper Lane,On Roadway,,0,SL0360,NO DATA,Dry,Marked Lanes,Clear,"Worn, Not Damaged"
12706319,False,False,,Austin Police Department,True,,,121381564,False,No,0,1,0,1,0,Incapacitating Injury,17:29:00,1,0,2012,Thursday,Pedalcyclist,,E 49TH ST,Intersection,30.31200477,Daylight,-97.72134247,One Motor Vehicle - Going Straight,,Not Applicable,,Not Applicable,False,NONE,,City Street,"Straight, Level",Main/Proper Lane,On Roadway,,30,DUVAL ST,4815,Dry,Stop Sign,Clear,"Worn, Not Damaged"
12749265,False,False,,Austin Police Department,True,,,121391357,False,No,0,0,1,6,0,Non-Incapacitating Injury,16:18:00,1,0,2012,Friday,Pedalcyclist,,W RIVERSIDE DR,Intersection Related,30.25809478,Daylight,-97.74792246,One Motor Vehicle - Turning Right,,Not Applicable,,Not Applicable,False,NONE,,City Street,"Straight, Level",Main/Proper Lane,On Roadway,,30,HAYWOOD AVE,401,Dry,Stop Sign,Clear,Not Worn
12718188,False,False,,Austin Police Department,True,,,121400740,False,No,0,0,0,1,1,Possible Injury,10:13:00,1,0,2012,Saturday,Pedalcyclist,,UNKNOWN,Intersection Related,30.23779193,Daylight,-97.72562194,One Motor Vehicle - Turning Right,,Not Applicable,,Not Applicable,False,NONE,,City Street,"Straight, Grade",Other (Explain In Narrative),On Roadway,,35,E RIVERSIDE DR,2300,Dry,Yield Sign,Clear,Unknown If Worn
12718111,False,False,,Austin Police Department,False,,,12-1421572,False,No,0,0,0,1,1,Possible Injury,18:12:00,1,0,2012,Monday,Pedalcyclist,,,Driveway Access,30.23224206,Daylight,-97.73694691,One Motor Vehicle - Turning Right,,One Vehicle Leaving Driveway,,Entrance To Or Exit From Private Property Or Driveway,False,NONE,,City Street,Other (Explain In Narrative),Main/Proper Lane,On Roadway,,0,PARKER LN,2307,Dry,Other (Explain In Narrative),Clear,Not Worn
12718062,True,False,,Austin Police Department,True,,,121431657,False,No,0,0,0,1,1,Possible Injury,19:38:00,1,0,2012,Tuesday,Pedalcyclist,,W BRAKER LN,Intersection,30.40069475,Daylight,-97.74884246,One Motor Vehicle - Turning Left,,Not Applicable,,Not Applicable,False,NONE,,City Street,"Straight, Level",Main/Proper Lane,On Roadway,,40,JOLLYVILLE RD,10729,Dry,Signal Light,Clear,"Worn, Not Damaged"
12718033,True,False,,Austin Police Department,False,,,12-1440513,False,No,0,0,1,1,0,Non-Incapacitating Injury,08:33:00,1,0,2012,Wednesday,Pedalcyclist,,,Driveway Access,30.39058487,Daylight,-97.80215215,One Motor Vehicle - Backing,,One Vehicle Leaving Driveway,,Entrance To Or Exit From Private Property Or Driveway,False,NONE,,City Street,"Straight, Level",Main/Proper Lane,On Roadway,,40,JESTER BLVD,7918,Dry,None,Clear,"Worn, Unk Damage"
12733524,True,False,,Austin Police Department,False,,,121472144,False,No,0,0,1,1,0,Non-Incapacitating Injury,23:02:00,1,0,2012,Saturday,Pedalcyclist,,WEST DR,Intersection Related,30.29522713,"Dark, Not Lighted",-97.74163391,One Motor Vehicle - Turning Left,,Not Applicable,,Not Applicable,False,NONE,,City Street,"Straight, Level",Main/Proper Lane,On Roadway,,0,FRUTH ST,2902,Dry,Stop Sign,Clear,Not Worn
12773889,False,False,,Austin Police Department,False,,,12-1471257,False,No,0,0,1,1,0,Non-Incapacitating Injury,15:56:00,1,0,2012,Saturday,Pedalcyclist,,,Driveway Access,,Daylight,,One Motor Vehicle - Going Straight,,One Vehicle Leaving Driveway,,Private Drive Or Road,True,NONE,,Non Trafficway,"Straight, Level",Other (Explain In Narrative),Not Applicable,,20,W ANDERSON LN,NO DATA,Dry,Signal Light,Clear,Not Worn
12734499,False,False,,Austin Police Department,False,,,12-1480770,False,No,0,0,1,1,0,Non-Incapacitating Injury,11:08:00,1,0,2012,Sunday,Pedalcyclist,,,Non Intersection,,Daylight,,One Motor Vehicle - Going Straight,,Not Applicable,,In A Parking Lot,True,NONE,,Non Trafficway,"Straight, Level",Other (Explain In Narrative),Not Applicable,,0,FM0620,NO DATA,Wet,None,Clear,Not Worn
12733606,False,False,,Austin Police Department,False,,,121500748,False,No,0,0,1,1,0,Non-Incapacitating Injury,10:58:00,1,0,2012,Tuesday,Pedalcyclist,,,Driveway Access,,Daylight,,One Motor Vehicle - Going Straight,,One Vehicle Leaving Driveway,,Entrance To Or Exit From Private Property Or Driveway,True,NONE,,Non Trafficway,"Straight, Level",Other (Explain In Narrative),Not Applicable,,30,N LAMAR BLVD,NO DATA,Dry,Stop Sign,Clear,Not Worn
12765024,False,False,,Austin Police Department,False,,,121501676,False,No,0,0,1,1,0,Non-Incapacitating Injury,19:00:00,1,0,2012,Tuesday,Pedalcyclist,,,Non Intersection,30.41023475,Daylight,-97.75132245,One Motor Vehicle - Turning Left,,Not Applicable,,Not Applicable,False,NONE,,City Street,"Straight, Grade",Main/Proper Lane,On Roadway,,40,TAYLOR DRAPER LN,11250,Dry,None,Clear,Not Worn
12733677,False,False,,Austin Police Department,True,,,121530564,False,No,0,0,0,1,1,Possible Injury,08:27:00,1,0,2012,Friday,Pedalcyclist,,UNKNOWN,Intersection,30.28089478,Daylight,-97.71429247,One Motor Vehicle - Turning Left,,Not Applicable,,Not Applicable,False,NONE,,City Street,"Straight, Level",Main/Proper Lane,On Roadway,,0,CEDAR AVE,1899,Dry,Signal Light,Clear,Not Worn
12784023,False,False,,Austin Police Department,False,,,12-1531726,True,No,0,0,1,4,0,Non-Incapacitating Injury,18:34:00,1,0,2012,Friday,Pedalcyclist,,,Driveway Access,30.32061562,Daylight,-97.69608325,One Motor Vehicle - Turning Right,,Construction - Within Posted Road Construction Zone (Not Related To Crash),,Entrance To Or Exit From Private Property Or Driveway,False,NONE,,City Street,"Straight, Level",Main/Proper Lane,On Roadway,,35,CAMERON RD,NO DATA,Dry,Bike Lane,Clear,"Worn, Unk Damage"
12784056,False,False,20895,Austin Police Department,False,20895,2014,12-1531857,False,No,0,0,0,2,0,Not Injured,19:25:00,0,0,2012,Friday,Pedalcyclist,State Loop,CESAR CHAVEZ ST E,Intersection Related,30.26243787,Daylight,-97.74099345,One Motor Vehicle - Going Straight,4,Not Applicable,10,Not Applicable,False,NONE,80,US & State Highways,"Straight, Level",Main/Proper Lane,On Roadway,"4 Or More Lanes, Undivided",30,SL0343,403,Dry,Crosswalk,Clear,"Worn, Unk Damage"
12733978,False,False,174473,Austin Police Department,True,174473,2014,121551444,False,No,0,0,1,0,0,Non-Incapacitating Injury,19:25:00,1,1,2012,Sunday,Pedalcyclist,Interstate,E 46TH ST,Intersection,30.30385901,Daylight,-97.71398637,One Motor Vehicle - Turning Right,8,Slowing/Stopping-To Make Right Turn,10,Not Applicable,False,NONE,300,Interstate,"Straight, Level",Service/Frontage Road,On Roadway,"4 Or More Lanes, Divided",0,IH0035,NO DATA,Dry,None,Clear,Not Worn
12853414,False,False,,Austin Police Department,True,,,12-1571704,False,No,0,0,0,1,1,Possible Injury,18:54:00,1,0,2012,Tuesday,Pedalcyclist,,E WILLIAM CANNON DR,Intersection,30.1926748,Daylight,-97.77756246,One Motor Vehicle - Going Straight,,Not Applicable,,Not Applicable,False,NONE,,City Street,"Straight, Level",Main/Proper Lane,On Roadway,,35,CIRCLE S RD,6601,Dry,None,Clear,Not Worn
12748050,False,False,,Austin Police Department,True,,,12-1581082,False,No,0,0,0,2,0,Not Injured,14:05:00,0,0,2012,Wednesday,Pedalcyclist,,LAVACA ST,Intersection,30.26965478,Daylight,-97.74485246,One Motor Vehicle - Going Straight,,Not Applicable,,Not Applicable,False,NONE,,City Street,"Straight, Grade",Main/Proper Lane,On Roadway,,30,W 7TH ST,300,Dry,Signal Light,Clear,Not Worn
12748055,False,False,,Austin Police Department,False,,,121581465,False,No,0,0,1,1,0,Non-Incapacitating Injury,17:29:00,1,0,2012,Wednesday,Pedalcyclist,,,Driveway Access,30.29003983,Daylight,-97.7654004,One Motor Vehicle - Backing,,One Vehicle Leaving Driveway,,Private Drive Or Road,False,NONE,,City Street,"Straight, Level",Main/Proper Lane,On Roadway,,25,WOODMONT AVE,2243,Dry,None,Clear,"Worn, Not Damaged"
12748692,False,False,,Austin Police Department,False,,,12-1591451,False,No,0,0,1,0,0,Non-Incapacitating Injury,18:25:00,1,1,2012,Thursday,Pedalcyclist,,,Driveway Access,30.32196864,Daylight,-97.7256368,One Motor Vehicle - Turning Left,,One Vehicle Leaving Driveway,,Private Drive Or Road,False,NONE,,City Street,"Straight, Level",Main/Proper Lane,On Roadway,,35,GUADALUPE ST,5437,Dry,None,Cloudy,Not Worn
12748693,False,False,,Austin Police Department,True,,,12-1591084,False,No,0,0,1,1,0,Non-Incapacitating Injury,15:10:00,1,0,2012,Thursday,Pedalcyclist,,CLOVERLEAF DR,Intersection,30.30919477,Daylight,-97.69551247,One Motor Vehicle - Going Straight,,Not Applicable,,Not Applicable,False,NONE,,City Street,"Straight, Level",Main/Proper Lane,On Roadway,,35,BERKMAN DR,5601,Dry,Marked Lanes,Cloudy,Not Worn
12785072,True,False,,Austin Police Department,True,,,121600565,False,No,0,0,1,1,0,Non-Incapacitating Injury,08:37:00,1,0,2012,Friday,Pedalcyclist,,PARKDALE DR,Intersection,30.36298476,Daylight,-97.73163246,One Motor Vehicle - Turning Left,,Not Applicable,,Not Applicable,False,NONE,,City Street,"Straight, Level",Main/Proper Lane,On Roadway,,30,STECK AVE,2600,Wet,None,Cloudy,"Worn, Unk Damage"
12835141,False,False,172066,Austin Police Department,False,172066,2014,12-1610833,False,No,0,0,1,0,0,Non-Incapacitating Injury,10:42:00,1,1,2012,Saturday,Pedalcyclist,Interstate,,Driveway Access,30.31168601,Daylight,-97.70908535,One Motor Vehicle - Going Straight,8,One Vehicle Leaving Driveway,10,Entrance To Or Exit From Private Property Or Driveway,False,NONE,300,Interstate,"Straight, Level",Service/Frontage Road,On Roadway,"4 Or More Lanes, Divided",45,IH0035,NO DATA,Dry,Stop Sign,Clear,"Worn, Unk Damage"
12747797,False,False,,Austin Police Department,False,,,121631187,False,No,0,0,0,2,1,Possible Injury,15:59:00,1,0,2012,Monday,Pedalcyclist,,,Driveway Access,30.23630446,Daylight,-97.72515962,One Motor Vehicle - Turning Right,,One Vehicle Leaving Driveway,,Entrance To Or Exit From Private Property Or Driveway,False,NONE,,City Street,"Straight, Level",Main/Proper Lane,On Roadway,,35,E RIVERSIDE DR,NO DATA,Dry,Marked Lanes,Clear,Unknown If Worn