Crash ID,$1000 Damage to Any One Person's Property,Active School Zone Flag,Adjusted Average Daily Traffic Amount,Agency,At Intersection Flag,Average Daily Traffic Amount,Average Daily Traffic Year,Case ID,Construction Zone Flag,Construction Zone Workers Present Flag,Crash Death Count,Crash Incapacitating Injury Count,Crash Non-incapacitating Injury Count,Crash Not Injured Count,Crash Possible Injury Count,Crash Severity,Crash Time,Crash Total Injury Count,Crash Unknown Injury Count,Crash Year,Day of Week,First Harmful Event,Highway System,Intersecting Street Name,Intersection Related,Latitude,Light Condition,Longitude,Manner of Collision,Number of Lanes,Other Factor,Outside Shoulder Width on Divided Highway,Physical Feature 1,Private Drive Flag,Property Damages,Right of Way Usual Width,Road Class,Roadway Alignment,Roadway Part,Roadway Relation,Roadway Type,Speed Limit,Street Name,Street Number,Surface Condition,Traffic Control Type,Weather Condition,Person Helmet
12760963,False,False,,Austin Police Department,False,,,12-1630591,False,No,0,0,1,1,0,Non-Incapacitating Injury,09:58:00,1,0,2012,Monday,Pedalcyclist,Interstate,,Non Intersection,,Daylight,,One Motor Vehicle - Going Straight,,Not Applicable,,Private Drive Or Road,False,NONE,,Non Trafficway,"Straight, Grade",Service/Frontage Road,Not Applicable,,50,IH0035,NO DATA,Dry,Marked Lanes,Clear,Not Worn
12803804,True,False,,Austin Police Department,True,,,12-1641183,False,No,0,0,1,0,0,Non-Incapacitating Injury,14:50:00,1,1,2012,Tuesday,Pedalcyclist,,UNKNOWN,Intersection,30.36698989,Daylight,-97.70064582,One Motor Vehicle - Going Straight,,Not Applicable,,Not Applicable,False,NONE,,City Street,"Straight, Level",Main/Proper Lane,On Roadway,,35,RUTLAND DR,1007,Dry,Signal Light,Clear,Not Worn
12758958,True,False,,Austin Police Department,True,,,121672059,False,No,0,0,1,1,0,Non-Incapacitating Injury,22:23:00,1,0,2012,Friday,Pedalcyclist,,W RIVERSIDE DR,Intersection,30.26028478,"Dark, Lighted",-97.74963246,One Motor Vehicle - Turning Left,,Not Applicable,,Not Applicable,False,NONE,,City Street,"Straight, Level",Main/Proper Lane,On Roadway,,35,S 1ST ST,NO DATA,Dry,Signal Light,Clear,Not Worn
12760890,False,False,,Austin Police Department,True,,,12-1671412,False,No,0,0,1,1,0,Non-Incapacitating Injury,17:05:00,1,0,2012,Friday,Pedalcyclist,,BRENTWOOD ST,Intersection Related,30.33398477,Daylight,-97.72127247,One Motor Vehicle - Going Straight,,Not Applicable,,Not Applicable,False,NONE,,City Street,"Straight, Level",Main/Proper Lane,On Roadway,,0,N LAMAR BLVD,6599,Dry,Signal Light,Clear,Not Worn
12760892,False,False,,Austin Police Department,False,,,12-1670523,False,No,0,0,0,2,0,Not Injured,08:27:00,0,0,2012,Friday,Pedalcyclist,,,Driveway Access,30.28032806,Daylight,-97.75902311,One Motor Vehicle - Turning Right,,One Vehicle Entering Driveway,,Entrance To Or Exit From Private Property Or Driveway,False,NONE,,City Street,"Straight, Level",Main/Proper Lane,On Roadway,,0,W LYNN ST,1204,Dry,None,Cloudy,"Worn, Not Damaged"
12767125,True,False,160919,Austin Police Department,False,160919,2014,12-1680501,False,No,0,0,0,1,1,Possible Injury,05:39:00,1,0,2012,Saturday,Pedalcyclist,Interstate,,Non Intersection,30.19039416,"Dark, Lighted",-97.77057019,One Motor Vehicle - Going Straight,6,Not Applicable,10,Not Applicable,False,NONE,300,Interstate,"Straight, Level",Service/Frontage Road,On Roadway,"4 Or More Lanes, Divided",0,IH0035,NO DATA,Dry,Signal Light,Clear,Not Worn
12832878,False,False,,Austin Police Department,True,,,121680816,False,No,0,0,1,1,0,Non-Incapacitating Injury,11:12:00,1,0,2012,Saturday,Pedalcyclist,,N LAMAR BLVD,Intersection Related,30.28686478,Daylight,-97.75313246,One Motor Vehicle - Going Straight,,Not Applicable,,Not Applicable,False,NONE,,City Street,"Straight, Level",Main/Proper Lane,On Roadway,,0,SHOAL CREEK BLVD,2201,Dry,Yield Sign,Clear,"Worn, Not Damaged"
12919603,True,False,,Austin Police Department,False,,,12-1680267,False,No,0,0,4,0,0,Non-Incapacitating Injury,02:21:00,4,1,2012,Saturday,Pedalcyclist,,,Non Intersection,30.27197469,"Dark, Lighted",-97.75513021,One Motor Vehicle - Going Straight,,Not Applicable,,Not Applicable,False,NONE,,City Street,"Straight, Level",Main/Proper Lane,On Roadway,,30,W 6TH ST,1102,Dry,Marked Lanes,Clear,Not Worn
12919603,True,False,,Austin Police Department,False,,,12-1680267,False,No,0,0,4,0,0,Non-Incapacitating Injury,02:21:00,4,1,2012,Saturday,Pedalcyclist,,,Non Intersection,30.27197469,"Dark, Lighted",-97.75513021,One Motor Vehicle - Going Straight,,Not Applicable,,Not Applicable,False,NONE,,City Street,"Straight, Level",Main/Proper Lane,On Roadway,,30,W 6TH ST,1102,Dry,Marked Lanes,Clear,Not Worn
12919603,True,False,,Austin Police Department,False,,,12-1680267,False,No,0,0,4,0,0,Non-Incapacitating Injury,02:21:00,4,1,2012,Saturday,Pedalcyclist,,,Non Intersection,30.27197469,"Dark, Lighted",-97.75513021,One Motor Vehicle - Going Straight,,Not Applicable,,Not Applicable,False,NONE,,City Street,"Straight, Level",Main/Proper Lane,On Roadway,,30,W 6TH ST,1102,Dry,Marked Lanes,Clear,Not Worn
12919603,True,False,,Austin Police Department,False,,,12-1680267,False,No,0,0,4,0,0,Non-Incapacitating Injury,02:21:00,4,1,2012,Saturday,Pedalcyclist,,,Non Intersection,30.27197469,"Dark, Lighted",-97.75513021,One Motor Vehicle - Going Straight,,Not Applicable,,Not Applicable,False,NONE,,City Street,"Straight, Level",Main/Proper Lane,On Roadway,,30,W 6TH ST,1102,Dry,Marked Lanes,Clear,Not Worn
12757336,False,False,,Austin Police Department,True,,,12-1701310,False,No,0,0,1,1,0,Non-Incapacitating Injury,17:33:00,1,0,2012,Monday,Pedalcyclist,,PARKFIELD DR,Intersection Related,30.36733476,Daylight,-97.70628247,One Motor Vehicle - Going Straight,,Not Applicable,,Not Applicable,False,NONE,,City Street,"Straight, Level",Main/Proper Lane,On Roadway,,45,W RUNDBERG LN,NO DATA,Dry,Signal Light,Clear,Not Worn
12803766,False,False,,Austin Police Department,False,,,12-1721094,False,No,0,0,1,1,0,Non-Incapacitating Injury,13:48:00,1,0,2012,Wednesday,Pedalcyclist,,,Driveway Access,30.2099831,Daylight,-97.78579031,One Motor Vehicle - Going Straight,,One Vehicle Leaving Driveway,,Private Drive Or Road,False,NONE,,City Street,"Straight, Grade",Main/Proper Lane,On Roadway,,35,W STASSNEY LN,NO DATA,Dry,Marked Lanes,Cloudy,Not Worn
12767225,True,False,,Austin Police Department,True,,,12-1730406,False,No,0,0,0,1,1,Possible Injury,07:19:00,1,0,2012,Thursday,Pedalcyclist,,E 45TH ST,Intersection Related,30.30361477,Daylight,-97.71599247,One Motor Vehicle - Turning Left,,Not Applicable,,Not Applicable,False,NONE,,City Street,"Straight, Level",Main/Proper Lane,On Roadway,,0,AIRPORT BLVD,4509,Dry,Signal Light,Clear,"Worn, Not Damaged"
12766636,False,False,,Austin Police Department,False,,,121740590,False,No,0,0,1,1,0,Non-Incapacitating Injury,09:06:00,1,0,2012,Friday,Pedalcyclist,,,Driveway Access,30.27296426,Daylight,-97.74481732,One Motor Vehicle - Turning Left,,One Vehicle Entering Driveway,,Private Drive Or Road,False,NONE,,City Street,"Straight, Level",Main/Proper Lane,On Roadway,,0,GUADALUPE ST,1023,Dry,Marked Lanes,Clear,Not Worn
12766743,False,False,,Austin Police Department,True,,,12-1751214,False,No,0,0,1,4,0,Non-Incapacitating Injury,15:08:00,1,0,2012,Saturday,Pedalcyclist,,W 4TH ST,Intersection,30.26716478,Daylight,-97.74698246,One Motor Vehicle - Going Straight,,Not Applicable,,Not Applicable,False,NONE,,City Street,"Straight, Grade",Main/Proper Lane,On Roadway,,35,GUADALUPE ST,401,Dry,Signal Light,Clear,Not Worn
12766684,False,False,,Austin Police Department,True,,,121770533,False,No,0,0,1,1,0,Non-Incapacitating Injury,09:01:00,1,0,2012,Monday,Pedalcyclist,,SAN ANTONIO ST,Intersection,30.27508478,Daylight,-97.74520246,One Motor Vehicle - Turning Left,,Not Applicable,,Not Applicable,False,NONE,,City Street,"Straight, Grade",Main/Proper Lane,On Roadway,,30,W 12TH ST,NO DATA,Dry,Stop Sign,Cloudy,Not Worn
12833010,False,False,,Austin Police Department,True,,,121830677,False,No,0,0,1,3,0,Non-Incapacitating Injury,09:31:00,1,0,2012,Sunday,Pedalcyclist,,CLAY AVE,Intersection,30.32781477,Daylight,-97.73975246,One Motor Vehicle - Going Straight,,Not Applicable,,Not Applicable,False,NONE,,City Street,Unknown,Main/Proper Lane,On Roadway,,45,BURNET RD,5355,Wet,Stop Sign,Rain,"Worn, Not Damaged"
12781979,False,False,,Austin Police Department,True,,,121840422,False,No,0,1,0,1,0,Incapacitating Injury,07:26:00,1,0,2012,Monday,Pedalcyclist,,WOODWARD ST,Intersection,30.22964479,Daylight,-97.76025246,One Motor Vehicle - Turning Left,,Not Applicable,,Not Applicable,False,NONE,,City Street,"Straight, Grade",Main/Proper Lane,On Roadway,,35,S CONGRESS AVE,3401,Dry,Signal Light,Cloudy,"Worn, Damaged"
12793595,False,False,,Austin Police Department,True,,,121841644,False,No,0,0,1,2,0,Non-Incapacitating Injury,19:20:00,1,0,2012,Monday,Pedalcyclist,,,Non Intersection,30.26899478,Daylight,-97.74246246,One Motor Vehicle - Going Straight,,Not Applicable,,Not Applicable,False,NONE,,City Street,"Straight, Level",Main/Proper Lane,On Roadway,,35,CONGRESS AVE,699,Dry,Signal Light,Clear,"Worn, Not Damaged"
12782082,False,False,,Austin Police Department,False,,,121851311,False,No,0,0,1,1,0,Non-Incapacitating Injury,16:41:00,1,0,2012,Tuesday,Pedalcyclist,,,Driveway Access,30.22189362,Daylight,-97.76459313,One Motor Vehicle - Turning Right,,One Vehicle Leaving Driveway,,Entrance To Or Exit From Private Property Or Driveway,False,NONE,,City Street,"Straight, Level",Main/Proper Lane,On Roadway,,40,S CONGRESS AVE,4109,Dry,None,Clear,Not Worn
12793559,False,False,,Austin Police Department,True,,,12-1890443,False,No,0,0,1,0,0,Non-Incapacitating Injury,02:23:00,1,2,2012,Saturday,Pedalcyclist,,W 6TH ST,Intersection,30.26901478,"Dark, Lighted",-97.74629246,One Motor Vehicle - Going Straight,,Not Applicable,,Not Applicable,False,NONE,,City Street,"Straight, Level",Main/Proper Lane,On Roadway,,30,GUADALUPE ST,599,Dry,Signal Light,Clear,Unknown If Worn
12828561,False,False,,Austin Police Department,True,,,121891421,False,No,0,0,1,3,0,Non-Incapacitating Injury,17:12:00,1,0,2012,Saturday,Pedalcyclist,,E 6TH ST,Intersection,30.26678478,Daylight,-97.73825246,One Motor Vehicle - Turning Left,,Not Applicable,,Not Applicable,False,NONE,,City Street,"Straight, Level",Main/Proper Lane,On Roadway,,30,NECHES ST,599,Dry,Signal Light,Clear,Not Worn
12833019,False,False,,Austin Police Department,True,,,121891231,False,No,0,0,1,3,0,Non-Incapacitating Injury,15:01:00,1,0,2012,Saturday,Pedalcyclist,,WELLINGTON DR,Intersection,30.31229477,Daylight,-97.68808247,One Motor Vehicle - Going Straight,,Not Applicable,,Not Applicable,False,NONE,,City Street,"Curve, Grade",Main/Proper Lane,On Roadway,,30,GASTON PLACE DR,2098,Dry,Bike Lane,Clear,"Worn, Damaged"
12840808,False,False,25436,Austin Police Department,True,25436,2014,12-1891527,False,No,0,0,1,0,0,Non-Incapacitating Injury,16:00:00,1,1,2012,Saturday,Pedalcyclist,US Highway,BERKMAN DR,Intersection Related,30.3213932,Daylight,-97.68908316,One Motor Vehicle - Turning Right,5,Not Applicable,10,Not Applicable,False,NONE,190,US & State Highways,"Straight, Level",Service/Frontage Road,On Roadway,"4 Or More Lanes, Divided",45,US0290,NO DATA,Dry,Bike Lane,Clear,"Worn, Damaged"
12793501,True,False,,Austin Police Department,True,,,121910639,False,No,0,1,0,5,0,Incapacitating Injury,10:11:00,1,0,2012,Monday,Pedalcyclist,,S CONGRESS AVE,Intersection Related,30.22964479,Daylight,-97.76025246,One Motor Vehicle - Going Straight,,Not Applicable,,Not Applicable,False,NONE,,City Street,"Straight, Grade",Main/Proper Lane,On Roadway,,35,WOODWARD ST,100,Dry,Signal Light,Clear,Not Worn
12835118,True,False,,Austin Police Department,False,,,121910943,False,No,0,0,1,4,0,Non-Incapacitating Injury,13:03:00,1,0,2012,Monday,Pedalcyclist,,,Non Intersection,30.26104754,Daylight,-97.75896891,One Motor Vehicle - Going Straight,,Not Applicable,,Not Applicable,False,NONE,,City Street,"Straight, Level",Main/Proper Lane,On Roadway,,35,BARTON SPRINGS RD,1375,Dry,Marked Lanes,Clear,Not Worn
12835138,True,False,,Austin Police Department,False,,,121910851,False,No,0,0,0,1,0,Not Injured,12:00:00,0,1,2012,Monday,Pedalcyclist,,E 5TH ST,Intersection,30.26629493,Daylight,-97.74077327,One Motor Vehicle - Going Straight,,Not Applicable,,Not Applicable,False,NONE,,City Street,"Straight, Level",Main/Proper Lane,On Roadway,,30,SAN JACINTO BLVD,485,Dry,None,Clear,Not Worn
12793753,False,False,,Austin Police Department,False,,,121931387,False,No,0,0,1,1,0,Non-Incapacitating Injury,17:43:00,1,0,2012,Wednesday,Pedalcyclist,,,Non Intersection,30.30161425,Daylight,-97.69542018,One Motor Vehicle - Going Straight,,Not Applicable,,Not Applicable,False,NONE,,City Street,"Curve, Grade",Main/Proper Lane,On Roadway,,40,E 51ST ST,1900,Dry,None,Cloudy,Unknown If Worn
12835448,False,False,,Austin Police Department,False,,,121950426,False,No,0,0,1,0,0,Non-Incapacitating Injury,07:00:00,1,1,2012,Friday,Pedalcyclist,,,Non Intersection,30.32342977,Dusk,-97.72385747,One Motor Vehicle - Going Straight,,Not Applicable,,Not Applicable,False,NONE,,City Street,"Straight, Level",Main/Proper Lane,On Roadway,,0,GUADALUPE ST,5589,Dry,Bike Lane,Clear,Not Worn
12805600,True,False,,Austin Police Department,True,,,121960633,False,No,0,0,1,2,0,Non-Incapacitating Injury,08:56:00,1,0,2012,Saturday,Pedalcyclist,,,Driveway Access,30.35812476,Daylight,-97.73030246,One Motor Vehicle - Going Straight,,One Vehicle Leaving Driveway,,Private Drive Or Road,False,NONE,,City Street,"Straight, Level",Main/Proper Lane,On Roadway,,45,BURNET RD,8001,Dry,None,Clear,Not Worn
12835250,True,False,,Austin Police Department,False,,,12-1960952,False,No,0,0,0,3,0,Not Injured,12:59:00,0,0,2012,Saturday,Pedalcyclist,,UNKNOWN,Intersection Related,30.26526478,Daylight,-97.74385246,One Motor Vehicle - Turning Left,,Not Applicable,,Not Applicable,False,NONE,,City Street,Unknown,Main/Proper Lane,On Roadway,,35,W 3RD ST,100,Dry,Signal Light,Clear,Not Worn
12835254,False,False,26658,Austin Police Department,False,26658,2014,12-1961518,False,No,0,0,0,1,1,Possible Injury,19:52:00,1,0,2012,Saturday,Pedalcyclist,Ranch To Mkt,NORTHLAND DR,Intersection Related,30.33474457,Daylight,-97.75200171,One Motor Vehicle - Going Straight,4,Not Applicable,0,Not Applicable,False,BIKE OF CYCLIST (COLNAGO),100,Farm To Market,Unknown,Main/Proper Lane,On Roadway,"4 Or More Lanes, Divided",0,RM2222,2954,Dry,Signal Light,Clear,Not Worn
12805704,False,False,,Austin Police Department,False,,,12-1970952,False,No,0,0,0,1,1,Possible Injury,12:00:00,1,0,2012,Sunday,Pedalcyclist,,,Driveway Access,30.2505259,Daylight,-97.74934528,One Motor Vehicle - Turning Left,,One Vehicle Entering Driveway,,Private Drive Or Road,False,NONE,,City Street,"Straight, Grade",Main/Proper Lane,On Roadway,,0,S CONGRESS AVE,1321,Dry,None,Clear,Not Worn
12805345,False,False,,Austin Police Department,False,,,12-200-0503,False,No,0,0,0,0,1,Possible Injury,08:00:00,1,1,2012,Wednesday,Pedalcyclist,,,Non Intersection,,Daylight,,One Motor Vehicle - Going Straight,,One Vehicle Leaving Driveway,,In A Parking Lot,True,NONE,,Non Trafficway,Unknown,Other (Explain In Narrative),Not Applicable,,10,W MARTIN LUTHER KING JR BLVD,NO DATA,Dry,None,Cloudy,Not Worn
12835312,False,False,,Austin Police Department,True,,,122001383,False,No,0,0,1,0,0,Non-Incapacitating Injury,17:21:00,1,1,2012,Wednesday,Pedalcyclist,,W 38TH ST,Intersection,30.30274477,Daylight,-97.73815246,One Motor Vehicle - Turning Left,,Not Applicable,,Not Applicable,False,NONE,,City Street,"Straight, Level",Main/Proper Lane,On Roadway,,35,GUADALUPE ST,3801,Dry,Signal Light,Clear,Not Worn
12805382,True,False,,Austin Police Department,True,,,122011420,False,No,0,0,1,1,0,Non-Incapacitating Injury,17:55:00,1,0,2012,Thursday,Pedalcyclist,,W 33RD ST,Intersection,30.30470477,Daylight,-97.75184246,One Motor Vehicle - Turning Right,,Not Applicable,,Not Applicable,False,NONE,,City Street,"Straight, Level",Main/Proper Lane,On Roadway,,30,KERBEY LN,3301,Dry,Stop Sign,Clear,"Worn, Not Damaged"
12805205,False,False,,Austin Police Department,True,,,12-2041007,False,No,0,0,1,3,0,Non-Incapacitating Injury,14:00:00,1,0,2012,Sunday,Pedalcyclist,,W WILLIAM CANNON DR,Intersection Related,30.21683479,Daylight,-97.83423244,One Motor Vehicle - Going Straight,,Not Applicable,,Not Applicable,False,NONE,,City Street,"Straight, Level",Main/Proper Lane,On Roadway,,0,BANNOCKBURN DR,3998,Dry,Stop Sign,Cloudy,Not Worn
12816731,False,False,,"Department Of Public Safety, State Of Texas",True,,,,False,No,0,0,1,1,0,Non-Incapacitating Injury,07:41:00,1,0,2012,Monday,Pedalcyclist,,E 15TH ST,Intersection,30.27558478,Daylight,-97.73481246,One Motor Vehicle - Turning Left,,Not Applicable,,Not Applicable,False,NONE,,City Street,"Straight, Level",Main/Proper Lane,On Roadway,,30,RED RIVER ST,1499,Dry,Signal Light,Clear,Not Worn
12819682,False,False,,Austin Police Department,True,,,122071631,False,No,0,0,1,1,0,Non-Incapacitating Injury,20:10:00,1,0,2012,Wednesday,Pedalcyclist,,W 34TH ST,Intersection Related,30.30033477,Daylight,-97.73968246,One Motor Vehicle - Going Straight,,Not Applicable,,Not Applicable,False,NONE,,City Street,"Straight, Level",Main/Proper Lane,On Roadway,,0,GUADALUPE ST,3401,Dry,Signal Light,Clear,Not Worn
12819801,True,False,,Austin Police Department,False,,,122080857,False,No,0,0,1,1,0,Non-Incapacitating Injury,12:55:00,1,0,2012,Thursday,Pedalcyclist,,,Non Intersection,,Daylight,,One Motor Vehicle - Going Straight,,Not Applicable,,Private Drive Or Road,False,NONE,,Non Trafficway,"Straight, Level",Other (Explain In Narrative),Not Applicable,,0,E RIVERSIDE DR,NO DATA,Dry,Other (Explain In Narrative),Clear,Unknown If Worn
12819814,False,False,160919,Austin Police Department,True,160919,2014,12-2081712,False,No,0,0,0,1,1,Possible Injury,21:11:00,1,0,2012,Thursday,Pedalcyclist,Interstate,E WILLIAM CANNON DR,Intersection Related,30.19035979,"Dark, Lighted",-97.77059653,One Motor Vehicle - Going Straight,6,Not Applicable,10,Not Applicable,False,NONE,300,Interstate,"Straight, Level",Service/Frontage Road,On Roadway,"4 Or More Lanes, Divided",50,IH0035,NO DATA,Dry,Signal Light,Clear,Not Worn
12840884,True,False,,Austin Police Department,True,,,122092132,False,No,0,0,1,0,0,Non-Incapacitating Injury,23:07:00,1,1,2012,Friday,Pedalcyclist,,EMERALD WOOD DR,Intersection Related,30.21362479,"Dark, Lighted",-97.78047246,One Motor Vehicle - Turning Left,,Not Applicable,,Not Applicable,False,NONE,,City Street,"Straight, Level",Main/Proper Lane,On Roadway,,35,ABERDEEN DR,5199,Dry,None,Clear,Unknown If Worn
12828608,True,False,,Austin Police Department,True,,,122121574,False,No,0,0,1,1,0,Non-Incapacitating Injury,18:37:00,1,0,2012,Monday,Pedalcyclist,,STARSTREAK DR,Intersection,30.19728479,Daylight,-97.77841246,One Motor Vehicle - Turning Left,,Not Applicable,,Not Applicable,False,NONE,,City Street,"Straight, Level",Main/Proper Lane,On Roadway,,30,EBERHART LN,122,Dry,None,Clear,"Worn, Unk Damage"
12828619,False,False,,Austin Police Department,False,,,12-2132004,False,No,0,0,1,1,0,Non-Incapacitating Injury,22:28:00,1,0,2012,Tuesday,Pedalcyclist,,,Non Intersection,30.22079479,"Dark, Lighted",-97.79406245,One Motor Vehicle - Going Straight,,Not Applicable,,Not Applicable,False,NONE,,City Street,"Straight, Level",Main/Proper Lane,On Roadway,,35,MANCHACA RD,5100,Dry,Center Stripe/Divider,Clear,Not Worn
12850446,False,False,,Austin Police Department,True,,,122131710,False,No,0,0,1,2,0,Non-Incapacitating Injury,19:51:00,1,0,2012,Tuesday,Pedalcyclist,,AIRPORT BLVD,Intersection,30.30483477,Daylight,-97.71590247,One Motor Vehicle - Turning Left,,Not Applicable,,Not Applicable,False,NONE,,City Street,Unknown,Main/Proper Lane,On Roadway,,45,E 46TH ST,NO DATA,Dry,Stop Sign,Clear,Not Worn
12828503,True,False,172066,Austin Police Department,False,172066,2014,12-2140495,False,No,0,0,1,1,0,Non-Incapacitating Injury,08:24:00,1,0,2012,Wednesday,Pedalcyclist,Interstate,,Non Intersection,30.32076336,Daylight,-97.70700568,One Motor Vehicle - Going Straight,8,Not Applicable,10,Not Applicable,False,NONE,300,Interstate,"Curve, Level",Service/Frontage Road,On Roadway,"4 Or More Lanes, Divided",45,IH0035,NO DATA,Dry,Yield Sign,Clear,Unknown If Worn
12828406,False,False,,Austin Police Department,True,,,122150952,False,No,0,0,1,2,0,Non-Incapacitating Injury,12:52:00,1,0,2012,Thursday,Pedalcyclist,,W 6TH ST,Intersection,30.26805478,Daylight,-97.74281246,One Motor Vehicle - Turning Left,,Not Applicable,,Not Applicable,False,NONE,,City Street,"Straight, Level",Main/Proper Lane,On Roadway,,30,CONGRESS AVE,599,Dry,Signal Light,Clear,Not Worn
12879946,False,False,22775,Austin Police Department,True,22775,2014,12-2160442,False,No,0,0,1,1,0,Non-Incapacitating Injury,07:57:00,1,0,2012,Friday,Pedalcyclist,State Loop,OAK SPRINGS DR,Intersection,30.27356299,Daylight,-97.69790834,One Motor Vehicle - Turning Right,4,Not Applicable,2,Not Applicable,False,NONE,160,US & State Highways,"Straight, Hillcrest",Main/Proper Lane,On Roadway,"4 Or More Lanes, Undivided",45,SL0111,1149,Dry,Marked Lanes,Clear,"Worn, Damaged"
12932906,True,False,,Austin Police Department,True,,,12-2171436,False,No,0,0,1,0,0,Non-Incapacitating Injury,18:06:00,1,3,2012,Saturday,Pedalcyclist,,UNKNOWN,Intersection,30.27623478,Daylight,-97.70431245,One Motor Vehicle - Going Straight,,Not Applicable,,Not Applicable,False,NONE,,City Street,"Straight, Level",Main/Proper Lane,On Roadway,,35,E 12TH ST,3000,Dry,Stop Sign,Clear,Not Worn
12885527,True,False,26658,Austin Police Department,False,26658,2014,,False,No,0,0,1,0,1,Non-Incapacitating Injury,12:10:00,2,0,2012,Sunday,Pedalcyclist,Ranch To Mkt,,Non Intersection,30.33402857,Daylight,-97.73812153,One Motor Vehicle - Going Straight,4,Not Applicable,0,Not Applicable,False,NONE,70,Farm To Market,"Straight, Level",Main/Proper Lane,On Roadway,"4 Or More Lanes, Undivided",35,RM2222,1983,Dry,Marked Lanes,Clear,Not Worn
12878703,False,False,,Austin Police Department,True,,,122190477,False,No,0,0,1,1,0,Non-Incapacitating Injury,08:30:00,1,0,2012,Monday,Pedalcyclist,,MEARNS MEADOW BLVD,Intersection,30.36697476,Daylight,-97.70061247,One Motor Vehicle - Going Straight,,Not Applicable,,Not Applicable,False,NONE,,City Street,"Straight, Level",Main/Proper Lane,On Roadway,,35,RUTLAND DR,1004,Dry,Signal Light,Clear,Not Worn
12839825,True,False,,Austin Police Department,False,,,122200716,False,No,0,0,1,1,0,Non-Incapacitating Injury,10:40:00,1,0,2012,Tuesday,Pedalcyclist,,AIRPORT BLVD,Intersection Related,30.27355807,Daylight,-97.69794945,One Motor Vehicle - Going Straight,,Not Applicable,,Not Applicable,False,NONE,,City Street,"Straight, Level",Main/Proper Lane,On Roadway,,30,OAK SPRINGS DR,3292,Dry,Signal Light,Clear,Not Worn
12839592,False,False,,Austin Police Department,True,,,12-2220633,False,No,0,0,1,1,0,Non-Incapacitating Injury,09:32:00,1,0,2012,Thursday,Pedalcyclist,,UNKNOWN,Intersection,30.30996477,Daylight,-97.74006246,One Motor Vehicle - Going Straight,,Not Applicable,,Not Applicable,False,NONE,,City Street,"Straight, Level",Main/Proper Lane,On Roadway,,30,W 42ND ST,1000,Dry,None,Clear,Not Worn
12878783,False,False,172066,Austin Police Department,True,172066,2014,122221425,False,No,0,0,1,0,0,Non-Incapacitating Injury,17:39:00,1,1,2012,Thursday,Pedalcyclist,Interstate,SS0069,Intersection,30.30949526,Daylight,-97.71035288,One Motor Vehicle - Turning Left,8,Not Applicable,10,Not Applicable,False,NONE,300,Interstate,"Straight, Level",Service/Frontage Road,On Roadway,"4 Or More Lanes, Divided",50,IH0035,NO DATA,Dry,Signal Light,Clear,Not Worn
12839484,False,False,,Austin Police Department,True,,,122231516,False,No,0,0,1,1,0,Non-Incapacitating Injury,16:51:00,1,0,2012,Friday,Pedalcyclist,,SAN JACINTO BLVD,Intersection Related,30.29099477,Daylight,-97.73475246,One Motor Vehicle - Turning Right,,Not Applicable,,Not Applicable,False,NONE,,City Street,"Straight, Level",Main/Proper Lane,On Roadway,,35,DUVAL ST,NO DATA,Dry,Signal Light,Clear,"Worn, Not Damaged"
12839520,True,False,,Austin Police Department,True,,,122241283,False,No,0,0,1,1,0,Non-Incapacitating Injury,17:02:00,1,0,2012,Saturday,Pedalcyclist,,RIO GRANDE ST,Intersection,30.28793478,Daylight,-97.74463246,One Motor Vehicle - Going Straight,,Not Applicable,,Not Applicable,False,NONE,,City Street,"Straight, Level",Main/Proper Lane,On Roadway,,35,W 24TH ST,700,Dry,Signal Light,Clear,Not Worn
12848139,False,False,14685,Austin Police Department,True,14685,2014,122250423,False,No,0,0,1,0,0,Non-Incapacitating Injury,03:25:00,1,1,2012,Sunday,Pedalcyclist,Farm To Market,SL0111,Intersection,30.28312424,"Dark, Lighted",-97.70035514,One Motor Vehicle - Turning Right,4,Not Applicable,0,Not Applicable,False,NONE,100,Farm To Market,"Straight, Level",Main/Proper Lane,On Roadway,"4 Or More Lanes, Undivided",45,FM0969,1901,Dry,None,Clear,Not Worn
12848305,False,False,29839,Austin Police Department,True,29839,2014,122251895,False,No,0,0,1,0,0,Non-Incapacitating Injury,21:45:00,1,1,2012,Sunday,Pedalcyclist,State Loop,W RUNDBERG LN,Intersection Related,30.3630463,"Dark, Lighted",-97.69702522,One Motor Vehicle - Going Straight,4,Not Applicable,0,Not Applicable,False,NONE,125,US & State Highways,"Straight, Level",Main/Proper Lane,On Roadway,"4 Or More Lanes, Undivided",0,SL0275,NO DATA,Dry,Signal Light,Clear,Not Worn
12848133,False,False,,Austin Police Department,False,,,122261357,False,No,0,0,1,1,0,Non-Incapacitating Injury,17:26:00,1,0,2012,Monday,Pedalcyclist,,,Driveway Access,30.28061478,Daylight,-97.74198246,One Motor Vehicle - Turning Right,,One Vehicle Entering Driveway,,Private Drive Or Road,False,NONE,,City Street,"Straight, Level",Other (Explain In Narrative),On Roadway,,35,GUADALUPE ST,1800,Dry,None,Clear,Not Worn
12848185,False,False,4300,Austin Police Department,False,4300,2014,12-2281415,True,No,0,1,0,2,0,Incapacitating Injury,18:05:00,1,0,2012,Wednesday,Pedalcyclist,US Highway,,Non Intersection,30.32970894,Daylight,-97.63866607,One Motor Vehicle - Going Straight,6,Construction - Within Posted Road Construction Zone (Not Related To Crash),10,Not Applicable,False,BICYCLE,400,US & State Highways,"Straight, Level",Main/Proper Lane,On Roadway,"4 Or More Lanes, Divided",55,US0290,NO DATA,Dry,Marked Lanes,Clear,Not Worn