Crash ID,$1000 Damage to Any One Person's Property,Active School Zone Flag,Adjusted Average Daily Traffic Amount,Agency,At Intersection Flag,Average Daily Traffic Amount,Average Daily Traffic Year,Case ID,Construction Zone Flag,Construction Zone Workers Present Flag,Crash Death Count,Crash Incapacitating Injury Count,Crash Non-incapacitating Injury Count,Crash Not Injured Count,Crash Possible Injury Count,Crash Severity,Crash Time,Crash Total Injury Count,Crash Unknown Injury Count,Crash Year,Day of Week,First Harmful Event,Highway System,Intersecting Street Name,Intersection Related,Latitude,Light Condition,Longitude,Manner of Collision,Number of Lanes,Other Factor,Outside Shoulder Width on Divided Highway,Physical Feature 1,Private Drive Flag,Property Damages,Right of Way Usual Width,Road Class,Roadway Alignment,Roadway Part,Roadway Relation,Roadway Type,Speed Limit,Street Name,Street Number,Surface Condition,Traffic Control Type,Weather Condition,Person Helmet
12848409,False,False,,Austin Police Department,False,,,122290055,False,No,0,0,1,0,0,Non-Incapacitating Injury,22:30:00,1,1,2012,Wednesday,Pedalcyclist,,,Non Intersection,30.32562351,"Dark, Lighted",-97.72653448,One Motor Vehicle - Going Straight,,Swerved Or Veered-Reason Not Specified,,Not Applicable,False,NONE,,Interstate,"Straight, Level",Main/Proper Lane,On Roadway,,40,N LAMAR BLVD,NO DATA,Dry,Marked Lanes,Clear,"Worn, Unk Damage"
12848180,False,False,,Austin Police Department,False,,,12-2290545,True,Yes,0,0,0,1,1,Possible Injury,08:31:00,1,0,2012,Thursday,Pedalcyclist,,UNKNOWN,Intersection Related,30.30268477,Daylight,-97.74471246,One Motor Vehicle - Going Straight,,Construction - Within Posted Road Construction Zone (Not Related To Crash),,Not Applicable,False,NONE,,Interstate,"Straight, Level",Main/Proper Lane,On Roadway,,30,W 34TH ST,1000,Dry,Signal Light,Clear,Not Worn
12848460,False,False,,Austin Police Department,False,,,122300005,False,No,0,0,1,1,0,Non-Incapacitating Injury,00:01:00,1,0,2012,Friday,Pedalcyclist,,,Non Intersection,30.34835668,"Dark, Unknown Lighting",-97.73566622,One Motor Vehicle - Going Straight,,Not Applicable,,Not Applicable,False,NONE,,City Street,"Straight, Level",Main/Proper Lane,On Roadway,,0,BURNET RD,7227,Dry,Marked Lanes,Clear,Not Worn
12885534,False,False,,Austin Police Department,True,,,122301713,False,No,0,0,0,1,0,Not Injured,19:46:00,0,1,2012,Friday,Pedalcyclist,,UNKNOWN,Intersection Related,30.21424316,Daylight,-97.79501915,One Motor Vehicle - Turning Right,,Not Applicable,,Not Applicable,False,NONE,,US & State Highways,"Straight, Level",Main/Proper Lane,On Roadway,,0,KINGS HWY,5597,Dry,Stop Sign,Clear,Not Worn
12863606,False,False,29839,Austin Police Department,False,29839,2014,122310902,False,No,0,0,0,2,1,Possible Injury,11:51:00,1,0,2012,Saturday,Pedalcyclist,State Loop,,Driveway Access,30.36626781,Daylight,-97.69518614,One Motor Vehicle - Turning Right,4,One Vehicle Entering Driveway,0,Private Drive Or Road,False,NONE,125,US & State Highways,"Straight, Level",Main/Proper Lane,On Roadway,"4 Or More Lanes, Undivided",45,SL0275,9675,Dry,None,Cloudy,Not Worn
12864561,True,False,122507,Austin Police Department,True,122507,2014,122311004,False,No,0,1,0,1,0,Incapacitating Injury,12:58:00,1,0,2012,Saturday,Pedalcyclist,US Highway,SL0360,Intersection,30.38954926,Daylight,-97.74504852,One Motor Vehicle - Going Straight,6,Not Applicable,10,Not Applicable,False,NONE,260,US & State Highways,"Straight, Level",Main/Proper Lane,On Roadway,"4 Or More Lanes, Divided",0,US0183,NO DATA,Wet,Flashing Red Light,Rain,"Worn, Not Damaged"
12864513,True,False,,Austin Police Department,False,,,122351808,False,No,0,1,0,2,0,Incapacitating Injury,21:05:00,1,0,2012,Wednesday,Pedalcyclist,,,Driveway Access,30.24344233,"Dark, Lighted",-97.75195526,One Motor Vehicle - Turning Left,,One Vehicle Entering Driveway,,Entrance To Or Exit From Private Property Or Driveway,False,CERNTO BICYCLE,,City Street,"Straight, Level",Main/Proper Lane,On Roadway,,35,CONGRESS AVE S,2102,Dry,None,Clear,"Worn, Not Damaged"
12870282,False,False,,Austin Police Department,False,,,122352152,False,No,0,0,1,1,0,Non-Incapacitating Injury,23:53:00,1,0,2012,Wednesday,Pedalcyclist,,,Non Intersection,30.26237289,"Dark, Not Lighted",-97.7246249,One Motor Vehicle - Going Straight,,Not Applicable,,Not Applicable,False,NONE,,City Street,"Straight, Level",Main/Proper Lane,On Roadway,,30,E 6TH ST,1691,Dry,None,Clear,"Worn, Not Damaged"
13027342,True,False,,Austin Police Department,True,,,12-2350756,False,No,0,0,0,1,1,Possible Injury,11:10:00,1,0,2012,Wednesday,Pedalcyclist,,W 23RD ST,Intersection Related,30.28664478,Daylight,-97.74477246,One Motor Vehicle - Turning Left,,Not Applicable,,Not Applicable,False,NONE,,City Street,"Straight, Level",Main/Proper Lane,On Roadway,,0,RIO GRANDE ST,2299,Dry,Other (Explain In Narrative),Clear,Not Worn
12908625,False,False,,Austin Police Department,False,,,12-2361067,False,No,0,0,1,2,0,Non-Incapacitating Injury,15:10:00,1,0,2012,Thursday,Pedalcyclist,,,Driveway Access,30.28135268,Daylight,-97.74166547,One Motor Vehicle - Turning Left,,One Vehicle Entering Driveway,,Entrance To Or Exit From Private Property Or Driveway,False,NONE,,City Street,Unknown,Main/Proper Lane,On Roadway,,0,GUADALUPE ST,1845,Dry,None,Clear,Not Worn
12870442,False,False,,Austin Police Department,False,,,12-2371494,False,No,0,0,1,1,0,Non-Incapacitating Injury,17:56:00,1,0,2012,Friday,Pedalcyclist,,,Driveway Access,30.23220541,Daylight,-97.73670098,One Motor Vehicle - Turning Left,,One Vehicle Entering Driveway,,Entrance To Or Exit From Private Property Or Driveway,False,NONE,,City Street,"Straight, Level",Main/Proper Lane,On Roadway,,35,E OLTORF ST,NO DATA,Dry,None,Clear,Not Worn
12908624,False,False,,Austin Police Department,False,,,12-2381499,False,No,0,0,1,1,0,Non-Incapacitating Injury,18:24:00,1,0,2012,Saturday,Pedalcyclist,,,Non Intersection,30.24800714,Daylight,-97.75042336,One Motor Vehicle - Going Straight,,Not Applicable,,Not Applicable,False,NONE,,City Street,Unknown,Main/Proper Lane,On Roadway,,0,MONROE ST W,113,Dry,None,Clear,Not Worn
12864428,True,False,,Austin Police Department,False,,,122400078,False,No,0,0,1,0,0,Non-Incapacitating Injury,00:50:00,1,3,2012,Monday,Pedalcyclist,,,Non Intersection,30.30041977,Unknown,-97.71308747,One Motor Vehicle - Going Straight,,Not Applicable,,Not Applicable,False,NONE,,City Street,"Straight, Level",Main/Proper Lane,On Roadway,,40,AIRPORT BLVD,4400,Dry,Marked Lanes,Clear,Unknown If Worn
12948208,False,False,,Austin Police Department,True,,,122401217,False,No,0,0,1,1,0,Non-Incapacitating Injury,16:20:00,1,0,2012,Monday,Pedalcyclist,,CAROLYN AVE,Intersection,30.29689477,Daylight,-97.73093246,One Motor Vehicle - Turning Left,,Not Applicable,,Not Applicable,False,NONE,,City Street,"Straight, Level",Main/Proper Lane,On Roadway,,35,DUVAL ST,3501,Dry,Stop Sign,Clear,Not Worn
12870253,False,False,,Austin Police Department,False,,,122411383,False,No,0,1,0,1,0,Incapacitating Injury,17:22:00,1,0,2012,Tuesday,Pedalcyclist,,RED RIVER ST,Intersection,30.2702227,Daylight,-97.73583285,One Motor Vehicle - Turning Left,,Not Applicable,,Not Applicable,False,NONE,,City Street,"Straight, Grade",Main/Proper Lane,On Roadway,,35,E 10TH ST,592,Dry,Signal Light,Clear,Unknown If Worn
12870434,False,False,,Austin Police Department,False,,,12-2410473,False,No,0,1,0,1,0,Incapacitating Injury,08:28:00,1,0,2012,Tuesday,Pedalcyclist,,,Non Intersection,30.33788088,Daylight,-97.71888691,One Motor Vehicle - Turning Left,,Not Applicable,,Alley,False,NONE,,Interstate,"Straight, Level",Other (Explain In Narrative),On Roadway,,5,N LAMAR BLVD,NO DATA,Dry,None,Clear,Not Worn
12972243,False,False,,Austin Police Department,True,,,122420486,False,No,0,0,1,1,0,Non-Incapacitating Injury,07:42:00,1,0,2012,Wednesday,Pedalcyclist,,RIO GRANDE ST,Intersection,30.28793478,Daylight,-97.74463246,One Motor Vehicle - Turning Left,,Not Applicable,,Not Applicable,False,NONE,,City Street,"Straight, Level",Main/Proper Lane,On Roadway,,30,W 24TH ST,700,Dry,Signal Light,Clear,Not Worn
12880149,False,False,,Austin Police Department,True,,,122431471,False,No,0,0,1,1,0,Non-Incapacitating Injury,18:42:00,1,0,2012,Thursday,Pedalcyclist,,RIATA TRACE PKWY,Intersection,30.42903475,Daylight,-97.75113245,One Motor Vehicle - Going Straight,,Not Applicable,,Not Applicable,False,NONE,,City Street,"Straight, Level",Service/Frontage Road,On Roadway,,0,RESEARCH PARK LOOP,NO DATA,Dry,Marked Lanes,Clear,"Worn, Damaged"
13088442,False,False,,Austin Police Department,False,,,122441938,False,No,0,0,1,1,0,Non-Incapacitating Injury,20:15:00,1,0,2012,Thursday,Pedalcyclist,,,Driveway Access,30.40089494,"Dark, Lighted",-97.74878812,One Motor Vehicle - Turning Left,,One Vehicle Entering Driveway,,Entrance To Or Exit From Private Property Or Driveway,False,NONE,,City Street,"Straight, Level",Main/Proper Lane,On Roadway,,0,JOLLYVILLE RD,10744,Dry,Bike Lane,Clear,Not Worn
12972046,False,False,,Austin Police Department,True,,,122461533,False,No,0,0,1,4,0,Non-Incapacitating Injury,20:38:00,1,0,2012,Sunday,Pedalcyclist,,W 27TH ST,Intersection,30.29195477,"Dark, Lighted",-97.74119246,One Motor Vehicle - Turning Right,,Not Applicable,,Not Applicable,False,NONE,,City Street,"Straight, Level",Main/Proper Lane,On Roadway,,30,GUADALUPE ST,2701,Dry,Signal Light,Clear,Unknown If Worn
12880188,False,False,,Austin Police Department,True,,,122470848,False,No,0,0,1,0,0,Non-Incapacitating Injury,11:36:00,1,1,2012,Monday,Pedalcyclist,Interstate,,Driveway Access,,Daylight,,One Motor Vehicle - Going Straight,,One Vehicle Leaving Driveway,,Entrance To Or Exit From Private Property Or Driveway,True,NONE,,Non Trafficway,"Straight, Grade",Other (Explain In Narrative),Not Applicable,,10,IH0035,NO DATA,Dry,Other (Explain In Narrative),Clear,Not Worn
12879908,False,False,,Austin Police Department,True,,,12-2491573,False,No,0,0,1,1,0,Non-Incapacitating Injury,18:44:00,1,0,2012,Wednesday,Pedalcyclist,,BRODIE LN,Intersection,30.20703479,Daylight,-97.83498244,One Motor Vehicle - Turning Left,,Attention Diverted From Driving,,Not Applicable,False,NONE,,City Street,"Straight, Level",Main/Proper Lane,On Roadway,,30,HARPERS FERRY LN,3500,Dry,Signal Light,Clear,Not Worn
12972242,False,False,,Austin Police Department,True,,,122510083,False,No,0,0,0,2,0,Not Injured,00:46:00,0,0,2012,Friday,Pedalcyclist,,COMAL ST,Intersection,30.26303478,"Dark, Not Lighted",-97.72651247,One Motor Vehicle - Turning Left,,Attention Diverted From Driving,,Not Applicable,False,NONE,,City Street,Other (Explain In Narrative),Main/Proper Lane,On Roadway,,30,E 6TH ST,1600,Dry,Signal Light,Clear,Unknown If Worn
13088429,False,False,,Austin Police Department,True,,,122510622,False,No,0,0,0,1,1,Possible Injury,08:43:00,1,0,2012,Friday,Pedalcyclist,,ROSEWOOD AVE,Intersection Related,30.26841478,Daylight,-97.72715247,One Motor Vehicle - Going Straight,,Open Door Or Object Projecting From Vehicle,,Not Applicable,False,NONE,,City Street,"Curve, Level",Main/Proper Lane,On Roadway,,30,E 11TH ST,1212,Dry,Signal Light,Clear,"Worn, Not Damaged"
12890348,False,False,,Austin Police Department,True,,,122521477,False,No,0,0,1,1,0,Non-Incapacitating Injury,18:28:00,1,0,2012,Saturday,Pedalcyclist,,,Driveway Access,30.27377478,Daylight,-97.76337246,One Motor Vehicle - Going Straight,,One Vehicle Leaving Driveway,,Private Drive Or Road,False,NONE,,City Street,"Straight, Level",Main/Proper Lane,On Roadway,,0,W 5TH ST,1598,Dry,None,Clear,Unknown If Worn
12890404,False,False,38439,Austin Police Department,True,38439,2014,122520759,False,No,0,0,1,2,0,Non-Incapacitating Injury,09:51:00,1,0,2012,Saturday,Pedalcyclist,Farm To Market,LEGENDARY DR,Intersection,30.43727953,Daylight,-97.73587539,One Motor Vehicle - Going Straight,6,Not Applicable,10,Not Applicable,False,NONE,200,Farm To Market,"Straight, Level",Main/Proper Lane,On Roadway,"4 Or More Lanes, Divided",60,FM0734,5524,Dry,Stop Sign,Clear,"Worn, Damaged"
12890316,True,False,105589,Austin Police Department,False,105589,2014,122530883,False,No,0,0,0,1,1,Possible Injury,13:00:00,1,0,2012,Sunday,Pedalcyclist,US Highway,,Driveway Access,30.2324389,Daylight,-97.80095082,One Motor Vehicle - Going Straight,7,One Vehicle Leaving Driveway,10,Entrance To Or Exit From Private Property Or Driveway,False,NONE,380,US & State Highways,"Straight, Level",Service/Frontage Road,On Roadway,"4 Or More Lanes, Divided",45,US0290,NO DATA,Dry,None,Clear,Not Worn
12972024,False,False,,Austin Police Department,True,,,12-2550629,False,No,0,1,0,3,0,Incapacitating Injury,09:24:00,1,0,2012,Tuesday,Pedalcyclist,,WALLER ST,Intersection,30.26440478,Daylight,-97.73049247,One Motor Vehicle - Going Straight,,Not Applicable,,Not Applicable,False,BICYCLE,,City Street,"Straight, Level",Main/Proper Lane,On Roadway,,35,E 6TH ST,1200,Dry,Stop Sign,Clear,Not Worn
12890519,False,False,,Austin Police Department,False,,,122561962,False,No,0,0,0,1,1,Possible Injury,22:18:00,1,0,2012,Wednesday,Pedalcyclist,,,Non Intersection,30.30886536,"Dark, Lighted",-97.74076704,One Motor Vehicle - Going Straight,,Vehicle Changing Lanes,,Not Applicable,False,NONE,,US & State Highways,"Straight, Level",Main/Proper Lane,On Roadway,,40,N LAMAR BLVD,4093,Dry,Marked Lanes,Clear,Not Worn
12901474,False,False,,Austin Police Department,True,,,122580522,False,No,0,1,0,1,0,Incapacitating Injury,08:08:00,1,0,2012,Friday,Pedalcyclist,,UNKNOWN,Intersection,30.16027327,Daylight,-97.74481633,One Motor Vehicle - Going Straight,,Not Applicable,,Not Applicable,False,NONE,,City Street,"Straight, Level",Main/Proper Lane,On Roadway,,35,SALT SPRINGS DR,8009,Wet,Stop Sign,Rain,Not Worn
12901516,False,False,,Austin Police Department,False,,,12-2581023,False,No,0,0,1,1,0,Non-Incapacitating Injury,13:54:00,1,0,2012,Friday,Pedalcyclist,,,Driveway Access,30.32469523,Daylight,-97.72711989,One Motor Vehicle - Turning Left,,One Vehicle Leaving Driveway,,Private Drive Or Road,False,NONE,,US & State Highways,"Straight, Level",Main/Proper Lane,On Roadway,,0,N LAMAR BLVD,5615,Wet,None,Cloudy,Unknown If Worn
13061976,False,False,,Austin Police Department,False,,,12-2580376,False,No,0,0,1,1,0,Non-Incapacitating Injury,05:40:00,1,0,2012,Friday,Pedalcyclist,,,Driveway Access,30.28624123,"Dark, Lighted",-97.74277319,One Motor Vehicle - Turning Left,,One Vehicle Entering Driveway,,Entrance To Or Exit From Private Property Or Driveway,False,NONE,,City Street,"Straight, Level",Main/Proper Lane,On Roadway,,30,SAN ANTONIO ST,2279,Wet,None,Rain,"Worn, Not Damaged"
12901661,True,False,148494,Austin Police Department,True,148494,2014,12-2611892,False,No,0,0,1,1,0,Non-Incapacitating Injury,22:30:00,1,0,2012,Monday,Pedalcyclist,Interstate,E 4TH ST,Intersection,30.26390097,"Dark, Not Lighted",-97.73535224,One Motor Vehicle - Going Straight,6,Not Applicable,5,RR Grade Crossing,False,NONE,300,Interstate,"Straight, Level",Service/Frontage Road,On Roadway,"4 Or More Lanes, Divided",30,IH0035,NO DATA,Dry,Crosswalk,Clear,Not Worn
12911833,True,False,,Austin Police Department,False,,,2012-2631619,False,No,0,0,1,0,0,Non-Incapacitating Injury,14:32:00,1,1,2012,Wednesday,Pedalcyclist,,,Driveway Access,30.39728017,Daylight,-97.74995096,One Motor Vehicle - Turning Right,,One Vehicle Entering Driveway,,Private Drive Or Road,False,NONE,,City Street,"Straight, Level",Main/Proper Lane,On Roadway,,35,JOLLYVILLE RD,10232,Dry,Bike Lane,Clear,Not Worn
12911835,False,False,,Austin Police Department,True,,,12-2631470,False,No,0,0,1,1,0,Non-Incapacitating Injury,18:00:00,1,0,2012,Wednesday,Pedalcyclist,,METRIC BLVD,Intersection,30.42336475,Daylight,-97.68124247,One Motor Vehicle - Turning Right,,Not Applicable,,Not Applicable,False,NONE,,City Street,"Straight, Level",Main/Proper Lane,On Roadway,,45,LYNNVILLE TRL,NO DATA,Dry,Signal Light,Clear,Not Worn
12911818,False,False,,Austin Police Department,True,,,122641798,False,No,0,0,1,1,0,Non-Incapacitating Injury,21:11:00,1,0,2012,Thursday,Pedalcyclist,,E RIVERSIDE DR,Intersection,30.23356479,"Dark, Lighted",-97.72378247,One Motor Vehicle - Turning Left,,Not Applicable,,Not Applicable,False,NONE,,City Street,"Straight, Grade",Main/Proper Lane,On Roadway,,35,S PLEASANT VALLEY RD,NO DATA,Dry,Signal Light,Clear,Not Worn
12911825,False,False,26658,Austin Police Department,True,26658,2014,12-2641291,False,No,0,0,1,1,0,Non-Incapacitating Injury,17:46:00,1,0,2012,Thursday,Pedalcyclist,Ranch To Mkt,SL0001,Intersection Related,30.32592761,Daylight,-97.72633641,One Motor Vehicle - Turning Left,4,Not Applicable,0,Not Applicable,False,NONE,70,Farm To Market,"Straight, Level",Main/Proper Lane,On Roadway,"4 Or More Lanes, Undivided",40,RM2222,NO DATA,Dry,Signal Light,Clear,Unknown If Worn
13039494,False,False,,Austin Police Department,False,,,12-2640488,False,No,0,0,0,1,1,Possible Injury,08:35:00,1,0,2012,Thursday,Pedalcyclist,,,Driveway Access,30.23271338,Daylight,-97.86426804,One Motor Vehicle - Turning Right,,One Vehicle Entering Driveway,,Entrance To Or Exit From Private Property Or Driveway,False,NONE,,City Street,"Curve, Grade",Main/Proper Lane,On Roadway,,40,W WILLIAM CANNON DR,6291,Dry,None,Clear,"Worn, Unk Damage"
12924110,False,False,,Austin Police Department,True,,,12-2651730,False,No,0,0,0,1,1,Possible Injury,18:44:00,1,0,2012,Friday,Pedalcyclist,,E 4TH ST,Intersection,30.26522478,Daylight,-97.74003246,One Motor Vehicle - Going Straight,,Not Applicable,,Not Applicable,False,BICYCLE,,City Street,"Straight, Level",Main/Proper Lane,On Roadway,,30,TRINITY ST,399,Dry,Stop Sign,Clear,"Worn, Not Damaged"
12963784,False,False,,Austin Police Department,False,,,122650949,False,No,0,0,1,1,0,Non-Incapacitating Injury,12:17:00,1,0,2012,Friday,Pedalcyclist,,,Driveway Access,30.21220479,Daylight,-97.74825247,One Motor Vehicle - Going Straight,,One Vehicle Leaving Driveway,,Entrance To Or Exit From Private Property Or Driveway,False,NONE,,City Street,"Straight, Level",Main/Proper Lane,On Roadway,,35,FREIDRICH LN,4200,Dry,Stop Sign,Clear,Not Worn
12972052,False,False,,Austin Police Department,True,,,122661015,False,No,0,0,0,1,1,Possible Injury,12:43:00,1,0,2012,Saturday,Pedalcyclist,,W 23RD ST,Intersection,30.28651478,Daylight,-97.74275246,One Motor Vehicle - Going Straight,,Not Applicable,,Not Applicable,False,NONE,,City Street,"Straight, Level",Main/Proper Lane,On Roadway,,30,SAN ANTONIO ST,2299,Dry,Stop Sign,Clear,"Worn, Not Damaged"
13138443,True,False,,Austin Police Department,False,,,12-2670495,False,No,1,0,0,0,1,Killed,04:35:00,1,0,2012,Sunday,Pedalcyclist,,,Non Intersection,30.25967655,"Dark, Lighted",-97.74590146,One Motor Vehicle - Going Straight,,Vehicle Changing Lanes,,Not Applicable,False,NONE,,City Street,"Straight, Level",Main/Proper Lane,On Roadway,,35,CONGRESS AVE S,213,Dry,None,Clear,Not Worn
12924151,False,False,,Austin Police Department,False,,,12-2721361,False,No,0,0,1,1,0,Non-Incapacitating Injury,17:17:00,1,0,2012,Friday,Pedalcyclist,,,Non Intersection,30.29580479,Daylight,-97.72329246,One Motor Vehicle - Going Straight,,Vehicle Passing Or Attempting To Pass On Left,,Not Applicable,False,NONE,,City Street,"Straight, Level",Main/Proper Lane,On Roadway,,30,RED RIVER ST,3800,Dry,None,Cloudy,"Worn, Not Damaged"
12988054,False,False,21351,Austin Police Department,True,21351,2014,122730928,False,No,0,1,0,1,0,Incapacitating Injury,13:05:00,1,0,2012,Saturday,Pedalcyclist,State Loop,CONGRESS AVE,Intersection Related,30.26339563,Daylight,-97.74449683,One Motor Vehicle - Turning Right,4,Not Applicable,10,Not Applicable,False,BICYCLE,80,US & State Highways,"Straight, Level",Main/Proper Lane,On Roadway,"4 Or More Lanes, Undivided",30,SL0343,100,Dry,Signal Light,Cloudy,"Worn, Not Damaged"
12994559,True,False,,Austin Police Department,True,,,12-2761432,False,No,0,0,1,1,0,Non-Incapacitating Injury,17:56:00,1,0,2012,Tuesday,Pedalcyclist,,CUMBERLAND RD,Intersection,30.23550479,Daylight,-97.75636246,One Motor Vehicle - Turning Left,,Not Applicable,,Not Applicable,False,NONE,,City Street,"Straight, Level",Main/Proper Lane,On Roadway,,0,CONGRESS AVE S,2701,Dry,Signal Light,Clear,Not Worn
12923981,False,False,,Austin Police Department,True,,,122771277,True,No,0,0,1,1,0,Non-Incapacitating Injury,16:49:00,1,0,2012,Wednesday,Pedalcyclist,,W 5TH ST,Intersection,30.26902478,Daylight,-97.74982246,One Motor Vehicle - Going Straight,,Construction - Within Posted Road Construction Zone (Not Related To Crash),,Not Applicable,False,NONE,,City Street,"Straight, Level",Main/Proper Lane,On Roadway,,30,RIO GRANDE ST,499,Dry,Stop Sign,Clear,Not Worn
12988081,False,False,,Austin Police Department,True,,,12-2780368,False,No,0,0,1,1,0,Non-Incapacitating Injury,06:06:00,1,0,2012,Thursday,Pedalcyclist,,UNKNOWN,Intersection,30.3367174,"Dark, Lighted",-97.7195588,One Motor Vehicle - Turning Right,,Not Applicable,,Not Applicable,False,NONE,,City Street,"Straight, Level",Main/Proper Lane,On Roadway,,0,JUSTIN LN,801,Dry,Signal Light,Cloudy,Unknown If Worn
12937106,True,False,50813,Austin Police Department,True,50813,2014,12-2790660,False,No,0,0,1,1,0,Non-Incapacitating Injury,09:54:00,1,0,2012,Friday,Pedalcyclist,Farm To Market,SCOFIELD FARMS DR,Intersection,30.41135724,Daylight,-97.68668309,One Motor Vehicle - Turning Right,6,Not Applicable,10,Not Applicable,False,NONE,150,Farm To Market,"Straight, Level",Main/Proper Lane,On Roadway,"4 Or More Lanes, Divided",50,FM0734,1601,Dry,Bike Lane,Clear,Not Worn
12988074,True,False,,Austin Police Department,False,,,122791565,False,No,0,0,1,1,0,Non-Incapacitating Injury,18:03:00,1,0,2012,Friday,Pedalcyclist,,,Driveway Access,30.29381415,Daylight,-97.73530853,One Motor Vehicle - Turning Left,,One Vehicle Leaving Driveway,,Entrance To Or Exit From Private Property Or Driveway,False,NONE,,City Street,"Straight, Level",Main/Proper Lane,On Roadway,,30,SPEEDWAY,3088,Dry,Bike Lane,Cloudy,Not Worn
12936944,True,False,55791,Austin Police Department,True,55791,2014,12-2801182,False,No,0,0,1,1,0,Non-Incapacitating Injury,15:30:00,1,0,2012,Saturday,Pedalcyclist,State Loop,US0290,Intersection,30.21655804,Daylight,-97.84514825,One Motor Vehicle - Going Straight,6,Not Applicable,10,Not Applicable,False,NONE,300,US & State Highways,"Straight, Level",Main/Proper Lane,On Roadway,"4 Or More Lanes, Divided",40,SL0001,4577,Dry,Signal Light,Clear,Not Worn
12937033,False,False,44866,Austin Police Department,False,44866,2014,12-2800846,False,No,0,1,0,1,0,Incapacitating Injury,11:10:00,1,0,2012,Saturday,Pedalcyclist,State Loop,,Driveway Access,30.37673292,Daylight,-97.77969863,One Motor Vehicle - Turning Right,4,One Vehicle Entering Driveway,10,Entrance To Or Exit From Private Property Or Driveway,False,TREK BICYCLE,291,US & State Highways,"Straight, Level",Main/Proper Lane,On Roadway,"4 Or More Lanes, Divided",55,SL0360,NO DATA,Dry,Marked Lanes,Cloudy,"Worn, Not Damaged"
12972164,True,False,,Austin Police Department,True,,,122801281,False,No,0,0,0,4,1,Possible Injury,16:51:00,1,0,2012,Saturday,Pedalcyclist,,E 30TH ST,Intersection,30.29172477,Daylight,-97.73424246,One Motor Vehicle - Going Straight,,Not Applicable,,Not Applicable,False,NONE,,City Street,Unknown,Main/Proper Lane,On Roadway,,35,DUVAL ST,2907,Dry,Stop Sign,Clear,Unknown If Worn
13024910,False,False,,Austin Police Department,True,,,12-2800374,False,No,0,0,1,0,0,Non-Incapacitating Injury,02:26:00,1,2,2012,Saturday,Pedalcyclist,,COMAL ST,Intersection,30.26118478,"Dark, Unknown Lighting",-97.72739247,One Motor Vehicle - Turning Left,,Not Applicable,,Not Applicable,False,NONE,,City Street,"Straight, Level",Main/Proper Lane,On Roadway,,0,E 4TH ST,1600,Dry,Stop Sign,Clear,"Worn, Damaged"
13027786,False,False,,Austin Police Department,False,,,122801809,False,No,0,0,0,2,1,Possible Injury,21:59:00,1,0,2012,Saturday,Pedalcyclist,,,Non Intersection,30.28035513,"Dark, Lighted",-97.73707413,One Motor Vehicle - Going Straight,,Not Applicable,,Not Applicable,False,NONE,,City Street,"Straight, Grade",Main/Proper Lane,On Roadway,,35,E MARTIN LUTHER KING JR BLVD,170,Dry,Bike Lane,Clear,Not Worn
12937050,True,False,,Austin Police Department,True,,,122820902,False,No,0,0,1,1,0,Non-Incapacitating Injury,13:25:00,1,0,2012,Monday,Pedalcyclist,,E RIVERSIDE DR,Intersection Related,30.23230479,Daylight,-97.72039247,One Motor Vehicle - Turning Right,,Not Applicable,,Not Applicable,False,BICYCLE,,City Street,"Straight, Level",Main/Proper Lane,On Roadway,,30,WICKERSHAM LN,2001,Dry,Crosswalk,Clear,Not Worn
12937065,False,False,,Austin Police Department,False,,,122831160,False,No,0,0,1,1,0,Non-Incapacitating Injury,15:36:00,1,0,2012,Tuesday,Pedalcyclist,,,Non Intersection,30.29310051,Daylight,-97.73600342,One Motor Vehicle - Going Straight,,Not Applicable,,Not Applicable,False,NONE,,City Street,"Curve, Grade",Main/Proper Lane,On Roadway,,30,SAN JACINTO BLVD,NO DATA,Dry,None,Clear,Not Worn
12936864,False,False,,Austin Police Department,True,,,122851568,False,No,0,0,1,1,0,Non-Incapacitating Injury,19:50:00,1,0,2012,Thursday,Pedalcyclist,,W 7TH ST,Intersection,30.26899478,"Dark, Lighted",-97.74246246,One Motor Vehicle - Turning Left,,Not Applicable,,Not Applicable,False,NONE,,City Street,"Straight, Level",Main/Proper Lane,On Roadway,,25,CONGRESS AVE,699,Dry,Signal Light,Clear,Not Worn
13061973,False,False,,Austin Police Department,True,,,122850482,False,No,0,0,1,1,0,Non-Incapacitating Injury,08:37:00,1,0,2012,Thursday,Pedalcyclist,,SWANSON LN,Intersection,30.1742048,Daylight,-97.79484245,One Motor Vehicle - Going Straight,,Not Applicable,,Not Applicable,False,NONE,,City Street,"Straight, Level",Main/Proper Lane,On Roadway,,40,RALPH ABLANEDO DR,561,Dry,Stop Sign,Clear,Not Worn
12948157,False,False,,Austin Police Department,True,,,122860719,False,No,0,0,0,1,1,Possible Injury,10:08:00,1,0,2012,Friday,Pedalcyclist,,SAN ANTONIO ST,Intersection Related,30.28778478,Daylight,-97.74263246,One Motor Vehicle - Turning Left,,Attention Diverted From Driving,,Not Applicable,False,NONE,,City Street,"Straight, Level",Main/Proper Lane,On Roadway,,30,W 24TH ST,504,Dry,Signal Light,Cloudy,"Worn, Not Damaged"