Crash ID,$1000 Damage to Any One Person's Property,Active School Zone Flag,Adjusted Average Daily Traffic Amount,Agency,At Intersection Flag,Average Daily Traffic Amount,Average Daily Traffic Year,Case ID,Construction Zone Flag,Construction Zone Workers Present Flag,Crash Death Count,Crash Incapacitating Injury Count,Crash Non-incapacitating Injury Count,Crash Not Injured Count,Crash Possible Injury Count,Crash Severity,Crash Time,Crash Total Injury Count,Crash Unknown Injury Count,Crash Year,Day of Week,First Harmful Event,Highway System,Intersecting Street Name,Intersection Related,Latitude,Light Condition,Longitude,Manner of Collision,Number of Lanes,Other Factor,Outside Shoulder Width on Divided Highway,Physical Feature 1,Private Drive Flag,Property Damages,Right of Way Usual Width,Road Class,Roadway Alignment,Roadway Part,Roadway Relation,Roadway Type,Speed Limit,Street Name,Street Number,Surface Condition,Traffic Control Type,Weather Condition,Person Helmet
12948822,True,False,,Austin Police Department,False,,,2012-2860337,False,No,0,1,0,1,0,Incapacitating Injury,04:31:00,1,0,2012,Friday,Parked Car,,,Non Intersection,30.28020678,"Dark, Lighted",-97.74213546,One Motor Vehicle - Going Straight,,Not Applicable,,Not Applicable,False,NONE,,City Street,"Straight, Grade",Main/Proper Lane,On Roadway,,30,GUADALUPE ST,1723,Dry,Marked Lanes,Clear,Not Worn
12948180,False,False,,Austin Police Department,False,,,122871144,False,No,0,0,0,3,0,Not Injured,15:40:00,0,0,2012,Saturday,Pedalcyclist,,,Non Intersection,,Daylight,,One Motor Vehicle - Going Straight,,Not Applicable,,In A Parking Lot,False,NONE,,Non Trafficway,"Straight, Level",Other (Explain In Narrative),Not Applicable,,10,E RIVERSIDE DR,NO DATA,Dry,None,Clear,Not Worn
12936897,False,False,,Austin Police Department,False,,,122881619,False,No,0,1,0,1,0,Incapacitating Injury,21:31:00,1,0,2012,Sunday,Pedalcyclist,,,Non Intersection,30.24718956,"Dark, Lighted",-97.75597014,One Motor Vehicle - Going Straight,,Not Applicable,,Not Applicable,False,NONE,,City Street,"Straight, Level",Main/Proper Lane,On Roadway,,35,S 1ST ST,1830,Dry,None,Clear,Not Worn
12948116,False,False,,Austin Police Department,True,,,122880117,False,No,0,0,1,0,5,Non-Incapacitating Injury,00:57:00,6,0,2012,Sunday,Pedalcyclist,,CLYDE LITTLEFIELD DR,Intersection,,"Dark, Lighted",,One Motor Vehicle - Going Straight,,Not Applicable,,Not Applicable,False,NONE,,City Street,"Straight, Level",Main/Proper Lane,On Roadway,,35,RED RIVER ST,NO DATA,Dry,Signal Light,Clear,Not Worn
12948031,False,False,,Austin Police Department,False,,,12-2890396,False,No,0,0,0,1,1,Possible Injury,07:27:00,1,0,2012,Monday,Pedalcyclist,,W ANDERSON LN,Intersection Related,30.35971748,Daylight,-97.73825689,One Motor Vehicle - Going Straight,,Not Applicable,,Not Applicable,False,NONE,,City Street,"Straight, Level",Main/Proper Lane,On Roadway,,35,ROCKWOOD LN,7898,Dry,Signal Light,Clear,Not Worn
12948108,False,False,,Austin Police Department,False,,,12-2890722,False,No,0,0,1,1,0,Non-Incapacitating Injury,11:12:00,1,0,2012,Monday,Pedalcyclist,,,Driveway Access,,Daylight,,One Motor Vehicle - Going Straight,,One Vehicle Leaving Driveway,,Entrance To Or Exit From Private Property Or Driveway,False,NONE,,Non Trafficway,"Straight, Level",Main/Proper Lane,Not Applicable,,40,S LAMAR BLVD,NO DATA,Dry,None,Clear,Not Worn
13062023,False,False,,Austin Police Department,True,,,122890972,False,No,0,0,1,1,0,Non-Incapacitating Injury,14:17:00,1,0,2012,Monday,Pedalcyclist,,W 8TH ST,Intersection,30.26991478,Daylight,-97.74210246,One Motor Vehicle - Turning Left,,Attention Diverted From Driving,,Not Applicable,False,NONE,,City Street,"Straight, Level",Main/Proper Lane,On Roadway,,35,CONGRESS AVE,799,Dry,Signal Light,Clear,Not Worn
13448858,True,False,,Austin Police Department,True,,,122891308,False,No,0,0,1,1,0,Non-Incapacitating Injury,17:38:00,1,0,2012,Monday,Pedalcyclist,,LIVE OAK ST W,Intersection Related,30.24447478,Daylight,-97.75769246,One Motor Vehicle - Going Straight,,Not Applicable,,Not Applicable,False,NONE,,City Street,"Straight, Level",Main/Proper Lane,On Roadway,,35,S 1ST ST,2199,Dry,Signal Light,Clear,"Worn, Damaged"
12963991,True,False,41709,Austin Police Department,False,41709,2014,12-2941025,False,No,0,0,0,1,1,Possible Injury,13:45:00,1,0,2012,Saturday,Pedalcyclist,Ranch To Mkt,,Driveway Access,30.4152535,Daylight,-97.84813584,One Motor Vehicle - Going Straight,4,One Vehicle Leaving Driveway,8,Entrance To Or Exit From Private Property Or Driveway,False,NONE,120,Farm To Market,"Straight, Level",Main/Proper Lane,On Roadway,"4 Or More Lanes, Undivided",55,RM0620,NO DATA,Dry,Bike Lane,Clear,Not Worn
12982350,False,False,,"Department Of Public Safety, State Of Texas",False,,,,False,No,0,0,0,5,0,Not Injured,19:21:00,0,0,2012,Saturday,Pedalcyclist,,,Non Intersection,30.27711569,"Dark, Lighted",-97.73676723,One Motor Vehicle - Backing,,Not Applicable,,Not Applicable,False,NONE,,City Street,"Straight, Level",Main/Proper Lane,On Roadway,,35,SAN JACINTO BLVD,1595,Dry,Center Stripe/Divider,Clear,Not Worn
12982350,False,False,,"Department Of Public Safety, State Of Texas",False,,,,False,No,0,0,0,5,0,Not Injured,19:21:00,0,0,2012,Saturday,Pedalcyclist,,,Non Intersection,30.27711569,"Dark, Lighted",-97.73676723,One Motor Vehicle - Backing,,Not Applicable,,Not Applicable,False,NONE,,City Street,"Straight, Level",Main/Proper Lane,On Roadway,,35,SAN JACINTO BLVD,1595,Dry,Center Stripe/Divider,Clear,Unknown If Worn
12982350,False,False,,"Department Of Public Safety, State Of Texas",False,,,,False,No,0,0,0,5,0,Not Injured,19:21:00,0,0,2012,Saturday,Pedalcyclist,,,Non Intersection,30.27711569,"Dark, Lighted",-97.73676723,One Motor Vehicle - Backing,,Not Applicable,,Not Applicable,False,NONE,,City Street,"Straight, Level",Main/Proper Lane,On Roadway,,35,SAN JACINTO BLVD,1595,Dry,Center Stripe/Divider,Clear,Unknown If Worn
12963868,False,False,,Austin Police Department,False,,,122951307,False,No,0,0,0,1,1,Possible Injury,17:48:00,1,0,2012,Sunday,Pedalcyclist,,,Non Intersection,,Daylight,,One Motor Vehicle - Going Straight,,Not Applicable,,In A Parking Lot,True,NONE,,Non Trafficway,Other (Explain In Narrative),Other (Explain In Narrative),Not Applicable,,0,FAIRFIELD DR,NO DATA,Dry,None,Clear,Not Worn
13027404,False,False,130691,Austin Police Department,True,130691,2014,122951597,False,No,0,0,0,0,1,Possible Injury,21:11:00,1,1,2012,Sunday,Pedalcyclist,Interstate,MIDDLE LN,Intersection,30.35659386,"Dark, Unknown Lighting",-97.68909455,One Motor Vehicle - Going Straight,6,Not Applicable,10,Not Applicable,False,BICYCLE,300,Interstate,"Straight, Level",Service/Frontage Road,On Roadway,"4 Or More Lanes, Divided",0,IH0035,NO DATA,Dry,Stop Sign,Clear,Not Worn
12963883,False,False,,Austin Police Department,False,,,12-2970984,False,No,0,0,0,0,1,Possible Injury,14:05:00,1,1,2012,Tuesday,Pedalcyclist,,UNKNOWN,Intersection,30.27605478,Daylight,-97.74843246,One Motor Vehicle - Turning Left,,Not Applicable,,Not Applicable,False,NONE,,City Street,"Straight, Level",Other (Explain In Narrative),On Roadway,,30,WEST AVE,1200,Dry,Signal Light,Clear,Not Worn
12963975,False,False,,Austin Police Department,False,,,122971528,False,No,0,0,1,1,0,Non-Incapacitating Injury,19:03:00,1,0,2012,Tuesday,Pedalcyclist,,E 45TH ST,Intersection Related,30.30695874,Dusk,-97.72459541,One Motor Vehicle - Going Straight,,"Slowing/Stopping - For Officer, Flagman, Or Traffic Control",,Not Applicable,False,MINOR DAMAGE TO BICYCLE,,City Street,"Straight, Level",Main/Proper Lane,On Roadway,,35,DUVAL ST,4427,Dry,None,Clear,Not Worn
12963976,True,False,,Austin Police Department,False,,,12-2970726,False,No,0,0,1,1,0,Non-Incapacitating Injury,11:04:00,1,0,2012,Tuesday,Pedalcyclist,,,Non Intersection,30.29527522,Daylight,-97.73687843,One Motor Vehicle - Going Straight,,Not Applicable,,Not Applicable,False,NONE,,City Street,"Curve, Level",Main/Proper Lane,On Roadway,,0,UNIVERSITY AVE,NO DATA,Dry,None,Clear,"Worn, Not Damaged"
12963275,False,False,,Austin Police Department,True,,,122992020,False,No,0,0,1,0,0,Non-Incapacitating Injury,22:29:00,1,1,2012,Thursday,Pedalcyclist,,LIVE OAK ST W,Intersection,30.24447478,"Dark, Lighted",-97.75769246,One Motor Vehicle - Turning Left,,Not Applicable,,Not Applicable,False,NONE,,City Street,"Straight, Level",Main/Proper Lane,On Roadway,,0,S 1ST ST,2199,Dry,Stop Sign,Clear,Not Worn
13020118,True,False,,Austin Police Department,True,,,122991437,False,No,0,0,1,0,0,Non-Incapacitating Injury,17:39:00,1,1,2012,Thursday,Pedalcyclist,,E 53RD ST,Intersection,30.31639477,Daylight,-97.71850247,One Motor Vehicle - Going Straight,,Not Applicable,,Not Applicable,False,NONE,,City Street,"Straight, Level",Main/Proper Lane,On Roadway,,30,DUVAL ST,5301,Dry,Stop Sign,Clear,"Worn, Damaged"
13061984,True,False,,Austin Police Department,True,,,12-300023553,False,No,0,0,0,2,1,Possible Injury,02:41:00,1,0,2012,Friday,Pedalcyclist,,UNKNOWN,Intersection,30.26648478,"Dark, Lighted",-97.73718246,One Motor Vehicle - Going Straight,,Attention Diverted From Driving,,Not Applicable,False,NONE,,City Street,"Straight, Level",Main/Proper Lane,On Roadway,,0,RED RIVER ST,601,Wet,Signal Light,Rain,Not Worn
13061985,True,False,,Austin Police Department,True,,,12-3000235,False,No,0,0,0,2,1,Possible Injury,02:41:00,1,0,2012,Friday,Pedalcyclist,,,Non Intersection,30.26648478,"Dark, Lighted",-97.73718246,One Motor Vehicle - Going Straight,,Attention Diverted From Driving,,Not Applicable,False,NONE,,City Street,"Straight, Level",Main/Proper Lane,On Roadway,,0,RED RIVER ST,601,Wet,Signal Light,Rain,Not Worn
12979282,False,False,41709,Austin Police Department,False,41709,2014,12-3011336,False,No,0,0,1,1,0,Non-Incapacitating Injury,17:12:00,1,0,2012,Saturday,Pedalcyclist,Ranch To Mkt,,Non Intersection,30.42921016,Daylight,-97.84253257,One Motor Vehicle - Going Straight,4,Not Applicable,8,Not Applicable,False,NONE,120,Farm To Market,"Straight, Hillcrest",Main/Proper Lane,Shoulder,"4 Or More Lanes, Undivided",0,RM0620,NO DATA,Dry,Marked Lanes,Clear,Not Worn
12979191,False,False,,Austin Police Department,True,,,123031406,False,No,0,1,0,1,0,Incapacitating Injury,18:19:00,1,0,2012,Monday,Pedalcyclist,,UNKNOWN,Intersection,30.28350478,Daylight,-97.74825246,One Motor Vehicle - Turning Left,,Not Applicable,,Not Applicable,False,NONE,,City Street,"Straight, Hillcrest",Main/Proper Lane,On Roadway,,35,SAN GABRIEL ST,1900,Dry,Stop Sign,Clear,Unknown If Worn
12979328,True,False,33647,Austin Police Department,True,33647,2014,123030500,False,No,0,0,0,1,1,Possible Injury,08:26:00,1,0,2012,Monday,Pedalcyclist,State Loop,IH0035,Intersection,30.26214153,Daylight,-97.75806369,One Motor Vehicle - Turning Left,6,Not Applicable,0,Not Applicable,False,NONE,120,US & State Highways,"Straight, Level",Main/Proper Lane,On Roadway,"4 Or More Lanes, Divided",35,SL0343,NO DATA,Dry,Marked Lanes,Clear,Unknown If Worn
12979484,False,False,,Austin Police Department,True,,,123071547,False,No,0,0,1,1,0,Non-Incapacitating Injury,16:58:00,1,0,2012,Friday,Pedalcyclist,,LAKE AUSTIN BLVD,Intersection,30.27807478,Daylight,-97.77256246,One Motor Vehicle - Turning Left,,Not Applicable,,Not Applicable,False,NONE,,City Street,"Straight, Level",Main/Proper Lane,On Roadway,,35,DEEP EDDY AVE,499,Dry,None,Clear,"Worn, Not Damaged"
12979485,False,False,,Austin Police Department,False,,,12-3070805,False,No,0,0,1,0,0,Non-Incapacitating Injury,10:14:00,1,1,2012,Friday,Pedalcyclist,,GUADALUPE ST,Intersection Related,30.28978064,Daylight,-97.74130734,One Motor Vehicle - Going Straight,,"Slowing/Stopping-For Pedestrian, Pedalcyclist, etc. In Road",,Not Applicable,False,NONE,,City Street,"Straight, Level",Main/Proper Lane,On Roadway,,30,W DEAN KEETON ST,391,Dry,Signal Light,Clear,Not Worn
12992794,False,False,,Austin Police Department,False,,,12-3071776,False,No,0,0,1,1,0,Non-Incapacitating Injury,18:58:00,1,0,2012,Friday,Pedalcyclist,,E 52ND ST,Intersection,30.31000388,"Dark, Lighted",-97.70890212,One Motor Vehicle - Turning Left,,Not Applicable,,Not Applicable,False,NONE,,City Street,"Straight, Level",Main/Proper Lane,On Roadway,,35,CAMERON RD,5197,Dry,None,Clear,"Worn, Not Damaged"
13020148,False,False,,Austin Police Department,True,,,123070431,False,No,0,0,1,1,0,Non-Incapacitating Injury,06:39:00,1,0,2012,Friday,Pedalcyclist,,BIG TRL,Intersection,,"Dark, Not Lighted",,One Motor Vehicle - Turning Right,,Attention Diverted From Driving,,Not Applicable,False,NONE,,City Street,"Straight, Level",Main/Proper Lane,On Roadway,,45,DUVAL RD,NO DATA,Dry,Stop Sign,Clear,"Worn, Damaged"
13104221,True,False,,Austin Police Department,False,,,123080042,False,No,1,0,0,2,0,Killed,00:20:00,0,0,2012,Saturday,Pedalcyclist,,,Non Intersection,30.22086939,"Dark, Not Lighted",-97.69480809,One Motor Vehicle - Going Straight,,Attention Diverted From Driving,,Not Applicable,False,BIKE,,City Street,"Straight, Level",Main/Proper Lane,On Roadway,,45,E RIVERSIDE DR,NO DATA,Dry,None,Clear,Unknown If Worn
12992728,True,False,,Austin Police Department,False,,,12-3100978,False,No,0,0,1,1,0,Non-Incapacitating Injury,13:35:00,1,0,2012,Monday,Pedalcyclist,,,Non Intersection,30.29899445,Daylight,-97.73034599,One Motor Vehicle - Going Straight,,Attention Diverted From Driving,,Not Applicable,False,NONE,,City Street,"Straight, Level",Main/Proper Lane,On Roadway,,35,E 38TH ST,442,Dry,Center Stripe/Divider,Clear,Not Worn
12989317,True,False,,Austin Police Department,True,,,123111613,False,No,0,0,1,0,1,Non-Incapacitating Injury,18:40:00,2,0,2012,Tuesday,Pedalcyclist,,OAK SPRINGS DR,Intersection,30.27242478,"Dark, Lighted",-97.70485247,One Motor Vehicle - Turning Left,,Not Applicable,,Not Applicable,False,NONE,,City Street,"Straight, Level",Main/Proper Lane,On Roadway,,0,WEBBERVILLE RD,3699,Dry,Stop Sign,Clear,Unknown If Worn
13024896,False,False,154266,Austin Police Department,False,154266,2014,12-3110676,False,No,0,0,0,0,1,Possible Injury,09:30:00,1,1,2012,Tuesday,Pedalcyclist,Interstate,,Driveway Access,30.2207129,Daylight,-97.74882365,One Motor Vehicle - Turning Right,6,One Vehicle Entering Driveway,12,Entrance To Or Exit From Private Property Or Driveway,False,NONE,300,Interstate,"Straight, Level",Main/Proper Lane,On Roadway,"4 Or More Lanes, Divided",60,IH0035,NO DATA,Dry,None,Clear,Not Worn
13000198,False,False,,Austin Police Department,True,,,12-3121066,False,No,0,0,1,1,0,Non-Incapacitating Injury,14:17:00,1,0,2012,Wednesday,Pedalcyclist,,DUVAL RD,Intersection,30.40497475,Daylight,-97.71608246,One Motor Vehicle - Going Straight,,Not Applicable,,Not Applicable,False,NONE,,US & State Highways,"Curve, Grade",Main/Proper Lane,On Roadway,,45,BURNET RD,11901,Dry,Marked Lanes,Clear,Unknown If Worn
13000422,False,False,,Austin Police Department,False,,,123131461,False,No,0,0,1,0,0,Non-Incapacitating Injury,18:43:00,1,1,2012,Thursday,Pedalcyclist,,,Non Intersection,30.25558479,"Dark, Lighted",-97.71157247,One Motor Vehicle - Going Straight,,Not Applicable,,Not Applicable,False,NONE,,City Street,"Straight, Level",Main/Proper Lane,On Roadway,,35,PLEASANT VALLEY RD N,400,Dry,Marked Lanes,Clear,Not Worn
12989433,False,False,,Austin Police Department,False,,,123140524,False,No,0,0,0,1,1,Possible Injury,08:12:00,1,0,2012,Friday,Pedalcyclist,,,Driveway Access,30.22724533,Daylight,-97.77974856,One Motor Vehicle - Turning Left,,One Vehicle Leaving Driveway,,Entrance To Or Exit From Private Property Or Driveway,False,NONE,,City Street,"Curve, Grade",Main/Proper Lane,On Roadway,,35,BANISTER LN,4238,Dry,Bike Lane,Clear,Unknown If Worn
13039498,False,False,,Austin Police Department,True,,,123151424,False,No,0,0,1,1,0,Non-Incapacitating Injury,16:20:00,1,0,2012,Friday,Pedalcyclist,,BRODIE LN,Intersection,30.1834648,Daylight,-97.84984244,One Motor Vehicle - Turning Right,,Not Applicable,,Not Applicable,False,NONE,,City Street,"Straight, Level",Main/Proper Lane,On Roadway,,40,W SLAUGHTER LN,NO DATA,Dry,Signal Light,Clear,Not Worn
12989315,True,False,,Austin Police Department,False,,,123161328,False,No,0,0,1,0,0,Non-Incapacitating Injury,17:37:00,1,1,2012,Sunday,Pedalcyclist,,,Non Intersection,,Daylight,,One Motor Vehicle - Going Straight,,Not Applicable,,In A Parking Lot,False,NONE,,Non Trafficway,Other (Explain In Narrative),Other (Explain In Narrative),Not Applicable,,0,RUTLAND DR,NO DATA,Dry,None,Clear,Not Worn
13007697,True,False,,Austin Police Department,False,,,12-3170725,False,No,0,0,0,1,1,Possible Injury,11:47:00,1,0,2012,Monday,Pedalcyclist,,,Non Intersection,30.28927194,Daylight,-97.73428729,One Motor Vehicle - Backing,,Not Applicable,,Parking Area Within Right Of Way,False,NONE,,City Street,"Straight, Level",Main/Proper Lane,On Roadway,,0,W DEAN KEETON ST,NO DATA,Dry,None,Clear,Not Worn
13029560,False,False,,Austin Police Department,True,,,12-3181324,False,No,0,0,1,1,0,Non-Incapacitating Injury,17:59:00,1,0,2012,Tuesday,Pedalcyclist,,OASIS DR,Intersection,30.21745479,"Dark, Lighted",-97.87419243,One Motor Vehicle - Going Straight,,Not Applicable,,Not Applicable,False,NONE,,City Street,"Straight, Level",Main/Proper Lane,On Roadway,,0,ESCARPMENT BLVD,NO DATA,Dry,Stop Sign,Cloudy,"Worn, Not Damaged"
13000377,False,False,,Austin Police Department,False,,,12-3212242,False,No,0,0,1,1,0,Non-Incapacitating Injury,23:37:00,1,0,2012,Friday,Pedalcyclist,,,Non Intersection,30.27453395,"Dark, Lighted",-97.73512855,One Motor Vehicle - Going Straight,,Not Applicable,,Not Applicable,False,PEDI CAB,,City Street,"Curve, Level",Main/Proper Lane,On Roadway,,35,RED RIVER ST,1383,Dry,Marked Lanes,Clear,Not Worn
13007731,False,False,,Austin Police Department,False,,,12-3250429,False,No,0,0,1,1,0,Non-Incapacitating Injury,07:59:00,1,0,2012,Tuesday,Pedalcyclist,,,Non Intersection,30.38926239,Daylight,-97.71152306,One Motor Vehicle - Going Straight,,Attention Diverted From Driving,,Not Applicable,False,NONE,,Interstate,"Straight, Level",Main/Proper Lane,On Roadway,,40,KRAMER LN,2092,Dry,Other (Explain In Narrative),Clear,"Worn, Not Damaged"
13007802,False,False,,Austin Police Department,True,,,12-3250709,False,No,0,0,1,1,0,Non-Incapacitating Injury,11:01:00,1,0,2012,Tuesday,Pedalcyclist,,W 15TH ST,Intersection Related,30.27785478,Daylight,-97.74302246,One Motor Vehicle - Turning Left,,Not Applicable,,Not Applicable,False,NONE,,City Street,"Straight, Level",Main/Proper Lane,On Roadway,,30,GUADALUPE ST,1499,Dry,Signal Light,Clear,Not Worn
13007676,False,False,,Austin Police Department,True,,,123300733,False,No,0,0,1,1,0,Non-Incapacitating Injury,12:04:00,1,0,2012,Sunday,Pedalcyclist,,WOODLAND AVE,Intersection,30.23540478,Daylight,-97.72734247,One Motor Vehicle - Going Straight,,Not Applicable,,Not Applicable,False,NONE,,City Street,"Straight, Level",Main/Proper Lane,On Roadway,,30,WILLOW CREEK DR,1799,Dry,Stop Sign,Clear,Not Worn
13039467,False,False,,Austin Police Department,True,,,123301162,False,No,0,0,1,2,0,Non-Incapacitating Injury,17:48:00,1,0,2012,Sunday,Pedalcyclist,,S PLEASANT VALLEY RD,Intersection,30.23356479,Daylight,-97.72378247,One Motor Vehicle - Turning Left,,Not Applicable,,Not Applicable,False,NONE,,City Street,"Straight, Level",Main/Proper Lane,On Roadway,,35,E RIVERSIDE DR,NO DATA,Dry,Signal Light With Red Light Running Camera,Clear,Not Worn
13018842,True,False,,Austin Police Department,False,,,123321425,False,No,0,0,1,2,0,Non-Incapacitating Injury,18:52:00,1,0,2012,Tuesday,Pedalcyclist,,,Driveway Access,30.37304592,"Dark, Unknown Lighting",-97.74999031,One Motor Vehicle - Going Straight,,One Vehicle Leaving Driveway,,Entrance To Or Exit From Private Property Or Driveway,False,NONE,,City Street,"Straight, Level",Main/Proper Lane,On Roadway,,30,STECK AVE,3842,Dry,Marked Lanes,Clear,"Worn, Not Damaged"
13019010,False,False,29304,Austin Police Department,True,29304,2014,123321026,False,No,0,0,1,1,0,Non-Incapacitating Injury,14:57:00,1,0,2012,Tuesday,Pedalcyclist,State Loop,SAN ANTONIO ST,Intersection,30.26468702,Daylight,-97.74910901,One Motor Vehicle - Turning Right,4,Not Applicable,7,Not Applicable,False,NONE,74,US & State Highways,"Straight, Level",Main/Proper Lane,On Roadway,"4 Or More Lanes, Undivided",35,SL0343,500,Dry,Crosswalk,Cloudy,Not Worn
13018859,False,False,,Austin Police Department,True,,,123331428,False,No,0,0,0,1,1,Possible Injury,17:38:00,1,0,2012,Wednesday,Pedalcyclist,,RADAM LN,Intersection,30.22141479,Dusk,-97.76486246,One Motor Vehicle - Going Straight,,Attention Diverted From Driving,,Not Applicable,False,NONE,,City Street,"Straight, Level",Main/Proper Lane,On Roadway,,35,S CONGRESS AVE,4149,Dry,Signal Light,Clear,Not Worn
13118706,True,False,,Austin Police Department,True,,,12-3331264,False,No,0,0,1,2,0,Non-Incapacitating Injury,16:02:00,1,0,2012,Wednesday,Pedalcyclist,,UNKNOWN,Intersection,30.36930476,Daylight,-97.71060247,One Motor Vehicle - Going Straight,,Not Applicable,,Not Applicable,False,NONE,,City Street,"Straight, Level",Main/Proper Lane,On Roadway,,0,W RUNDBERG LN,1508,Dry,Stop Sign,Clear,Unknown If Worn
13118710,False,False,,Austin Police Department,False,,,12-3351022,False,No,0,0,1,1,0,Non-Incapacitating Injury,12:34:00,1,0,2012,Friday,Pedalcyclist,,,Driveway Access,30.32317477,Daylight,-97.72807245,One Motor Vehicle - Turning Left,,One Vehicle Entering Driveway,,Entrance To Or Exit From Private Property Or Driveway,False,NONE,,City Street,"Straight, Grade",Main/Proper Lane,On Roadway,,40,N LAMAR BLVD,5500,Dry,Center Stripe/Divider,Clear,Not Worn
13029521,False,False,34215,Austin Police Department,True,34215,2014,123451631,False,No,0,1,0,1,0,Incapacitating Injury,19:15:00,1,0,2012,Sunday,Pedalcyclist,State Loop,BLUEBONNET LN,Intersection,30.24694096,"Dark, Lighted",-97.77715953,One Motor Vehicle - Going Straight,4,Not Applicable,0,Not Applicable,False,NONE,80,US & State Highways,"Straight, Hillcrest",Main/Proper Lane,On Roadway,"4 Or More Lanes, Undivided",40,SL0343,2421,Dry,Signal Light,Clear,"Worn, Not Damaged"
13250365,False,False,,Austin Police Department,True,,,123371302,False,No,0,1,0,1,0,Incapacitating Injury,18:00:00,1,0,2012,Sunday,Pedalcyclist,,BERKMAN DR,Intersection,30.31566477,"Dark, Lighted",-97.69158247,One Motor Vehicle - Turning Left,,Not Applicable,,Not Applicable,False,NONE,,City Street,"Straight, Level",Main/Proper Lane,On Roadway,,35,WHELESS LN,1700,Dry,Stop Sign,Clear,Not Worn
13039565,False,False,,Austin Police Department,True,,,123341231,False,No,0,0,0,2,0,Not Injured,16:29:00,0,0,2012,Tuesday,Pedalcyclist,,CAMERON RD,Intersection,30.32607477,Daylight,-97.69237247,One Motor Vehicle - Going Straight,,Not Applicable,,Not Applicable,False,NONE,,City Street,"Straight, Level",Main/Proper Lane,On Roadway,,40,E ST JOHNS AVE,1398,Dry,Signal Light,Clear,Unknown If Worn
13040422,True,False,,Austin Police Department,True,,,123391418,False,No,0,0,1,1,0,Non-Incapacitating Injury,18:03:00,1,0,2012,Tuesday,Pedalcyclist,,OLTORF ST E,Intersection,30.23879479,"Dark, Lighted",-97.75354246,One Motor Vehicle - Turning Left,,Attention Diverted From Driving,,Not Applicable,False,NONE,,City Street,"Straight, Level",Main/Proper Lane,On Roadway,,0,S CONGRESS AVE,2401,Dry,Signal Light,Clear,Not Worn
13138230,False,False,,Austin Police Department,True,,,12-3420808,False,No,0,0,1,0,0,Non-Incapacitating Injury,19:24:00,1,1,2012,Thursday,Pedalcyclist,,CHICON ST,Intersection,30.26969478,"Dark, Lighted",-97.71902247,One Motor Vehicle - Turning Left,,Not Applicable,,Not Applicable,False,NONE,,City Street,"Straight, Grade",Main/Proper Lane,On Roadway,,30,ROSEWOOD AVE,NO DATA,Dry,Signal Light,Clear,"Worn, Not Damaged"
13039651,False,False,,Austin Police Department,False,,,123431497,False,No,0,0,1,1,0,Non-Incapacitating Injury,19:19:00,1,1,2012,Saturday,Pedalcyclist,,,Non Intersection,30.31649623,"Dark, Unknown Lighting",-97.74397845,One Motor Vehicle - Going Straight,,Not Applicable,,Not Applicable,False,BICYCLE,,City Street,"Straight, Level",Main/Proper Lane,On Roadway,,35,W 45TH ST,1668,Dry,None,Clear,Not Worn
13118695,True,False,,Austin Police Department,False,,,123471051,False,No,0,0,0,1,1,Possible Injury,16:36:00,1,0,2012,Sunday,Pedalcyclist,,,Non Intersection,,Daylight,,One Motor Vehicle - Going Straight,,Not Applicable,,In A Parking Lot,True,NONE,,Non Trafficway,"Straight, Level",Other (Explain In Narrative),Not Applicable,,0,S LAMAR BLVD,NO DATA,Dry,None,Clear,Not Worn
13434969,False,False,,Austin Police Department,False,,,123440993,False,No,0,0,0,1,0,Not Injured,13:18:00,0,1,2012,Sunday,Pedalcyclist,,,Driveway Access,30.2287471,Daylight,-97.75828959,One Motor Vehicle - Turning Right,,One Vehicle Entering Driveway,,Entrance To Or Exit From Private Property Or Driveway,False,NONE,,City Street,"Straight, Level",Main/Proper Lane,On Roadway,,30,WOODWARD ST,217,Dry,None,Cloudy,"Worn, Not Damaged"
13046601,False,False,,Austin Police Department,True,,,12-3450457,False,No,0,0,0,1,1,Possible Injury,07:40:00,1,0,2012,Monday,Pedalcyclist,,MONTOPOLIS DR,Intersection Related,30.21197479,Daylight,-97.71260247,One Motor Vehicle - Going Straight,,Attention Diverted From Driving,,Not Applicable,False,NONE,,City Street,"Straight, Level",Service/Frontage Road,On Roadway,,55,E BEN WHITE BLVD,NO DATA,Dry,Signal Light,Clear,Not Worn
13046590,False,False,,Austin Police Department,False,,,123461332,False,No,0,0,1,1,0,Non-Incapacitating Injury,17:10:00,1,0,2012,Tuesday,Pedalcyclist,,UNKNOWN,Intersection Related,30.1795348,Daylight,-97.85253244,One Motor Vehicle - Going Straight,,Attention Diverted From Driving,,Not Applicable,False,NONE,,City Street,"Straight, Level",Main/Proper Lane,On Roadway,,30,ASPEN CREEK PKWY,3500,Dry,Stop Sign,Clear,Not Worn
13046544,False,False,,Austin Police Department,False,,,123481608,False,No,0,0,0,1,1,Possible Injury,19:00:00,1,0,2012,Thursday,Pedalcyclist,,,Driveway Access,30.40868228,"Dark, Lighted",-97.74771737,One Motor Vehicle - Going Straight,,One Vehicle Leaving Driveway,,Entrance To Or Exit From Private Property Or Driveway,False,NONE,,City Street,"Straight, Level",Main/Proper Lane,On Roadway,,40,JOLLYVILLE RD,11165,Dry,Marked Lanes,Clear,"Worn, Not Damaged"
13042240,False,False,,Austin Police Department,True,,,123490447,False,No,0,0,1,1,0,Non-Incapacitating Injury,07:54:00,1,0,2012,Friday,Pedalcyclist,,UNKNOWN,Intersection Related,30.35887651,Daylight,-97.7804653,One Motor Vehicle - Going Straight,,Not Applicable,,Not Applicable,False,NONE,,City Street,"Curve, Grade",Main/Proper Lane,On Roadway,,10,FAR WEST BLVD,4795,Dry,None,Clear,"Worn, Damaged"