Crash ID,$1000 Damage to Any One Person's Property,Active School Zone Flag,Adjusted Average Daily Traffic Amount,Agency,At Intersection Flag,Average Daily Traffic Amount,Average Daily Traffic Year,Case ID,Construction Zone Flag,Construction Zone Workers Present Flag,Crash Death Count,Crash Incapacitating Injury Count,Crash Non-incapacitating Injury Count,Crash Not Injured Count,Crash Possible Injury Count,Crash Severity,Crash Time,Crash Total Injury Count,Crash Unknown Injury Count,Crash Year,Day of Week,First Harmful Event,Highway System,Intersecting Street Name,Intersection Related,Latitude,Light Condition,Longitude,Manner of Collision,Number of Lanes,Other Factor,Outside Shoulder Width on Divided Highway,Physical Feature 1,Private Drive Flag,Property Damages,Right of Way Usual Width,Road Class,Roadway Alignment,Roadway Part,Roadway Relation,Roadway Type,Speed Limit,Street Name,Street Number,Surface Condition,Traffic Control Type,Weather Condition,Person Helmet
13138219,False,False,22775,Austin Police Department,False,22775,2014,12-3490601,False,No,0,0,0,1,1,Possible Injury,07:00:00,1,0,2012,Friday,Pedalcyclist,State Loop,,Non Intersection,30.2823217,"Dark, Lighted",-97.70383114,One Motor Vehicle - Going Straight,4,Not Applicable,2,Not Applicable,False,NONE,160,US & State Highways,"Straight, Level",Main/Proper Lane,On Roadway,"4 Or More Lanes, Undivided",45,SL0111,3108,Dry,None,Clear,Unknown If Worn
13042224,False,False,,Austin Police Department,True,,,12-3501076,False,No,0,0,0,1,1,Possible Injury,14:25:00,1,0,2012,Saturday,Pedalcyclist,,DAVIS LN,Intersection,30.21168479,Daylight,-97.87647243,One Motor Vehicle - Turning Right,,Not Applicable,,Not Applicable,False,NONE,,City Street,"Straight, Grade",Main/Proper Lane,On Roadway,,40,ESCARPMENT BLVD,8799,Dry,Bike Lane,Clear,"Worn, Not Damaged"
13250445,False,False,,Austin Police Department,False,,,123500325,False,No,0,0,0,1,1,Possible Injury,02:27:00,1,1,2012,Saturday,Pedalcyclist,,,Non Intersection,30.26532989,"Dark, Lighted",-97.74382769,One Motor Vehicle - Going Straight,,Attention Diverted From Driving,,Not Applicable,False,NONE,,City Street,"Straight, Level",Main/Proper Lane,On Roadway,,35,CONGRESS AVE,308,Wet,Signal Light,Rain,Not Worn
13250445,False,False,,Austin Police Department,False,,,123500325,False,No,0,0,0,1,1,Possible Injury,02:27:00,1,1,2012,Saturday,Pedalcyclist,,,Non Intersection,30.26532989,"Dark, Lighted",-97.74382769,One Motor Vehicle - Going Straight,,Attention Diverted From Driving,,Not Applicable,False,NONE,,City Street,"Straight, Level",Main/Proper Lane,On Roadway,,35,CONGRESS AVE,308,Wet,Signal Light,Rain,Unknown If Worn
13068690,False,False,,Austin Police Department,False,,,12-3510801,False,No,0,0,0,1,1,Possible Injury,11:47:00,1,0,2012,Sunday,Pedalcyclist,,,Non Intersection,,Daylight,,One Motor Vehicle - Going Straight,,Attention Diverted From Driving,,In A Parking Lot,True,NONE,,Non Trafficway,"Straight, Level",Other (Explain In Narrative),Not Applicable,,0,ESPERANZA XING,NO DATA,Dry,Stop Sign,Cloudy,Not Worn
13068700,False,False,,Austin Police Department,False,,,123511060,False,No,0,0,1,2,0,Non-Incapacitating Injury,15:16:00,1,0,2012,Sunday,Pedalcyclist,,,Non Intersection,30.23196858,Daylight,-97.69899667,One Motor Vehicle - Going Straight,,Not Applicable,,Not Applicable,False,NONE,,City Street,"Straight, Grade",Main/Proper Lane,On Roadway,,35,MONTOPOLIS DR,1163,Dry,None,Clear,Not Worn
13068722,False,False,,Austin Police Department,False,,,12-3521013,False,No,0,0,1,1,0,Non-Incapacitating Injury,12:21:00,1,0,2012,Monday,Pedalcyclist,,,Non Intersection,30.28952478,Daylight,-97.74922246,One Motor Vehicle - Turning Left,,Not Applicable,,Not Applicable,False,NONE,,City Street,"Straight, Grade",Main/Proper Lane,On Roadway,,30,W 25TH ST,1100,Dry,None,Clear,Not Worn
13068769,True,False,,Austin Police Department,True,,,123540974,False,No,0,0,0,2,1,Possible Injury,11:17:00,1,0,2012,Wednesday,Pedalcyclist,,E 31ST ST,Intersection,30.29536477,Daylight,-97.73682246,One Motor Vehicle - Going Straight,,Attention Diverted From Driving,,Not Applicable,False,NONE,,City Street,"Straight, Level",Main/Proper Lane,On Roadway,,0,SPEEDWAY,3101,Dry,Other (Explain In Narrative),Clear,"Worn, Not Damaged"
13118657,False,False,,Austin Police Department,True,,,123450469,False,No,0,0,0,0,1,Possible Injury,07:25:00,1,1,2012,Wednesday,Pedalcyclist,,MILBURN LN,Intersection,30.25932478,Daylight,-97.69956247,One Motor Vehicle - Turning Left,,Not Applicable,,Not Applicable,False,NONE,,City Street,"Straight, Level",Main/Proper Lane,On Roadway,,20,SPRINGDALE RD,815,Dry,Marked Lanes,Cloudy,Not Worn
13068913,False,False,,Austin Police Department,False,,,12-3561299,False,No,0,0,1,1,0,Non-Incapacitating Injury,15:32:00,1,0,2012,Friday,Pedalcyclist,,,Non Intersection,30.31080646,Daylight,-97.73289817,One Motor Vehicle - Going Straight,,Vehicle Passing Or Attempting To Pass On Left,,Not Applicable,False,NONE,,City Street,"Straight, Level",Main/Proper Lane,On Roadway,,35,W 45TH ST,589,Dry,Center Stripe/Divider,Clear,Not Worn
13068972,False,False,,Austin Police Department,False,,,123570981,False,No,0,0,1,1,0,Non-Incapacitating Injury,14:18:00,1,0,2012,Saturday,Pedalcyclist,,,Driveway Access,,Daylight,,One Motor Vehicle - Turning Right,,One Vehicle Leaving Driveway,,Entrance To Or Exit From Private Property Or Driveway,False,NONE,,Non Trafficway,"Straight, Level",Other (Explain In Narrative),Not Applicable,,35,S CONGRESS AVE,NO DATA,Dry,Marked Lanes,Clear,Not Worn
13079200,False,False,,Austin Police Department,False,,,130010763,False,No,0,0,3,1,0,Non-Incapacitating Injury,02:44:00,3,1,2013,Tuesday,Pedalcyclist,,,Non Intersection,30.2672356,"Dark, Lighted",-97.75595337,One Motor Vehicle - Going Straight,,Attention Diverted From Driving,,Not Applicable,False,NONE,,US & State Highways,"Straight, Level",Main/Proper Lane,On Roadway,,35,N LAMAR BLVD,153,Wet,None,Rain,Not Worn
13079200,False,False,,Austin Police Department,False,,,130010763,False,No,0,0,3,1,0,Non-Incapacitating Injury,02:44:00,3,1,2013,Tuesday,Pedalcyclist,,,Non Intersection,30.2672356,"Dark, Lighted",-97.75595337,One Motor Vehicle - Going Straight,,Attention Diverted From Driving,,Not Applicable,False,NONE,,US & State Highways,"Straight, Level",Main/Proper Lane,On Roadway,,35,N LAMAR BLVD,153,Wet,None,Rain,Not Worn
13079200,False,False,,Austin Police Department,False,,,130010763,False,No,0,0,3,1,0,Non-Incapacitating Injury,02:44:00,3,1,2013,Tuesday,Pedalcyclist,,,Non Intersection,30.2672356,"Dark, Lighted",-97.75595337,One Motor Vehicle - Going Straight,,Attention Diverted From Driving,,Not Applicable,False,NONE,,US & State Highways,"Straight, Level",Main/Proper Lane,On Roadway,,35,N LAMAR BLVD,153,Wet,None,Rain,Not Worn
13079200,False,False,,Austin Police Department,False,,,130010763,False,No,0,0,3,1,0,Non-Incapacitating Injury,02:44:00,3,1,2013,Tuesday,Pedalcyclist,,,Non Intersection,30.2672356,"Dark, Lighted",-97.75595337,One Motor Vehicle - Going Straight,,Attention Diverted From Driving,,Not Applicable,False,NONE,,US & State Highways,"Straight, Level",Main/Proper Lane,On Roadway,,35,N LAMAR BLVD,153,Wet,None,Rain,Not Worn
13136064,True,False,,Austin Police Department,True,,,130021773,False,No,0,1,0,2,0,Incapacitating Injury,22:59:00,1,0,2013,Wednesday,Pedalcyclist,,UNKNOWN,Intersection,30.42188475,"Dark, Lighted",-97.66575248,One Motor Vehicle - Going Straight,,Not Applicable,,Not Applicable,False,NONE,,City Street,"Straight, Level",Main/Proper Lane,On Roadway,,50,W HOWARD LN,900,Dry,Signal Light,Clear,Not Worn
13082011,True,False,,Austin Police Department,True,,,13-0080691,False,No,0,0,0,1,1,Possible Injury,11:24:00,1,0,2013,Saturday,Pedalcyclist,,NUECES ST,Intersection,30.26961478,Daylight,-97.74842246,One Motor Vehicle - Turning Left,,Not Applicable,,Not Applicable,False,NONE,,City Street,"Straight, Level",Main/Proper Lane,On Roadway,,0,W 6TH ST,600,Dry,Signal Light,Cloudy,"Worn, Unk Damage"
13079823,False,False,,Austin Police Department,True,,,13-0070920,False,No,0,0,0,2,1,Possible Injury,14:07:00,1,0,2013,Monday,Pedalcyclist,,OHLEN RD,Intersection,30.36412476,Daylight,-97.71425247,One Motor Vehicle - Going Straight,,Attention Diverted From Driving,,Not Applicable,False,NONE,,City Street,"Straight, Level",Main/Proper Lane,On Roadway,,0,PAYTON GIN RD,1608,Dry,Yield Sign,Clear,"Worn, Not Damaged"
13229743,False,False,15262,Austin Police Department,True,15262,2014,130171508,False,No,0,1,0,0,0,Incapacitating Injury,19:15:00,1,1,2013,Monday,Pedalcyclist,Farm To Market,US0183,Intersection,30.28625351,"Dark, Lighted",-97.67883196,One Motor Vehicle - Turning Left,4,Attention Diverted From Driving,0,Not Applicable,False,NONE,100,Farm To Market,"Straight, Hillcrest",Main/Proper Lane,On Roadway,"4 Or More Lanes, Undivided",0,FM0969,4908,Dry,Marked Lanes,Clear,Not Worn
13094668,False,False,,Austin Police Department,True,,,130101473,False,No,0,0,1,1,0,Non-Incapacitating Injury,18:27:00,1,0,2013,Thursday,Pedalcyclist,,N FM 620,Intersection,30.41171475,Dusk,-97.84991243,One Motor Vehicle - Turning Right,,Attention Diverted From Driving,,Not Applicable,False,NONE,,City Street,"Straight, Level",Main/Proper Lane,On Roadway,,65,ZIMMERMAN LN,11598,Dry,Stop Sign,Clear,Not Worn
13203630,False,False,136130,Austin Police Department,False,136130,2014,13-0120502,False,No,0,0,1,2,0,Non-Incapacitating Injury,06:36:00,1,0,2013,Saturday,Pedalcyclist,Interstate,,Non Intersection,30.43349202,"Dark, Not Lighted",-97.66980404,One Motor Vehicle - Going Straight,6,Attention Diverted From Driving,10,Not Applicable,False,NONE,300,Interstate,"Straight, Level",Service/Frontage Road,On Roadway,"4 Or More Lanes, Divided",55,IH0035,NO DATA,Wet,Marked Lanes,Rain,"Worn, Not Damaged"
13224473,False,False,,Austin Police Department,True,,,130170964,False,No,0,0,1,1,0,Non-Incapacitating Injury,14:37:00,1,0,2013,Thursday,Pedalcyclist,,SPEEDWAY,Intersection,30.30054477,Daylight,-97.73356246,One Motor Vehicle - Turning Left,,Not Applicable,,Not Applicable,False,NONE,,City Street,"Straight, Level",Main/Proper Lane,On Roadway,,30,E 38TH ST,100,Dry,Signal Light,Clear,Not Worn
13094521,False,False,,Austin Police Department,False,,,130201163,False,No,0,0,1,1,0,Non-Incapacitating Injury,17:12:00,1,0,2013,Sunday,Pedalcyclist,,,Non Intersection,30.18388408,Daylight,-97.78182706,One Motor Vehicle - Going Straight,,Attention Diverted From Driving,,Not Applicable,False,NONE,,City Street,"Straight, Level",Main/Proper Lane,On Roadway,,45,S CONGRESS AVE,7453,Dry,Marked Lanes,Clear,Not Worn
13094522,False,False,,Austin Police Department,False,,,130201086,False,No,0,0,1,2,0,Non-Incapacitating Injury,16:22:00,1,0,2013,Sunday,Pedalcyclist,,,Driveway Access,30.20349398,Daylight,-97.79677423,One Motor Vehicle - Turning Left,,One Vehicle Entering Driveway,,Entrance To Or Exit From Private Property Or Driveway,False,NONE,,City Street,"Straight, Level",Main/Proper Lane,On Roadway,,30,WOODHUE DR,6529,Dry,Center Stripe/Divider,Clear,Unknown If Worn
13110286,False,False,,Austin Police Department,False,,,130211104,False,No,0,0,1,1,0,Non-Incapacitating Injury,16:09:00,1,0,2013,Monday,Pedalcyclist,,,Non Intersection,,Daylight,,One Motor Vehicle - Going Straight,,Attention Diverted From Driving,,In A Parking Lot,True,NONE,,Non Trafficway,"Straight, Level",Other (Explain In Narrative),Not Applicable,,0,TOWN LAKE CIR,NO DATA,Dry,None,Clear,Not Worn
13110116,False,False,,Austin Police Department,True,,,13-0221136,False,No,0,0,1,1,0,Non-Incapacitating Injury,15:57:00,1,0,2013,Tuesday,Pedalcyclist,,DAVIS LN,Intersection,30.2078648,Daylight,-97.86938243,One Motor Vehicle - Going Straight,,Not Applicable,,Not Applicable,False,NONE,,City Street,"Straight, Level",Main/Proper Lane,On Roadway,,0,BECKETT RD,8801,Dry,Signal Light,Clear,"Worn, Damaged"
13110147,False,False,,Austin Police Department,True,,,130231587,False,No,0,0,0,1,1,Possible Injury,20:11:00,1,0,2013,Wednesday,Pedalcyclist,,COMAL ST,Intersection,30.26394478,"Dark, Lighted",-97.72612247,One Motor Vehicle - Turning Left,,Not Applicable,,Not Applicable,False,NONE,,City Street,"Straight, Level",Main/Proper Lane,On Roadway,,30,E 7TH ST,1600,Dry,Signal Light,Clear,"Worn, Not Damaged"
13250424,True,False,,Austin Police Department,True,,,130230336,False,No,0,0,1,1,0,Non-Incapacitating Injury,07:11:00,1,0,2013,Wednesday,Pedalcyclist,,KENWOOD AVE,Intersection Related,30.24423478,Dawn,-97.74035246,One Motor Vehicle - Going Straight,,Attention Diverted From Driving,,Not Applicable,False,NONE,,City Street,"Straight, Hillcrest",Main/Proper Lane,On Roadway,,35,REAGAN TER,1099,Dry,Stop Sign,Fog,Not Worn
13110186,False,False,,Austin Police Department,False,,,130242032,False,No,0,1,0,0,0,Incapacitating Injury,22:42:00,1,1,2013,Thursday,Pedalcyclist,,,Non Intersection,30.2375229,"Dark, Not Lighted",-97.76072071,One Motor Vehicle - Going Straight,,Attention Diverted From Driving,,Not Applicable,False,BYCYCLE,,City Street,"Straight, Hillcrest",Main/Proper Lane,On Roadway,,30,CUMBERLAND RD,501,Dry,None,Clear,Not Worn
13118085,True,False,,Austin Police Department,False,,,130261283,False,No,0,0,1,1,0,Non-Incapacitating Injury,18:18:00,1,0,2013,Saturday,Pedalcyclist,,,Non Intersection,30.3002088,"Dark, Not Lighted",-97.68351054,One Motor Vehicle - Going Straight,,Attention Diverted From Driving,,Not Applicable,False,NONE,,City Street,"Straight, Level",Main/Proper Lane,On Roadway,,0,PECAN SPRINGS RD,2918,Dry,None,Clear,Unknown If Worn
13250367,True,False,,Austin Police Department,False,,,130260810,False,No,0,0,1,1,0,Non-Incapacitating Injury,12:09:00,1,0,2013,Saturday,Pedalcyclist,,,Driveway Access,30.26197669,Daylight,-97.719843,One Motor Vehicle - Turning Right,,One Vehicle Leaving Driveway,,Entrance To Or Exit From Private Property Or Driveway,False,NONE,,City Street,"Straight, Level",Main/Proper Lane,On Roadway,,30,E 7TH ST,2034,Dry,Marked Lanes,Cloudy,Not Worn
13306918,False,False,,Austin Police Department,False,,,130281298,False,No,0,0,1,1,0,Non-Incapacitating Injury,17:11:00,1,0,2013,Monday,Pedalcyclist,,,Non Intersection,30.25565326,"Dark, Lighted",-97.72045678,One Motor Vehicle - Going Straight,,Not Applicable,,Not Applicable,False,NONE,,City Street,"Straight, Level",Main/Proper Lane,On Roadway,,30,CESAR CHAVEZ ST E,2206,Dry,None,Clear,Unknown If Worn
13118127,False,False,,Austin Police Department,False,,,130290512,False,No,0,0,1,1,0,Non-Incapacitating Injury,09:14:00,1,0,2013,Tuesday,Pedalcyclist,,MCNEIL DR,Intersection,30.44120748,Daylight,-97.74963834,One Motor Vehicle - Going Straight,,Attention Diverted From Driving,,Not Applicable,False,NONE,,City Street,"Straight, Level",Main/Proper Lane,On Roadway,,0,CORPUS CHRISTI DR,6798,Dry,Signal Light,Clear,Not Worn
13118150,True,False,,Austin Police Department,True,,,13-0301364,False,No,0,0,1,0,0,Non-Incapacitating Injury,16:45:00,1,1,2013,Wednesday,Pedalcyclist,,CESAR CHAVEZ ST E,Intersection,30.25299478,Daylight,-97.71278247,One Motor Vehicle - Going Straight,,Attention Diverted From Driving,,Not Applicable,False,NONE,,City Street,"Straight, Level",Main/Proper Lane,On Roadway,,30,N PLEASANT VALLEY RD,NO DATA,Dry,Marked Lanes,Clear,Not Worn
13118158,False,False,,Austin Police Department,True,,,13-0301357,False,No,0,0,1,1,0,Non-Incapacitating Injury,16:43:00,1,0,2013,Wednesday,Pedalcyclist,,TILLERY ST,Intersection,30.27338478,Daylight,-97.69914247,One Motor Vehicle - Turning Left,,Attention Diverted From Driving,,Not Applicable,False,BICYCLE,,City Street,"Straight, Level",Main/Proper Lane,On Roadway,,30,OAK SPRINGS DR,3105,Dry,Bike Lane,Clear,Unknown If Worn
13250368,True,False,,Austin Police Department,False,,,13-0310502,False,No,0,0,1,1,0,Non-Incapacitating Injury,08:30:00,1,0,2013,Thursday,Pedalcyclist,,,Driveway Access,30.38992399,Daylight,-97.74615273,One Motor Vehicle - Turning Right,,One Vehicle Entering Driveway,,Entrance To Or Exit From Private Property Or Driveway,False,NONE,,City Street,"Straight, Grade",Service/Frontage Road,On Roadway,,55,RESEARCH BLVD,NO DATA,Dry,Marked Lanes,Clear,Not Worn
13118178,False,False,,Austin Police Department,True,,,130320945,False,No,0,0,1,1,0,Non-Incapacitating Injury,12:25:00,1,0,2013,Friday,Pedalcyclist,,UNKNOWN,Intersection,30.2210416,Daylight,-97.77289575,One Motor Vehicle - Going Straight,,Attention Diverted From Driving,,Not Applicable,False,NONE,,City Street,"Straight, Hillcrest",Main/Proper Lane,On Roadway,,0,ST ELMO RD W,598,Dry,Crosswalk,Clear,Not Worn
13118216,False,False,,Austin Police Department,False,,,13-0350988,False,No,0,0,1,1,0,Non-Incapacitating Injury,15:44:00,1,0,2013,Monday,Pedalcyclist,,,Non Intersection,30.26723583,Daylight,-97.74931529,One Motor Vehicle - Turning Right,,Not Applicable,,Parking Area Within Right Of Way,False,NONE,,City Street,"Straight, Level",Main/Proper Lane,On Roadway,,30,NUECES ST,342,Dry,None,Clear,"Worn, Damaged"
13136105,True,False,,Austin Police Department,True,,,13-0351096,False,No,0,0,1,1,0,Non-Incapacitating Injury,16:55:00,1,0,2013,Monday,Pedalcyclist,,CONVICT HILL RD,Intersection Related,30.21137479,Daylight,-97.83195244,One Motor Vehicle - Turning Right,,Not Applicable,,Not Applicable,False,NONE,,City Street,"Straight, Level",Main/Proper Lane,On Roadway,,30,BRODIE LN,NO DATA,Dry,Signal Light,Clear,Not Worn
13224577,False,False,,Austin Police Department,False,,,130350801,False,No,0,0,0,1,1,Possible Injury,13:41:00,1,0,2013,Monday,Pedalcyclist,,W RIVERSIDE DR,Intersection Related,30.2571678,Daylight,-97.74687751,One Motor Vehicle - Going Straight,,Slowing/Stopping-To Make Right Turn,,Not Applicable,False,NONE,,City Street,"Straight, Grade",Main/Proper Lane,On Roadway,,35,CONGRESS AVE S,398,Dry,Marked Lanes,Clear,Not Worn
13136091,False,False,,Austin Police Department,True,,,130380432,False,No,0,0,1,0,0,Non-Incapacitating Injury,08:13:00,1,1,2013,Thursday,Pedalcyclist,,E 9TH ST,Intersection,30.26928478,Daylight,-97.73614246,One Motor Vehicle - Turning Right,,Not Applicable,,Not Applicable,False,NONE,,City Street,"Straight, Level",Main/Proper Lane,On Roadway,,30,RED RIVER ST,899,Dry,Center Stripe/Divider,Cloudy,Not Worn
13150231,False,False,,Austin Police Department,True,,,13-0380772,False,No,0,0,1,1,0,Non-Incapacitating Injury,11:40:00,1,0,2013,Thursday,Pedalcyclist,State Highway,MORROW ST,Intersection,,Daylight,,One Motor Vehicle - Going Straight,,Not Applicable,,Not Applicable,False,NONE,,US & State Highways,"Straight, Level",Main/Proper Lane,On Roadway,,45,SH0275,NO DATA,Dry,Signal Light,Clear,Not Worn
13250369,False,False,180878,Austin Police Department,True,180878,2014,130381131,False,No,0,0,1,1,0,Non-Incapacitating Injury,15:17:00,1,0,2013,Thursday,Pedalcyclist,Interstate,SL0343,Intersection,30.27853699,Daylight,-97.72991679,One Motor Vehicle - Going Straight,8,Not Applicable,10,Not Applicable,False,NONE,300,Interstate,"Straight, Hillcrest",Service/Frontage Road,On Roadway,"4 Or More Lanes, Divided",0,IH0035,NO DATA,Dry,Signal Light,Clear,Not Worn
13204387,True,False,,Austin Police Department,False,,,130390548,False,No,0,1,0,1,0,Incapacitating Injury,08:47:00,1,0,2013,Friday,Pedalcyclist,,,Non Intersection,30.27672614,Daylight,-97.77202842,One Motor Vehicle - Going Straight,,One Vehicle Forward From Parking,,Not Applicable,False,CERBELO VROOMEN BICYCLE,,City Street,"Straight, Grade",Main/Proper Lane,On Roadway,,30,VETERANS DR,2229,Dry,None,Clear,"Worn, Unk Damage"
13144133,False,False,,Austin Police Department,True,,,13-0431168,False,No,0,0,0,1,1,Possible Injury,17:26:00,1,0,2013,Tuesday,Pedalcyclist,,BENNETT AVE,Intersection,30.31118477,Daylight,-97.71338247,One Motor Vehicle - Going Straight,,Not Applicable,,Not Applicable,False,BICYCLE,,City Street,"Straight, Level",Main/Proper Lane,On Roadway,,30,E 51ST ST,924,Dry,Stop Sign,Clear,"Worn, Damaged"
13144156,False,False,,Austin Police Department,True,,,130430623,False,No,0,1,0,1,0,Incapacitating Injury,11:46:00,1,0,2013,Tuesday,Pedalcyclist,,E 16TH ST,Intersection,30.27730478,Daylight,-97.71658247,One Motor Vehicle - Going Straight,,Slowing/Stopping-To Make Right Turn,,Not Applicable,False,NONE,,City Street,"Straight, Hillcrest",Main/Proper Lane,On Roadway,,0,CHESTNUT AVE,1599,Dry,Stop Sign,Clear,Unknown If Worn
13144149,True,False,,Austin Police Department,True,,,13-0441572,False,No,0,1,0,1,0,Incapacitating Injury,17:32:00,1,0,2013,Wednesday,Pedalcyclist,,BURNET RD,Intersection,30.31983477,Daylight,-97.73918246,One Motor Vehicle - Going Straight,,Not Applicable,,Not Applicable,False,NONE,,City Street,"Curve, Level",Main/Proper Lane,On Roadway,,35,W 49TH ST,2100,Dry,Signal Light,Clear,"Worn, Unk Damage"
13203402,False,False,,Austin Police Department,True,,,130440808,False,No,0,1,0,1,0,Incapacitating Injury,10:58:00,1,0,2013,Wednesday,Pedalcyclist,,CHICON ST,Intersection,30.26253478,Daylight,-97.72210247,One Motor Vehicle - Turning Right,,Not Applicable,,Not Applicable,False,NONE,,City Street,"Straight, Grade",Main/Proper Lane,On Roadway,,30,E 7TH ST,1898,Dry,Signal Light,Clear,Not Worn
13144205,False,False,,Austin Police Department,True,,,13-0460595,False,No,0,0,1,1,0,Non-Incapacitating Injury,08:22:00,1,0,2013,Friday,Pedalcyclist,,AVENUE A,Intersection,30.31238477,Daylight,-97.73077246,One Motor Vehicle - Turning Left,,Not Applicable,,Not Applicable,False,NONE,,City Street,"Straight, Level",Main/Proper Lane,On Roadway,,30,W 46TH ST,500,Dry,Stop Sign,Clear,"Worn, Damaged"
13144255,False,False,,Austin Police Department,False,,,130491087,False,No,0,0,1,1,0,Non-Incapacitating Injury,15:26:00,1,0,2013,Monday,Pedalcyclist,,UNKNOWN,Intersection Related,30.26601455,Daylight,-97.7686548,One Motor Vehicle - Turning Left,,Not Applicable,,Not Applicable,False,NONE,,City Street,"Straight, Level",Main/Proper Lane,On Roadway,,35,BARTON SPRINGS RD,NO DATA,Dry,None,Clear,Unknown If Worn
13154345,False,False,,Austin Police Department,True,,,13-0501268,False,No,0,0,1,1,0,Non-Incapacitating Injury,15:40:00,1,0,2013,Tuesday,Pedalcyclist,,UNKNOWN,Intersection,30.34396476,Daylight,-97.71495247,One Motor Vehicle - Turning Right,,Not Applicable,,Not Applicable,False,NONE,,US & State Highways,"Straight, Level",Main/Proper Lane,On Roadway,,0,N LAMAR BLVD,NO DATA,Dry,Signal Light,Clear,"Worn, Not Damaged"
13154373,False,False,,Austin Police Department,True,,,130501763,False,No,0,0,0,1,1,Possible Injury,20:10:00,1,0,2013,Tuesday,Pedalcyclist,,W SLAUGHTER LN,Intersection Related,30.1772748,"Dark, Lighted",-97.83694244,One Motor Vehicle - Turning Right,,Not Applicable,,Not Applicable,False,BICYCLE FRONT TIRE,,City Street,"Straight, Level",Main/Proper Lane,On Roadway,,30,BRASHER DR,NO DATA,Dry,Stop Sign,Clear,"Worn, Unk Damage"
13154322,True,False,,Austin Police Department,False,,,130540873,False,No,0,0,1,2,0,Non-Incapacitating Injury,12:22:00,1,0,2013,Saturday,Pedalcyclist,,UNKNOWN,Intersection Related,30.42248476,Daylight,-97.79357246,One Motor Vehicle - Going Straight,,Not Applicable,,Not Applicable,False,NONE,,City Street,"Straight, Grade",Main/Proper Lane,On Roadway,,30,SCOTLAND WELL DR,10400,Dry,Marked Lanes,Clear,"Worn, Damaged"
13190288,False,False,20895,Austin Police Department,True,20895,2014,130541840,False,No,0,0,0,0,1,Possible Injury,16:45:00,1,1,2013,Saturday,Pedalcyclist,State Loop,IH0035,Intersection,30.2618124,Daylight,-97.73875599,One Motor Vehicle - Turning Left,4,Attention Diverted From Driving,10,Not Applicable,False,NONE,80,US & State Highways,"Straight, Level",Main/Proper Lane,On Roadway,"4 Or More Lanes, Undivided",35,SL0343,600,Dry,Signal Light,Clear,Not Worn
13250354,False,False,,Austin Police Department,False,,,130551495,False,No,0,0,1,1,0,Non-Incapacitating Injury,13:00:00,1,0,2013,Saturday,Pedalcyclist,,,Driveway Access,30.4136342,Daylight,-97.74764196,One Motor Vehicle - Going Straight,,One Vehicle Leaving Driveway,,Entrance To Or Exit From Private Property Or Driveway,False,NONE,,City Street,"Straight, Level",Main/Proper Lane,On Roadway,,45,JOLLYVILLE RD,11446,Dry,Bike Lane,Clear,"Worn, Unk Damage"
13152794,False,False,,Austin Police Department,True,,,130560355,False,No,0,0,1,2,0,Non-Incapacitating Injury,07:16:00,1,0,2013,Monday,Pedalcyclist,,,Non Intersection,30.23284479,Daylight,-97.72442247,One Motor Vehicle - Going Straight,,Not Applicable,,Not Applicable,False,NONE,,City Street,"Straight, Grade",Main/Proper Lane,On Roadway,,35,S PLEASANT VALLEY RD,NO DATA,Dry,Stop Sign,Clear,Not Worn
13154311,True,False,,Austin Police Department,False,,,13-0570063,False,No,0,0,1,0,0,Non-Incapacitating Injury,01:14:00,1,1,2013,Tuesday,Pedalcyclist,,,Non Intersection,30.26392301,"Dark, Lighted",-97.72606421,One Motor Vehicle - Going Straight,,Not Applicable,,Not Applicable,False,NONE,,City Street,"Straight, Grade",Main/Proper Lane,On Roadway,,35,E 7TH ST,1601,Dry,None,Clear,Not Worn
13169167,False,False,,Austin Police Department,True,,,13-581278,False,No,0,0,1,1,0,Non-Incapacitating Injury,16:08:00,1,0,2013,Wednesday,Pedalcyclist,,W 42ND ST,Intersection,30.30527477,Daylight,-97.73055246,One Motor Vehicle - Going Straight,,Attention Diverted From Driving,,Not Applicable,False,NONE,,City Street,"Straight, Level",Main/Proper Lane,On Roadway,,30,SPEEDWAY,4199,Dry,Yield Sign,Clear,Not Worn
13169130,False,False,,Austin Police Department,False,,,130621109,False,No,0,0,1,1,0,Non-Incapacitating Injury,14:25:00,1,0,2013,Sunday,Pedalcyclist,,,Driveway Access,30.35552144,Daylight,-97.68473632,One Motor Vehicle - Going Straight,,"Vision Obstructed By Trees, Shrubs, Weeds, etc.",,Entrance To Or Exit From Private Property Or Driveway,False,NONE,,City Street,"Straight, Level",Main/Proper Lane,On Roadway,,0,NORTH PLZ,9316,Dry,None,Clear,Not Worn
13171435,False,False,,Austin Police Department,False,,,130631643,False,No,0,0,1,1,0,Non-Incapacitating Injury,19:44:00,1,0,2013,Monday,Pedalcyclist,,,Driveway Access,30.3649114,"Dark, Lighted",-97.72852883,One Motor Vehicle - Going Straight,,One Vehicle Leaving Driveway,,Entrance To Or Exit From Private Property Or Driveway,False,NONE,,City Street,"Straight, Level",Main/Proper Lane,On Roadway,,0,BURNET RD,8402,Dry,Marked Lanes,Clear,Not Worn