Crash ID,$1000 Damage to Any One Person's Property,Active School Zone Flag,Adjusted Average Daily Traffic Amount,Agency,At Intersection Flag,Average Daily Traffic Amount,Average Daily Traffic Year,Case ID,Construction Zone Flag,Construction Zone Workers Present Flag,Crash Death Count,Crash Incapacitating Injury Count,Crash Non-incapacitating Injury Count,Crash Not Injured Count,Crash Possible Injury Count,Crash Severity,Crash Time,Crash Total Injury Count,Crash Unknown Injury Count,Crash Year,Day of Week,First Harmful Event,Highway System,Intersecting Street Name,Intersection Related,Latitude,Light Condition,Longitude,Manner of Collision,Number of Lanes,Other Factor,Outside Shoulder Width on Divided Highway,Physical Feature 1,Private Drive Flag,Property Damages,Right of Way Usual Width,Road Class,Roadway Alignment,Roadway Part,Roadway Relation,Roadway Type,Speed Limit,Street Name,Street Number,Surface Condition,Traffic Control Type,Weather Condition,Person Helmet
13171240,False,False,,Austin Police Department,True,,,130641113,False,No,0,0,1,1,0,Non-Incapacitating Injury,13:59:00,1,0,2013,Tuesday,Pedalcyclist,,PAYLOAD PASS,Intersection,30.21957479,Daylight,-97.75663246,One Motor Vehicle - Going Straight,,Not Applicable,,Not Applicable,False,BICYCLE,,City Street,"Straight, Level",Service/Frontage Road,On Roadway,,40,E BEN WHITE BLVD,598,Dry,Stop Sign,Clear,Not Worn
13171419,False,False,,Austin Police Department,True,,,130651417,False,No,0,0,0,1,1,Possible Injury,17:47:00,1,0,2013,Wednesday,Pedalcyclist,,W 12TH ST,Intersection,30.27718478,Daylight,-97.75239246,One Motor Vehicle - Going Straight,,Not Applicable,,Not Applicable,False,NONE,,City Street,"Straight, Grade",Main/Proper Lane,On Roadway,,30,BAYLOR ST,1199,Dry,Stop Sign,Clear,Not Worn
13171227,False,False,,Austin Police Department,False,,,13-06812-02,False,No,0,0,1,1,0,Non-Incapacitating Injury,15:04:00,1,0,2013,Saturday,Pedalcyclist,,UNKNOWN,Intersection Related,30.35640056,Daylight,-97.73144302,One Motor Vehicle - Going Straight,,Not Applicable,,Not Applicable,False,NONE,,US & State Highways,"Straight, Level",Main/Proper Lane,On Roadway,,0,W ANDERSON LN,2420,Dry,Signal Light,Clear,Unknown If Worn
13171380,False,False,,Austin Police Department,False,,,130700029,False,No,0,0,1,2,0,Non-Incapacitating Injury,00:12:00,1,0,2013,Monday,Pedalcyclist,,,Non Intersection,30.29919546,"Dark, Not Lighted",-97.72948709,One Motor Vehicle - Going Straight,,Attention Diverted From Driving,,Not Applicable,False,NONE,,City Street,"Straight, Level",Main/Proper Lane,On Roadway,,0,DUVAL ST,3806,Dry,None,Clear,Not Worn
13190402,False,False,,Austin Police Department,True,,,130711137,False,No,0,0,1,1,0,Non-Incapacitating Injury,15:48:00,1,0,2013,Tuesday,Pedalcyclist,,SOUTH DR,Intersection,30.37174476,Daylight,-97.75001246,One Motor Vehicle - Going Straight,,Attention Diverted From Driving,,Not Applicable,False,NONE,,City Street,"Straight, Level",Main/Proper Lane,On Roadway,,0,GREENSLOPE DR,8121,Dry,Marked Lanes,Clear,Not Worn
13417022,False,False,,Austin Police Department,False,,,13-0711310,False,No,0,0,1,1,0,Non-Incapacitating Injury,17:07:00,1,0,2013,Tuesday,Pedalcyclist,,,Driveway Access,,Daylight,,One Motor Vehicle - Going Straight,,One Vehicle Leaving Driveway,,In A Parking Lot,True,NONE,,Non Trafficway,"Straight, Level",Other (Explain In Narrative),Not Applicable,,0,CHEVY CHASE PLZ,NO DATA,Dry,None,Clear,Not Worn
13187132,False,False,22613,Austin Police Department,True,22613,2014,130721023,False,No,0,0,1,1,0,Non-Incapacitating Injury,13:57:00,1,0,2013,Wednesday,Pedalcyclist,State Loop,BRAZOS ST,Intersection,30.26303981,Daylight,-97.74318029,One Motor Vehicle - Turning Left,4,Not Applicable,10,Not Applicable,False,NONE,80,US & State Highways,"Straight, Level",Main/Proper Lane,On Roadway,"4 Or More Lanes, Undivided",35,SL0343,198,Dry,Signal Light,Clear,Not Worn
13187205,True,False,,Austin Police Department,False,,,130730185,False,No,0,0,0,2,3,Possible Injury,01:56:00,3,0,2013,Thursday,Motor Vehicle In Transport,,,Non Intersection,30.2590348,"Dark, Lighted",-97.74616223,Same Direction - Both Going Straight-Rear End,,Not Applicable,,Not Applicable,False,NONE,,City Street,"Straight, Grade",Main/Proper Lane,On Roadway,,30,CONGRESS AVE S,277,Dry,Signal Light,Clear,Unknown If Worn
13197199,False,False,25507,Austin Police Department,False,25507,2014,13-0731491,False,No,0,1,0,2,0,Incapacitating Injury,17:08:00,1,0,2013,Thursday,Pedalcyclist,Farm To Market,W SLAUGHTER LN,Intersection,30.17364007,Daylight,-97.82384609,One Motor Vehicle - Going Straight,4,Not Applicable,10,Not Applicable,False,NONE,100,Farm To Market,"Straight, Level",Main/Proper Lane,On Roadway,"4 Or More Lanes, Undivided",0,FM2304,9901,Dry,Signal Light,Clear,Unknown If Worn
13187117,False,False,,Austin Police Department,False,,,13-0742428,False,No,0,0,1,0,0,Non-Incapacitating Injury,22:33:00,1,1,2013,Friday,Pedalcyclist,,NUECES ST,Intersection Related,30.27057758,"Dark, Lighted",-97.7481277,One Motor Vehicle - Going Straight,,Vehicle Changing Lanes,,Not Applicable,False,NONE,,City Street,"Straight, Grade",Main/Proper Lane,On Roadway,,30,W 7TH ST,604,Dry,Stop Sign,Clear,Not Worn
13187254,False,False,,Austin Police Department,True,,,13-0741378,False,No,0,0,1,1,0,Non-Incapacitating Injury,14:48:00,1,0,2013,Friday,Pedalcyclist,,INDUSTRIAL BLVD,Intersection,30.22035479,Daylight,-97.76552246,One Motor Vehicle - Turning Left,,Not Applicable,,Not Applicable,False,NONE,,City Street,"Straight, Level",Main/Proper Lane,On Roadway,,0,S CONGRESS AVE,4229,Dry,Stop Sign,Clear,Not Worn
13187296,True,False,,Austin Police Department,False,,,130751258,False,No,0,0,1,0,0,Non-Incapacitating Injury,12:40:00,1,0,2013,Saturday,Pedalcyclist,,,Non Intersection,30.18897082,Daylight,-97.76793595,One Motor Vehicle - Going Straight,,Attention Diverted From Driving,,Not Applicable,False,NONE,,City Street,"Straight, Level",Main/Proper Lane,On Roadway,,0,BLUFF SPRINGS RD,6603,Dry,None,Clear,Not Worn
13260930,False,False,,Austin Police Department,False,,,130750803,False,No,0,1,0,1,0,Incapacitating Injury,08:37:00,1,0,2013,Saturday,Pedalcyclist,,UNKNOWN,Intersection Related,30.33525758,Daylight,-97.80640819,One Motor Vehicle - Turning Right,,Not Applicable,,Not Applicable,False,NONE,,City Street,"Straight, Grade",Main/Proper Lane,On Roadway,,0,N CAPITAL OF TEXAS HWY,NO DATA,Dry,Stop Sign,Cloudy,"Worn, Unk Damage"
13260949,False,False,,Austin Police Department,True,,,13-0751782,False,No,0,0,1,1,0,Non-Incapacitating Injury,19:00:00,1,0,2013,Saturday,Pedalcyclist,,W 8TH ST,Intersection,30.26991478,Daylight,-97.74210246,One Motor Vehicle - Turning Left,,Not Applicable,,Not Applicable,False,NONE,,City Street,"Straight, Level",Main/Proper Lane,On Roadway,,0,CONGRESS AVE,799,Dry,Signal Light,Clear,Not Worn
13187288,False,False,25436,Austin Police Department,False,25436,2014,130761533,False,No,0,1,0,1,0,Incapacitating Injury,18:55:00,1,0,2013,Sunday,Pedalcyclist,US Highway,BERKMAN DR,Intersection Related,30.32141617,Daylight,-97.68876665,One Motor Vehicle - Going Straight,5,Not Applicable,10,Not Applicable,False,NONE,190,US & State Highways,"Straight, Level",Service/Frontage Road,On Roadway,"4 Or More Lanes, Divided",0,US0290,NO DATA,Dry,Yield Sign,Clear,Not Worn
13190471,True,False,,Austin Police Department,True,,,130760381,False,No,0,0,0,1,1,Possible Injury,02:47:00,1,0,2013,Sunday,Pedalcyclist,,BURTON DR,Intersection,30.24016478,"Dark, Lighted",-97.72707247,One Motor Vehicle - Turning Left,,Not Applicable,,Not Applicable,False,NONE,,City Street,"Straight, Level",Main/Proper Lane,On Roadway,,35,E RIVERSIDE DR,NO DATA,Dry,Signal Light,Cloudy,Not Worn
13260929,True,False,,Austin Police Department,True,,,130760014,False,No,0,0,1,2,0,Non-Incapacitating Injury,00:06:00,1,0,2013,Sunday,Pedalcyclist,,W 51ST ST,Intersection,30.31764477,"Dark, Lighted",-97.72846246,One Motor Vehicle - Going Straight,,Not Applicable,,Not Applicable,False,NONE,,City Street,"Straight, Level",Main/Proper Lane,On Roadway,,30,GUADALUPE ST,5099,Dry,Flashing Red Light,Clear,Not Worn
13260944,False,False,,Austin Police Department,True,,,130761554,False,No,0,0,0,1,1,Possible Injury,19:06:00,1,0,2013,Sunday,Pedalcyclist,,EMERALD FOREST DR,Intersection,30.19917479,Daylight,-97.79358245,One Motor Vehicle - Going Straight,,Attention Diverted From Driving,,Not Applicable,False,NONE,,City Street,"Curve, Grade",Main/Proper Lane,On Roadway,,40,W WILLIAM CANNON DR,NO DATA,Dry,Signal Light,Clear,Not Worn
13197237,False,False,,Austin Police Department,False,,,130781742,False,No,0,0,1,1,0,Non-Incapacitating Injury,20:15:00,1,0,2013,Tuesday,Pedalcyclist,,,Non Intersection,,Dusk,,One Motor Vehicle - Going Straight,,Attention Diverted From Driving,,In A Parking Lot,True,NONE,,Non Trafficway,"Straight, Level",Other (Explain In Narrative),Not Applicable,,0,DECKER LN,NO DATA,Dry,None,Clear,Not Worn
13664293,False,False,41709,Austin Police Department,True,41709,2014,13-0791125,False,No,0,0,2,0,0,Non-Incapacitating Injury,14:45:00,2,0,2013,Wednesday,Pedalcyclist,Ranch To Mkt,RM2769,Intersection Related,30.40377159,Daylight,-97.85397228,One Motor Vehicle - Going Straight,4,Not Applicable,8,Not Applicable,False,NONE,120,Farm To Market,"Straight, Level",Main/Proper Lane,On Roadway,"4 Or More Lanes, Undivided",55,RM0620,11602,Dry,Signal Light,Clear,Unknown If Worn
13197328,False,False,,Austin Police Department,True,,,13-0811902,False,No,0,0,0,1,1,Possible Injury,20:38:00,1,0,2013,Friday,Pedalcyclist,,E 6TH ST,Intersection,30.26678478,"Dark, Lighted",-97.73825246,One Motor Vehicle - Turning Left,,Not Applicable,,Not Applicable,False,NONE,,City Street,"Straight, Level",Main/Proper Lane,On Roadway,,30,NECHES ST,599,Dry,Signal Light,Clear,Not Worn
13256097,False,False,,Austin Police Department,True,,,130811381,False,No,0,0,1,1,0,Non-Incapacitating Injury,16:10:00,1,0,2013,Friday,Pedalcyclist,,GUADALUPE ST,Intersection Related,30.30033477,Daylight,-97.73968246,One Motor Vehicle - Turning Right,,Not Applicable,,Not Applicable,False,NONE,,City Street,"Straight, Level",Main/Proper Lane,On Roadway,,0,W 34TH ST,600,Dry,Signal Light,Clear,Not Worn
13197321,False,False,,Austin Police Department,True,,,13-0830743,False,No,0,0,1,0,0,Non-Incapacitating Injury,17:00:00,1,2,2013,Saturday,Pedalcyclist,,BLANCO ST,Intersection,30.27270478,Daylight,-97.75711246,One Motor Vehicle - Turning Right,,Not Applicable,,Not Applicable,False,NONE,,City Street,"Straight, Level",Main/Proper Lane,On Roadway,,35,W 6TH ST,1198,Dry,Signal Light,Clear,"Worn, Damaged"
13203523,False,False,,Austin Police Department,True,,,130851142,False,No,0,0,1,1,0,Non-Incapacitating Injury,15:05:00,1,0,2013,Tuesday,Pedalcyclist,,UNKNOWN,Intersection,30.2750136,Daylight,-97.75227389,One Motor Vehicle - Going Straight,,Attention Diverted From Driving,,Not Applicable,False,NONE,,City Street,"Straight, Level",Main/Proper Lane,On Roadway,,40,N LAMAR BLVD,1005,Dry,Signal Light,Clear,Not Worn
13204403,True,False,115456,Austin Police Department,False,115456,2014,13-0851056,False,No,0,0,0,1,1,Possible Injury,14:24:00,1,0,2013,Tuesday,Pedalcyclist,US Highway,,Driveway Access,30.37153617,Daylight,-97.72280759,One Motor Vehicle - Turning Right,6,One Vehicle Leaving Driveway,10,Entrance To Or Exit From Private Property Or Driveway,False,NONE,260,US & State Highways,"Straight, Level",Service/Frontage Road,Off Roadway,"4 Or More Lanes, Divided",55,US0183,NO DATA,Dry,None,Clear,Not Worn
13203617,False,False,,Austin Police Department,False,,,13-0881136,False,No,0,0,1,2,0,Non-Incapacitating Injury,14:36:00,1,0,2013,Friday,Pedalcyclist,,,Non Intersection,,Daylight,,One Motor Vehicle - Going Straight,,Not Applicable,,In A Parking Lot,False,NONE,,Non Trafficway,"Straight, Level",Other (Explain In Narrative),Not Applicable,,40,S LAMAR BLVD,NO DATA,Dry,None,Clear,Not Worn
13256035,False,False,,Austin Police Department,True,,,130881517,False,No,0,0,1,1,0,Non-Incapacitating Injury,18:30:00,1,0,2013,Friday,Pedalcyclist,,5TH ST S,Intersection,30.24830478,Daylight,-97.76208246,One Motor Vehicle - Going Straight,,Vision Obstructed By Standing Or Parked Vehicle,,Not Applicable,False,NONE,,City Street,"Straight, Level",Main/Proper Lane,On Roadway,,30,MARY ST W,1000,Dry,Stop Sign,Clear,Not Worn
13203613,False,False,,Austin Police Department,True,,,130891321,False,No,0,0,1,4,0,Non-Incapacitating Injury,16:36:00,1,0,2013,Saturday,Pedalcyclist,,UNIVERSITY AVE,Intersection,30.29430477,Daylight,-97.73748246,One Motor Vehicle - Going Straight,,Not Applicable,,Not Applicable,False,NONE,,City Street,"Straight, Grade",Main/Proper Lane,On Roadway,,35,W 30TH ST,100,Dry,Stop Sign,Clear,Not Worn
13250350,False,False,,Austin Police Department,True,,,130891685,False,No,0,0,0,1,1,Possible Injury,19:54:00,1,0,2013,Saturday,Pedalcyclist,,COLETO ST,Intersection,30.28429478,Dusk,-97.71913247,One Motor Vehicle - Turning Left,,Not Applicable,,Not Applicable,False,NONE,,City Street,"Straight, Level",Main/Proper Lane,On Roadway,,0,MANOR RD,2201,Dry,Marked Lanes,Clear,Not Worn
13256048,False,False,,Austin Police Department,False,,,130901874,False,No,0,0,1,1,0,Non-Incapacitating Injury,23:48:00,1,0,2013,Sunday,Pedalcyclist,,,Driveway Access,,"Dark, Lighted",,One Motor Vehicle - Going Straight,,One Vehicle Leaving Driveway,,Entrance To Or Exit From Private Property Or Driveway,False,NONE,,Non Trafficway,"Straight, Level",Other (Explain In Narrative),On Roadway,,0,E RIVERSIDE DR,NO DATA,Dry,None,Clear,Not Worn
13216714,False,False,10943,Austin Police Department,True,10943,2014,130921445,False,No,0,0,1,0,0,Non-Incapacitating Injury,17:00:00,1,1,2013,Tuesday,Pedalcyclist,State Spur,IH0035,Intersection Related,30.32049538,Daylight,-97.71257919,One Motor Vehicle - Going Straight,2,Not Applicable,0,Not Applicable,False,NONE,80,US & State Highways,"Straight, Level",Service/Frontage Road,On Roadway,Other Road Type,40,SS0069,NO DATA,Wet,Signal Light,Rain,Not Worn
13216805,False,False,,Austin Police Department,False,,,130941447,False,No,0,0,1,1,0,Non-Incapacitating Injury,18:14:00,1,0,2013,Thursday,Pedalcyclist,,,Non Intersection,30.42496716,Daylight,-97.75521281,One Motor Vehicle - Turning Left,,Not Applicable,,Not Applicable,False,NONE,,City Street,"Straight, Level",Main/Proper Lane,On Roadway,,0,PAVILION BLVD,11901,Dry,Marked Lanes,Clear,Not Worn
13216902,True,False,,Austin Police Department,True,,,130950661,False,No,0,0,2,1,0,Non-Incapacitating Injury,09:31:00,2,0,2013,Friday,Pedalcyclist,,PEARL ST,Intersection Related,,Daylight,,One Motor Vehicle - Going Straight,,Attention Diverted From Driving,,Not Applicable,False,NONE,,County Road,"Straight, Level",Main/Proper Lane,On Roadway,,30,W MLK BLVD,NO DATA,Dry,None,Clear,Not Worn
13216902,True,False,,Austin Police Department,True,,,130950661,False,No,0,0,2,1,0,Non-Incapacitating Injury,09:31:00,2,0,2013,Friday,Pedalcyclist,,PEARL ST,Intersection Related,,Daylight,,One Motor Vehicle - Going Straight,,Attention Diverted From Driving,,Not Applicable,False,NONE,,County Road,"Straight, Level",Main/Proper Lane,On Roadway,,30,W MLK BLVD,NO DATA,Dry,None,Clear,Not Worn
13229944,False,False,,Austin Police Department,False,,,130971174,False,No,0,0,1,1,0,Non-Incapacitating Injury,16:48:00,1,0,2013,Sunday,Pedalcyclist,,,Non Intersection,30.24915668,Daylight,-97.74983873,One Motor Vehicle - Going Straight,,Not Applicable,,Not Applicable,False,NONE,,City Street,"Straight, Grade",Main/Proper Lane,On Roadway,,35,CONGRESS AVE S,1472,Dry,Marked Lanes,Clear,Not Worn
13256111,False,False,,Austin Police Department,True,,,130971638,False,No,0,0,1,0,0,Non-Incapacitating Injury,21:33:00,1,2,2013,Sunday,Pedalcyclist,,PRINCE DR,Intersection,30.34156476,"Dark, Lighted",-97.70751247,One Motor Vehicle - Going Straight,,Attention Diverted From Driving,,Not Applicable,False,NONE,,City Street,"Straight, Level",Main/Proper Lane,On Roadway,,30,NORTHCREST BLVD,7701,Dry,Bike Lane,Cloudy,"Worn, Not Damaged"
13229927,True,False,,Austin Police Department,True,,,130981527,False,No,0,0,1,1,0,Non-Incapacitating Injury,19:37:00,1,0,2013,Monday,Pedalcyclist,,BLUEGRASS DR,Intersection,30.39840475,Dusk,-97.76747245,One Motor Vehicle - Going Straight,,Attention Diverted From Driving,,Not Applicable,False,NONE,,City Street,"Straight, Level",Main/Proper Lane,On Roadway,,25,SIMMONS RD,9499,Dry,Stop Sign,Cloudy,"Worn, Not Damaged"
13229755,False,False,,Austin Police Department,True,,,130991621,False,No,0,0,1,1,0,Non-Incapacitating Injury,19:00:00,1,0,2013,Tuesday,Pedalcyclist,,,Driveway Access,30.30466477,Daylight,-97.72605247,One Motor Vehicle - Backing,,One Vehicle Leaving Driveway,,Entrance To Or Exit From Private Property Or Driveway,False,NONE,,City Street,"Straight, Level",Main/Proper Lane,On Roadway,,30,DUVAL ST,NO DATA,Dry,Bike Lane,Clear,Unknown If Worn
13250410,False,False,,Austin Police Department,True,,,131001047,False,No,0,0,0,1,1,Possible Injury,14:14:00,1,0,2013,Wednesday,Pedalcyclist,,W 28TH ST,Intersection,30.29346477,Daylight,-97.74516246,One Motor Vehicle - Going Straight,,Not Applicable,,Not Applicable,False,NONE,,City Street,"Straight, Hillcrest",Main/Proper Lane,On Roadway,,0,SALADO ST,2801,Dry,Stop Sign,Clear,Not Worn
13250404,True,False,,Austin Police Department,False,,,13-1040263,False,No,0,0,1,2,0,Non-Incapacitating Injury,02:25:00,1,1,2013,Sunday,Pedalcyclist,,,Non Intersection,30.26469083,"Dark, Lighted",-97.74405956,One Motor Vehicle - Going Straight,,Attention Diverted From Driving,,Not Applicable,False,NONE,,City Street,"Straight, Level",Other (Explain In Narrative),On Roadway,,35,CONGRESS AVE,241,Dry,Center Stripe/Divider,Clear,Not Worn
13250404,True,False,,Austin Police Department,False,,,13-1040263,False,No,0,0,1,2,0,Non-Incapacitating Injury,02:25:00,1,1,2013,Sunday,Pedalcyclist,,,Non Intersection,30.26469083,"Dark, Lighted",-97.74405956,One Motor Vehicle - Going Straight,,Attention Diverted From Driving,,Not Applicable,False,NONE,,City Street,"Straight, Level",Other (Explain In Narrative),On Roadway,,35,CONGRESS AVE,241,Dry,Center Stripe/Divider,Clear,Not Worn
13250404,True,False,,Austin Police Department,False,,,13-1040263,False,No,0,0,1,2,0,Non-Incapacitating Injury,02:25:00,1,1,2013,Sunday,Pedalcyclist,,,Non Intersection,30.26469083,"Dark, Lighted",-97.74405956,One Motor Vehicle - Going Straight,,Attention Diverted From Driving,,Not Applicable,False,NONE,,City Street,"Straight, Level",Other (Explain In Narrative),On Roadway,,35,CONGRESS AVE,241,Dry,Center Stripe/Divider,Clear,Not Worn
13302377,False,False,,Austin Police Department,True,,,131051485,False,No,0,0,0,3,1,Possible Injury,19:02:00,1,0,2013,Monday,Pedalcyclist,,W ANDERSON LN,Intersection,30.35190476,Daylight,-97.72201246,One Motor Vehicle - Turning Right,,Not Applicable,,Not Applicable,False,BICYCLE,,City Street,"Straight, Level",Main/Proper Lane,On Roadway,,30,BURRELL DR,7901,Dry,Bike Lane,Clear,Not Worn
13306969,False,False,,Austin Police Department,False,,,131071046,False,No,0,0,0,2,1,Possible Injury,13:17:00,1,0,2013,Wednesday,Pedalcyclist,,,Driveway Access,,Daylight,,One Motor Vehicle - Turning Left,,One Vehicle Entering Driveway,,Entrance To Or Exit From Private Property Or Driveway,False,NONE,,City Street,"Straight, Level",Main/Proper Lane,On Roadway,,0,W MLK JR BLVD,NO DATA,Dry,Bike Lane,Clear,"Worn, Unk Damage"
13245132,False,False,,Austin Police Department,False,,,13010813115,False,No,0,0,0,1,1,Possible Injury,17:15:00,1,0,2013,Thursday,Pedalcyclist,,,Non Intersection,30.27918252,Daylight,-97.74487485,One Motor Vehicle - Going Straight,,Attention Diverted From Driving,,Not Applicable,False,NONE,,City Street,"Straight, Level",Main/Proper Lane,On Roadway,,30,NUECES ST,1570,Dry,None,Clear,"Worn, Unk Damage"
13236018,False,False,,"Department Of Public Safety, State Of Texas",True,,,,False,No,0,0,1,1,0,Non-Incapacitating Injury,16:15:00,1,0,2013,Friday,Pedalcyclist,,UNKNOWN,Intersection,30.28064927,Daylight,-97.73813048,One Motor Vehicle - Turning Right,,Not Applicable,,Not Applicable,False,NONE,,City Street,"Straight, Grade",Main/Proper Lane,On Roadway,,30,W MARTIN LUTHER KING JR BLVD,101,Dry,Signal Light,Clear,"Worn, Damaged"
13245175,False,False,,Austin Police Department,False,,,131091607,False,No,0,0,0,1,1,Possible Injury,17:37:00,1,0,2013,Friday,Pedalcyclist,,,Driveway Access,30.29565477,Daylight,-97.73790246,One Motor Vehicle - Backing,,One Vehicle Leaving Driveway,,Entrance To Or Exit From Private Property Or Driveway,False,PUEGOT-AVORIAZ ROAD BICYCLE,,City Street,"Straight, Grade",Main/Proper Lane,On Roadway,,30,W 31ST ST,200,Dry,Marked Lanes,Clear,"Worn, Damaged"
13245163,False,False,20895,Austin Police Department,False,20895,2014,131110250,False,No,0,0,1,1,0,Non-Incapacitating Injury,02:13:00,1,0,2013,Sunday,Pedalcyclist,State Loop,,Driveway Access,30.2618526,"Dark, Unknown Lighting",-97.7388989,One Motor Vehicle - Turning Right,4,One Vehicle Entering Driveway,10,Entrance To Or Exit From Private Property Or Driveway,False,NONE,80,US & State Highways,"Straight, Level",Main/Proper Lane,On Roadway,"4 Or More Lanes, Undivided",0,SL0343,595,Dry,Marked Lanes,Clear,Not Worn
13389335,False,False,,Austin Police Department,False,,,13-1161123,False,No,0,0,0,1,1,Possible Injury,14:17:00,1,0,2013,Sunday,Pedalcyclist,,NORTHGATE BLVD,Intersection Related,30.37181608,Daylight,-97.71541341,One Motor Vehicle - Going Straight,,Attention Diverted From Driving,,Not Applicable,False,NONE,,City Street,"Straight, Level",Main/Proper Lane,On Roadway,,0,W RUNDBERG LN,NO DATA,Dry,None,Cloudy,Not Worn
13245014,False,False,,Austin Police Department,False,,,131130947,False,No,0,0,1,0,0,Non-Incapacitating Injury,19:30:00,1,3,2013,Monday,Pedalcyclist,,,Driveway Access,30.34435456,Daylight,-97.75097455,One Motor Vehicle - Turning Right,,One Vehicle Leaving Driveway,,Entrance To Or Exit From Private Property Or Driveway,False,NONE,,City Street,"Straight, Level",Main/Proper Lane,On Roadway,,0,GREAT NORTHERN BLVD,6323,Dry,Center Stripe/Divider,Clear,"Worn, Not Damaged"
13245044,True,False,,Austin Police Department,False,,,131121454,False,No,0,1,0,1,0,Incapacitating Injury,18:38:00,1,0,2013,Monday,Pedalcyclist,,,Non Intersection,30.21376092,Daylight,-97.80067868,One Motor Vehicle - Going Straight,,Not Applicable,,Not Applicable,False,NONE,,City Street,"Straight, Level",Main/Proper Lane,On Roadway,,35,MANCHACA RD,5816,Dry,None,Clear,"Worn, Damaged"
13254074,True,False,33647,Austin Police Department,False,33647,2014,131120629,True,No,0,0,1,1,0,Non-Incapacitating Injury,10:15:00,1,0,2013,Monday,Pedalcyclist,State Loop,,Driveway Access,30.25396739,Daylight,-97.76278203,One Motor Vehicle - Turning Left,4,Construction - Within Posted Road Construction Zone (Not Related To Crash),0,Entrance To Or Exit From Private Property Or Driveway,False,BLUE HURLY BIKE,80,US & State Highways,"Straight, Level",Main/Proper Lane,On Roadway,"4 Or More Lanes, Undivided",40,SL0343,1258,Dry,Marked Lanes,Clear,"Worn, Damaged"
13245020,False,False,,Austin Police Department,False,,,13-1131663,False,No,0,0,1,0,0,Non-Incapacitating Injury,19:52:00,1,2,2013,Tuesday,Pedalcyclist,,,Non Intersection,30.20663492,"Dark, Lighted",-97.85953822,One Motor Vehicle - Going Straight,,Not Applicable,,Not Applicable,False,NONE,,City Street,"Straight, Level",Main/Proper Lane,On Roadway,,40,DAVIS LN,5000,Dry,Center Stripe/Divider,Cloudy,Unknown If Worn
13245022,True,False,,Austin Police Department,False,,,13-1130559,False,No,0,0,1,1,0,Non-Incapacitating Injury,09:06:00,1,0,2013,Tuesday,Pedalcyclist,,,Driveway Access,30.29115888,Daylight,-97.72705509,One Motor Vehicle - Turning Left,,One Vehicle Leaving Driveway,,Entrance To Or Exit From Private Property Or Driveway,False,NONE,,City Street,"Straight, Grade",Main/Proper Lane,On Roadway,,35,RED RIVER ST,3215,Dry,Bike Lane,Clear,"Worn, Not Damaged"
13268481,True,False,,Austin Police Department,True,,,131131189,False,No,0,0,0,1,1,Possible Injury,15:27:00,1,0,2013,Tuesday,Pedalcyclist,,MEDICAL ARTS ST,Intersection,30.28837477,Daylight,-97.72909247,One Motor Vehicle - Turning Right,,Attention Diverted From Driving,,Not Applicable,False,NONE,,City Street,"Straight, Grade",Main/Proper Lane,On Roadway,,0,E DEAN KEETON ST,824,Dry,Signal Light,Clear,Unknown If Worn
13300696,False,False,,Austin Police Department,True,,,131150457,False,No,0,0,1,0,0,Non-Incapacitating Injury,08:37:00,1,1,2013,Thursday,Pedalcyclist,,DUVAL ST,Intersection Related,30.30699477,Daylight,-97.72457247,One Motor Vehicle - Turning Right,,Not Applicable,,Not Applicable,False,NONE,,City Street,"Straight, Level",Main/Proper Lane,On Roadway,,30,E 45TH ST,NO DATA,Dry,Signal Light,Cloudy,Not Worn
13255080,False,False,,Austin Police Department,False,,,131161187,False,No,0,0,1,1,0,Non-Incapacitating Injury,15:40:00,1,0,2013,Friday,Pedalcyclist,,W 7TH ST,Intersection Related,30.26912463,Daylight,-97.74241165,One Motor Vehicle - Going Straight,,Attention Diverted From Driving,,Not Applicable,False,NONE,,City Street,"Straight, Level",Main/Proper Lane,On Roadway,,25,CONGRESS AVE,715,Dry,Signal Light,Clear,Not Worn
13255081,False,False,,Austin Police Department,False,,,131161345,False,No,0,0,1,4,0,Non-Incapacitating Injury,16:16:00,1,0,2013,Friday,Pedalcyclist,,,Non Intersection,30.19892943,Daylight,-97.77650793,One Motor Vehicle - Going Straight,,Vehicle Changing Lanes,,Not Applicable,False,NONE,,City Street,"Straight, Level",Main/Proper Lane,On Roadway,,45,S CONGRESS AVE,6234,Wet,Center Stripe/Divider,Rain,Not Worn
13254137,True,False,,Austin Police Department,False,,,13-1171208,False,No,0,0,0,3,0,Not Injured,15:29:00,0,1,2013,Saturday,Pedalcyclist,,,Non Intersection,30.24050579,Daylight,-97.76065523,One Motor Vehicle - Going Straight,,Not Applicable,,Not Applicable,False,NONE,,City Street,"Straight, Level",Main/Proper Lane,On Roadway,,35,S 1ST ST,2523,Dry,Marked Lanes,Cloudy,Not Worn
13276766,False,False,21351,Austin Police Department,True,21351,2014,13-1180041,False,No,0,0,0,1,1,Possible Injury,00:15:00,1,0,2013,Sunday,Pedalcyclist,State Loop,CONGRESS AVE,Intersection,30.26339563,"Dark, Lighted",-97.74449683,One Motor Vehicle - Turning Left,4,Attention Diverted From Driving,10,Not Applicable,False,NONE,80,US & State Highways,"Straight, Level",Main/Proper Lane,On Roadway,"4 Or More Lanes, Undivided",30,SL0343,100,Dry,Signal Light,Clear,Not Worn