Crash ID,$1000 Damage to Any One Person's Property,Active School Zone Flag,Adjusted Average Daily Traffic Amount,Agency,At Intersection Flag,Average Daily Traffic Amount,Average Daily Traffic Year,Case ID,Construction Zone Flag,Construction Zone Workers Present Flag,Crash Death Count,Crash Incapacitating Injury Count,Crash Non-incapacitating Injury Count,Crash Not Injured Count,Crash Possible Injury Count,Crash Severity,Crash Time,Crash Total Injury Count,Crash Unknown Injury Count,Crash Year,Day of Week,First Harmful Event,Highway System,Intersecting Street Name,Intersection Related,Latitude,Light Condition,Longitude,Manner of Collision,Number of Lanes,Other Factor,Outside Shoulder Width on Divided Highway,Physical Feature 1,Private Drive Flag,Property Damages,Right of Way Usual Width,Road Class,Roadway Alignment,Roadway Part,Roadway Relation,Roadway Type,Speed Limit,Street Name,Street Number,Surface Condition,Traffic Control Type,Weather Condition,Person Helmet
13300788,True,False,,Austin Police Department,True,,,13-1191225,False,No,0,0,1,1,0,Non-Incapacitating Injury,16:56:00,1,0,2013,Monday,Pedalcyclist,,,Driveway Access,30.34303476,Daylight,-97.72502246,One Motor Vehicle - Turning Right,,One Vehicle Entering Driveway,,Entrance To Or Exit From Private Property Or Driveway,False,NONE,,City Street,"Straight, Level",Main/Proper Lane,On Roadway,,0,WOODROW AVE,7201,Dry,None,Clear,"Worn, Not Damaged"
13254083,False,False,,Austin Police Department,False,,,131201747,False,No,0,0,1,1,0,Non-Incapacitating Injury,20:19:00,1,0,2013,Tuesday,Pedalcyclist,,,Driveway Access,,"Dark, Lighted",,One Motor Vehicle - Turning Right,,One Vehicle Leaving Driveway,,In A Parking Lot,True,NONE,,Non Trafficway,"Straight, Level",Main/Proper Lane,Not Applicable,,35,E BEN WHITE WB BLVD,NO DATA,Dry,Stop Sign,Clear,Not Worn
13267677,False,False,113017,Austin Police Department,True,113017,2014,13-1210550,False,No,0,0,0,2,1,Possible Injury,08:42:00,1,0,2013,Wednesday,Pedalcyclist,US Highway,PAYLOAD PASS,Intersection,30.21930022,Daylight,-97.75676212,One Motor Vehicle - Turning Right,6,Not Applicable,10,Not Applicable,False,NONE,380,US & State Highways,"Straight, Level",Service/Frontage Road,On Roadway,"4 Or More Lanes, Divided",45,US0290,NO DATA,Dry,None,Clear,Not Worn
13268101,False,False,,Austin Police Department,False,,,13-1211632,False,No,0,0,0,1,1,Possible Injury,19:31:00,1,0,2013,Wednesday,Pedalcyclist,,E STASSNEY LN,Intersection Related,30.19500029,Daylight,-97.75815539,One Motor Vehicle - Going Straight,,Not Applicable,,Not Applicable,False,NONE,,City Street,"Straight, Level",Main/Proper Lane,On Roadway,,35,PONCIANA DR,NO DATA,Dry,Stop Sign,Clear,Not Worn
13268427,False,False,,Austin Police Department,False,,,13-1231189,False,No,0,0,1,1,0,Non-Incapacitating Injury,14:53:00,1,0,2013,Friday,Pedalcyclist,,,Non Intersection,30.22805977,Daylight,-97.77508116,One Motor Vehicle - Going Straight,,Not Applicable,,Not Applicable,False,NONE,,City Street,"Curve, Grade",Service/Frontage Road,On Roadway,,45,W BEN WHITE BLVD,1000,Dry,Stop Sign,Clear,Not Worn
13267549,True,False,,Austin Police Department,False,,,13-1240501,False,No,0,0,1,0,0,Non-Incapacitating Injury,06:17:00,1,1,2013,Saturday,Pedalcyclist,,,Non Intersection,30.24283522,"Dark, Unknown Lighting",-97.71700341,One Motor Vehicle - Going Straight,,Not Applicable,,Not Applicable,False,NONE,,City Street,"Straight, Grade",Main/Proper Lane,On Roadway,,0,S PLEASANT VALLEY RD,963,Dry,Marked Lanes,Clear,Not Worn
13300797,False,False,,Austin Police Department,True,,,131241043,False,No,0,0,1,0,0,Non-Incapacitating Injury,00:10:00,1,1,2013,Saturday,Pedalcyclist,,NUECES ST,Intersection,30.26961478,"Dark, Lighted",-97.74842246,One Motor Vehicle - Going Straight,,Attention Diverted From Driving,,Not Applicable,False,NONE,,City Street,"Straight, Level",Main/Proper Lane,On Roadway,,35,W 6TH ST,600,Dry,Signal Light,Clear,Not Worn
13267586,True,False,,Austin Police Department,True,,,131251655,False,No,0,1,0,1,0,Incapacitating Injury,20:46:00,1,0,2013,Sunday,Pedalcyclist,,CEDARDALE DR,Intersection,30.20630479,"Dark, Not Lighted",-97.77961246,One Motor Vehicle - Going Straight,,Attention Diverted From Driving,,Not Applicable,False,BICYCLE,,City Street,"Curve, Grade",Main/Proper Lane,On Roadway,,30,BRAMBLE DR,500,Dry,None,Clear,Not Worn
13267596,False,False,,Austin Police Department,True,,,13-1251058,False,No,0,0,1,1,0,Non-Incapacitating Injury,14:30:00,1,0,2013,Sunday,Pedalcyclist,,OVERBROOK DR,Intersection,30.30053477,Daylight,-97.68416248,One Motor Vehicle - Going Straight,,Not Applicable,,Not Applicable,False,NONE,,City Street,"Straight, Grade",Main/Proper Lane,On Roadway,,25,PECAN SPRINGS RD,2908,Dry,Stop Sign,Clear,Not Worn
13276615,True,False,,Austin Police Department,True,,,131250595,False,No,0,0,1,1,0,Non-Incapacitating Injury,08:06:00,1,0,2013,Sunday,Pedalcyclist,,UNKNOWN,Intersection,30.24175107,Daylight,-97.81582798,One Motor Vehicle - Turning Right,,Not Applicable,,Not Applicable,False,NONE,,US & State Highways,"Straight, Hillcrest",Service/Frontage Road,On Roadway,,45,GAINES RANCH LOOP,4400,Dry,Stop Sign,Clear,"Worn, Unk Damage"
13267605,False,False,,Austin Police Department,False,,,13-1260844,False,No,0,0,1,3,0,Non-Incapacitating Injury,12:04:00,1,0,2013,Monday,Pedalcyclist,,,Driveway Access,,Daylight,,One Motor Vehicle - Going Straight,,One Vehicle Leaving Driveway,,In A Parking Lot,True,NONE,,Non Trafficway,"Straight, Level",Other (Explain In Narrative),Not Applicable,,0,N LAMAR BLVD,NO DATA,Dry,Other (Explain In Narrative),Clear,Unknown If Worn
13276649,False,False,,Austin Police Department,False,,,131271274,False,No,0,0,1,1,0,Non-Incapacitating Injury,16:25:00,1,0,2013,Tuesday,Pedalcyclist,,,Driveway Access,30.3577326,Daylight,-97.73039988,One Motor Vehicle - Going Straight,,One Vehicle Leaving Driveway,,Entrance To Or Exit From Private Property Or Driveway,False,NONE,,Farm To Market,"Straight, Level",Other (Explain In Narrative),On Roadway,,0,BURNET RD,7953,Dry,None,Clear,"Worn, Not Damaged"
13302425,True,False,,Austin Police Department,False,,,13-1300910,False,No,0,0,1,1,0,Non-Incapacitating Injury,12:39:00,1,0,2013,Friday,Pedalcyclist,,W 45TH ST,Intersection Related,30.317462,Daylight,-97.74608791,One Motor Vehicle - Going Straight,,Attention Diverted From Driving,,Not Applicable,False,NONE,,City Street,"Straight, Level",Main/Proper Lane,On Roadway,,35,SHOAL CREEK BLVD,4502,Dry,Stop Sign,Clear,"Worn, Not Damaged"
13276515,False,False,,Austin Police Department,True,,,13-1330366,False,No,0,0,1,2,0,Non-Incapacitating Injury,07:05:00,1,0,2013,Monday,Pedalcyclist,,GEORGIAN DR,Intersection,,Daylight,,One Motor Vehicle - Turning Right,,Not Applicable,,Not Applicable,False,NONE,,City Street,"Straight, Level",Service/Frontage Road,On Roadway,,30,E ANDERSON SVRD WB LN,NO DATA,Dry,Signal Light,Clear,Not Worn
13276516,True,False,,Austin Police Department,True,,,13-1330499,False,No,0,0,1,1,0,Non-Incapacitating Injury,10:13:00,1,0,2013,Monday,Pedalcyclist,,WESTMINSTER DR,Intersection,30.30010477,Daylight,-97.68587248,One Motor Vehicle - Turning Left,,Not Applicable,,Not Applicable,False,NONE,,City Street,"Straight, Hillcrest",Main/Proper Lane,On Roadway,,35,MANOR RD,NO DATA,Dry,Marked Lanes,Clear,Not Worn
13326850,False,False,20818,Austin Police Department,True,20818,2014,131341643,False,No,0,0,1,1,0,Non-Incapacitating Injury,19:13:00,1,0,2013,Tuesday,Pedalcyclist,State Loop,SH0045,Intersection,30.18087117,Daylight,-97.88174628,One Motor Vehicle - Turning Left,4,Not Applicable,10,Not Applicable,False,NONE,500,US & State Highways,"Straight, Level",Main/Proper Lane,On Roadway,"4 Or More Lanes, Divided",65,SL0001,NO DATA,Dry,Stop Sign,Clear,"Worn, Unk Damage"
13292191,True,False,22775,Austin Police Department,True,22775,2014,131361959,False,No,0,1,0,1,0,Incapacitating Injury,21:58:00,1,0,2013,Thursday,Pedalcyclist,State Loop,E 12TH ST,Intersection Related,30.2768416,"Dark, Lighted",-97.7003275,One Motor Vehicle - Turning Left,4,Not Applicable,2,Not Applicable,False,NONE,160,US & State Highways,"Straight, Level",Main/Proper Lane,On Roadway,"4 Or More Lanes, Undivided",0,SL0111,1199,Dry,Signal Light,Clear,Not Worn
13300621,False,False,172066,Austin Police Department,True,172066,2014,131361304,False,No,0,0,1,1,0,Non-Incapacitating Injury,16:30:00,1,0,2013,Thursday,Pedalcyclist,Interstate,REINLI ST,Intersection Related,30.31866845,Daylight,-97.70725807,One Motor Vehicle - Going Straight,8,Not Applicable,10,Not Applicable,False,NONE,300,Interstate,"Straight, Level",Service/Frontage Road,On Roadway,"4 Or More Lanes, Divided",45,IH0035,NO DATA,Dry,Stop Sign,Clear,Not Worn
13292026,False,False,,Austin Police Department,False,,,131371464,False,No,0,1,0,1,0,Incapacitating Injury,17:18:00,1,0,2013,Friday,Pedalcyclist,,,Driveway Access,,Daylight,,One Motor Vehicle - Going Straight,,One Vehicle Leaving Driveway,,Entrance To Or Exit From Private Property Or Driveway,False,NONE,,Non Trafficway,"Straight, Hillcrest",Main/Proper Lane,On Roadway,,40,S LAMAR BLVD,NO DATA,Dry,None,Clear,Not Worn
13292067,False,False,,Austin Police Department,True,,,131370568,False,No,0,0,1,1,0,Non-Incapacitating Injury,09:01:00,1,0,2013,Friday,Pedalcyclist,,MARY ST E,Intersection,30.24515478,Daylight,-97.75132246,One Motor Vehicle - Going Straight,,Attention Diverted From Driving,,Not Applicable,False,BICYCLE,,City Street,"Straight, Hillcrest",Main/Proper Lane,On Roadway,,0,CONGRESS AVE S,1899,Dry,Signal Light,Clear,Not Worn
13326894,False,False,,Austin Police Department,False,,,131371983,False,No,0,0,1,1,0,Non-Incapacitating Injury,21:30:00,1,0,2013,Friday,Pedalcyclist,,,Driveway Access,,"Dark, Not Lighted",,One Motor Vehicle - Going Straight,,One Vehicle Leaving Driveway,,Entrance To Or Exit From Private Property Or Driveway,False,NONE,,Non Trafficway,"Straight, Level",Other (Explain In Narrative),Off Roadway,,0,W SLAUGHTER LN,NO DATA,Dry,None,Cloudy,Unknown If Worn
13292210,False,False,180878,Austin Police Department,False,180878,2014,13-1380985,False,No,0,0,1,1,0,Non-Incapacitating Injury,12:51:00,1,0,2013,Saturday,Pedalcyclist,Interstate,E 38TH ST,Intersection,30.29422111,Daylight,-97.72004537,One Motor Vehicle - Turning Right,8,Attention Diverted From Driving,10,Not Applicable,False,NONE,310,Interstate,"Straight, Level",Service/Frontage Road,On Roadway,"4 Or More Lanes, Divided",35,IH0035,NO DATA,Dry,Signal Light,Clear,"Worn, Not Damaged"
13292219,False,False,,Austin Police Department,True,,,131380751,True,No,0,1,0,2,0,Incapacitating Injury,10:05:00,1,0,2013,Saturday,Pedalcyclist,,E 5TH ST,Intersection,30.25659478,Daylight,-97.71110247,One Motor Vehicle - Going Straight,,Construction - Within Posted Road Construction Zone (Not Related To Crash),,Not Applicable,False,NONE,,City Street,"Straight, Level",Main/Proper Lane,On Roadway,,0,PLEASANT VALLEY RD N,501,Dry,Signal Light,Clear,"Worn, Damaged"
13326869,False,False,,Austin Police Department,False,,,131390459,False,No,0,0,1,0,0,Non-Incapacitating Injury,04:25:00,1,1,2013,Sunday,Pedalcyclist,,,Non Intersection,30.24057538,"Dark, Lighted",-97.72680371,One Motor Vehicle - Going Straight,,Attention Diverted From Driving,,Not Applicable,False,NONE,,City Street,"Straight, Level",Main/Proper Lane,On Roadway,,35,TINNIN FORD RD,1570,Dry,Marked Lanes,Clear,Not Worn
13301395,True,False,,Austin Police Department,True,,,13-1401196,False,No,0,1,0,1,0,Incapacitating Injury,17:08:00,1,0,2013,Monday,Pedalcyclist,,UNKNOWN,Intersection,30.32295515,Daylight,-97.72822149,One Motor Vehicle - Going Straight,,Not Applicable,,Not Applicable,False,NONE,,City Street,"Straight, Level",Main/Proper Lane,On Roadway,,35,N LAMAR BLVD,NO DATA,Dry,Marked Lanes,Clear,Not Worn
13292207,False,False,44866,Austin Police Department,True,44866,2014,131411321,False,No,0,0,0,2,1,Possible Injury,17:18:00,1,0,2013,Tuesday,Pedalcyclist,State Loop,RM2244,Intersection,30.32279101,Daylight,-97.81431652,One Motor Vehicle - Turning Right,4,Attention Diverted From Driving,10,Not Applicable,False,NONE,350,US & State Highways,"Straight, Hillcrest",Main/Proper Lane,On Roadway,"4 Or More Lanes, Divided",60,SL0360,NO DATA,Dry,Stop Sign,Clear,"Worn, Not Damaged"
13300659,False,False,44866,Austin Police Department,False,44866,2014,13-1420350,False,No,0,0,1,2,0,Non-Incapacitating Injury,07:34:00,1,0,2013,Wednesday,Pedalcyclist,State Loop,,Non Intersection,30.3218326,Daylight,-97.81545545,One Motor Vehicle - Going Straight,4,Attention Diverted From Driving,10,Not Applicable,False,NONE,350,US & State Highways,"Straight, Grade",Main/Proper Lane,Shoulder,"4 Or More Lanes, Divided",60,SL0360,NO DATA,Dry,Marked Lanes,Clear,"Worn, Damaged"
13424566,False,False,,Austin Police Department,False,,,13-142-1539,False,No,0,1,0,1,0,Incapacitating Injury,19:04:00,1,0,2013,Wednesday,Pedalcyclist,,,Driveway Access,30.2364044,Daylight,-97.72926181,One Motor Vehicle - Turning Left,,One Vehicle Entering Driveway,,Entrance To Or Exit From Private Property Or Driveway,False,NONE,,City Street,"Straight, Grade",Main/Proper Lane,On Roadway,,35,WOODLAND AVE,2083,Dry,None,Clear,"Worn, Unk Damage"
13300610,True,False,22725,Austin Police Department,False,22725,2014,131431424,False,No,0,0,0,4,0,Not Injured,17:34:00,0,0,2013,Thursday,Motor Vehicle In Transport,Ranch To Mkt,,Non Intersection,30.34668654,Daylight,-97.78479004,Same Direction - Both Going Straight-Rear End,4,"Slowing/Stopping-For Pedestrian, Pedalcyclist, etc. In Road",0,Not Applicable,False,NONE,100,Farm To Market,"Curve, Hillcrest",Main/Proper Lane,On Roadway,"4 Or More Lanes, Undivided",45,RM2222,4868,Dry,None,Cloudy,"Worn, Not Damaged"
13384355,False,False,22613,Austin Police Department,False,22613,2014,13-1431201,False,No,0,0,1,1,0,Non-Incapacitating Injury,15:55:00,1,0,2013,Thursday,Pedalcyclist,State Loop,,Driveway Access,30.26337111,Daylight,-97.7444061,One Motor Vehicle - Turning Left,4,One Vehicle Entering Driveway,10,Entrance To Or Exit From Private Property Or Driveway,False,NONE,80,US & State Highways,"Straight, Level",Main/Proper Lane,On Roadway,"4 Or More Lanes, Undivided",35,SL0343,100,Dry,None,Clear,"Worn, Not Damaged"
13393212,True,False,,Austin Police Department,True,,,131431458,False,No,0,0,1,1,0,Non-Incapacitating Injury,17:53:00,1,0,2013,Thursday,Pedalcyclist,,CESAR CHAVEZ ST E,Intersection,30.25344478,Daylight,-97.71412247,One Motor Vehicle - Turning Left,,Not Applicable,,Not Applicable,False,NONE,,City Street,"Straight, Level",Main/Proper Lane,On Roadway,,35,LLANO ST,99,Dry,Stop Sign,Clear,"Worn, Unk Damage"
13301357,False,False,,Austin Police Department,False,,,131470996,False,No,0,0,1,0,0,Non-Incapacitating Injury,13:58:00,1,1,2013,Monday,Pedalcyclist,,CAMERON RD,Intersection Related,30.30902914,Daylight,-97.70965322,One Motor Vehicle - Going Straight,,Not Applicable,,Not Applicable,False,NONE,,City Street,"Straight, Level",Main/Proper Lane,On Roadway,,0,E 51ST ST,NO DATA,Dry,Signal Light,Clear,Not Worn
13393141,False,False,29839,Austin Police Department,True,29839,2014,13-1481035,False,No,0,0,0,2,0,Not Injured,13:22:00,0,0,2013,Tuesday,Pedalcyclist,State Loop,FM0734,Intersection Related,30.36316179,Daylight,-97.6969604,One Motor Vehicle - Turning Right,4,Attention Diverted From Driving,0,Not Applicable,False,NONE,125,US & State Highways,"Straight, Level",Main/Proper Lane,On Roadway,"4 Or More Lanes, Undivided",45,SL0275,9401,Dry,Signal Light,Clear,Not Worn
13297418,False,False,,Austin Police Department,False,,,131491498,False,No,0,0,1,1,0,Non-Incapacitating Injury,17:40:00,1,0,2013,Wednesday,Pedalcyclist,,,Driveway Access,30.31740733,Daylight,-97.72862117,One Motor Vehicle - Going Straight,,Not Applicable,,Not Applicable,False,NONE,,City Street,"Straight, Level",Main/Proper Lane,On Roadway,,30,GUADALUPE ST,5075,Dry,None,Clear,Unknown If Worn
13309055,False,False,,Austin Police Department,False,,,13-1492039,False,No,0,0,1,2,0,Non-Incapacitating Injury,22:33:00,1,0,2013,Wednesday,Pedalcyclist,,,Driveway Access,30.26190966,"Dark, Lighted",-97.76149599,One Motor Vehicle - Going Straight,,One Vehicle Leaving Driveway,,Entrance To Or Exit From Private Property Or Driveway,False,NONE,,City Street,"Straight, Level",Main/Proper Lane,On Roadway,,35,BARTON SPRINGS RD,NO DATA,Dry,Bike Lane,Clear,Not Worn
13309249,False,False,,Austin Police Department,True,,,131521605,False,No,0,0,0,1,1,Possible Injury,19:22:00,1,0,2013,Saturday,Pedalcyclist,,SPEEDWAY,Intersection,30.30184477,Daylight,-97.73274246,One Motor Vehicle - Going Straight,,Attention Diverted From Driving,,Not Applicable,False,NONE,,City Street,"Straight, Level",Main/Proper Lane,On Roadway,,25,W 39TH ST,100,Dry,Stop Sign,Clear,Not Worn
13312175,False,False,,Austin Police Department,False,,,131622102,False,No,0,0,1,0,0,Non-Incapacitating Injury,23:17:00,1,1,2013,Saturday,Pedalcyclist,,SUNHILLOW BND,Intersection Related,30.39899994,"Dark, Lighted",-97.70385552,One Motor Vehicle - Turning Right,,Not Applicable,,Not Applicable,False,BICYCLE,,City Street,"Straight, Level",Main/Proper Lane,On Roadway,,0,METRIC BLVD,11898,Dry,Bike Lane,Clear,Not Worn
13389337,True,False,,Austin Police Department,False,,,131521112,False,No,0,0,1,3,0,Non-Incapacitating Injury,14:13:00,1,0,2013,Saturday,Pedalcyclist,,,Non Intersection,30.25877196,Daylight,-97.71425963,One Motor Vehicle - Going Straight,,Slowing/Stopping-For Traffic,,Not Applicable,False,NONE,,City Street,"Straight, Level",Main/Proper Lane,On Roadway,,0,E 6TH ST,2558,Dry,None,Clear,Not Worn
13312234,False,False,,Austin Police Department,True,,,13-1540618,False,No,0,0,0,0,1,Possible Injury,12:15:00,1,1,2013,Sunday,Pedalcyclist,,UNKNOWN,Intersection,30.28857961,Daylight,-97.75275927,One Motor Vehicle - Going Straight,,Not Applicable,,Not Applicable,False,NONE,,City Street,"Straight, Level",Main/Proper Lane,On Roadway,,35,N LAMAR BLVD,2404,Dry,Crosswalk,Clear,Not Worn
13475010,False,False,29839,Austin Police Department,True,29839,2014,131531745,False,No,0,0,1,1,0,Non-Incapacitating Injury,22:00:00,1,4,2013,Sunday,Pedalcyclist,State Loop,W RUNDBERG LN,Intersection Related,30.3630463,"Dark, Lighted",-97.69702522,One Motor Vehicle - Going Straight,4,Not Applicable,0,Not Applicable,False,NONE,125,US & State Highways,"Straight, Level",Main/Proper Lane,On Roadway,"4 Or More Lanes, Undivided",0,SL0275,NO DATA,Dry,Signal Light,Clear,"Worn, Unk Damage"
13343635,False,False,148494,Austin Police Department,True,148494,2014,13-1541944,False,No,0,0,0,0,1,Possible Injury,22:10:00,1,1,2013,Monday,Pedalcyclist,Interstate,E 6TH ST,Intersection Related,30.26574519,"Dark, Lighted",-97.73465308,One Motor Vehicle - Turning Left,6,Not Applicable,5,Not Applicable,False,NONE,300,Interstate,"Straight, Level",Main/Proper Lane,On Roadway,"4 Or More Lanes, Divided",35,IH0035,NO DATA,Dry,Signal Light,Clear,Not Worn
13389362,False,False,,Austin Police Department,False,,,131561125,False,No,0,0,0,2,0,Not Injured,14:34:00,0,0,2013,Wednesday,Pedalcyclist,,,Driveway Access,,Daylight,,One Motor Vehicle - Going Straight,,One Vehicle Leaving Driveway,,Entrance To Or Exit From Private Property Or Driveway,False,BICYCLE,,Non Trafficway,Other (Explain In Narrative),Other (Explain In Narrative),Not Applicable,,0,W ANDERSON LN,NO DATA,Dry,Other (Explain In Narrative),Clear,Unknown If Worn
13321573,False,False,,Austin Police Department,True,,,131601142,False,No,0,0,1,0,0,Non-Incapacitating Injury,16:37:00,1,1,2013,Sunday,Pedalcyclist,,ANDERSON MILL RD,Intersection Related,30.45009475,Daylight,-97.81794244,One Motor Vehicle - Going Straight,,Not Applicable,,Not Applicable,False,NONE,,City Street,"Straight, Level",Main/Proper Lane,On Roadway,,25,STAR VIEW TRL,NO DATA,Dry,Stop Sign,Clear,Unknown If Worn
13384375,False,False,21351,Austin Police Department,True,21351,2014,13-1601576,False,No,0,0,1,1,0,Non-Incapacitating Injury,21:20:00,1,0,2013,Sunday,Pedalcyclist,State Loop,CONGRESS AVE,Intersection,30.26339563,"Dark, Unknown Lighting",-97.74449683,One Motor Vehicle - Turning Left,4,Not Applicable,10,Not Applicable,False,NONE,80,US & State Highways,Unknown,Main/Proper Lane,On Roadway,"4 Or More Lanes, Undivided",0,SL0343,100,Dry,Signal Light,Clear,Unknown If Worn
13385828,True,False,,Austin Police Department,False,,,13-1600264,False,No,0,0,1,1,0,Non-Incapacitating Injury,02:12:00,1,0,2013,Sunday,Pedalcyclist,,,Non Intersection,30.26715812,"Dark, Lighted",-97.74331302,One Motor Vehicle - Going Straight,,Not Applicable,,Not Applicable,False,NONE,,City Street,"Straight, Level",Main/Proper Lane,On Roadway,,30,W 5TH ST,111,Dry,Other (Explain In Narrative),Clear,Not Worn
13321451,False,False,,Austin Police Department,True,,,131621268,False,No,0,0,1,1,0,Non-Incapacitating Injury,17:01:00,1,0,2013,Tuesday,Pedalcyclist,,E 4TH ST,Intersection,30.25558478,Daylight,-97.71157247,One Motor Vehicle - Going Straight,,Not Applicable,,Not Applicable,False,NONE,,City Street,"Straight, Level",Main/Proper Lane,On Roadway,,30,PLEASANT VALLEY RD N,321,Dry,Stop Sign,Clear,Not Worn
13384376,True,False,,Austin Police Department,False,,,131620689,False,No,0,1,0,1,0,Incapacitating Injury,11:13:00,1,0,2013,Tuesday,Pedalcyclist,,,Driveway Access,30.37097398,Daylight,-97.7574811,One Motor Vehicle - Going Straight,,One Vehicle Leaving Driveway,,Entrance To Or Exit From Private Property Or Driveway,False,NONE,,City Street,"Straight, Grade",Main/Proper Lane,On Roadway,,0,MESA DR,8075,Dry,None,Cloudy,"Worn, Unk Damage"
13389313,False,False,139928,Austin Police Department,True,139928,2014,131621396,False,No,0,0,1,1,0,Non-Incapacitating Injury,18:14:00,1,0,2013,Tuesday,Pedalcyclist,Interstate,FM0734,Intersection,30.37704523,Daylight,-97.67607944,One Motor Vehicle - Going Straight,6,Not Applicable,10,Not Applicable,False,NONE,300,Interstate,"Straight, Hillcrest",Service/Frontage Road,On Roadway,"4 Or More Lanes, Divided",0,IH0035,NO DATA,Dry,Signal Light,Clear,Not Worn
13384360,False,False,44197,Austin Police Department,True,44197,2014,131641189,False,No,0,0,1,2,0,Non-Incapacitating Injury,18:02:00,1,0,2013,Thursday,Pedalcyclist,State Loop,ARBORETUM BLVD,Intersection,30.38841056,Daylight,-97.75166203,One Motor Vehicle - Turning Left,4,Not Applicable,10,Not Applicable,False,NONE,291,US & State Highways,Unknown,Main/Proper Lane,On Roadway,"4 Or More Lanes, Divided",55,SL0360,NO DATA,Dry,Yield Sign,Clear,"Worn, Not Damaged"
13334090,False,False,51598,Austin Police Department,True,51598,2014,131651606,False,No,0,0,1,1,0,Non-Incapacitating Injury,19:05:00,1,0,2013,Friday,Pedalcyclist,State Loop,FM0734,Intersection Related,30.42787039,Daylight,-97.70170558,One Motor Vehicle - Going Straight,6,Not Applicable,10,Not Applicable,False,NONE,300,US & State Highways,"Straight, Level",Main/Proper Lane,On Roadway,"4 Or More Lanes, Divided",30,SL0001,NO DATA,Dry,Stop Sign,Cloudy,Not Worn
13333339,False,False,,Austin Police Department,True,,,13-1661114,False,No,0,1,0,2,0,Incapacitating Injury,13:51:00,1,0,2013,Saturday,Pedalcyclist,,DUVAL ST,Intersection Related,30.29871477,Daylight,-97.72979246,One Motor Vehicle - Going Straight,,Not Applicable,,Not Applicable,False,NONE,,City Street,"Straight, Level",Main/Proper Lane,On Roadway,,0,E 38TH ST,500,Dry,Signal Light,Cloudy,Not Worn
13334140,False,False,,Austin Police Department,False,,,131670817,False,No,0,0,0,1,1,Possible Injury,12:05:00,1,0,2013,Sunday,Pedalcyclist,,,Non Intersection,30.26020066,Daylight,-97.74569611,One Motor Vehicle - Going Straight,,Attention Diverted From Driving,,Not Applicable,False,NONE,,City Street,"Straight, Grade",Main/Proper Lane,On Roadway,,35,CONGRESS AVE S,NO DATA,Dry,Marked Lanes,Clear,Unknown If Worn
13334252,False,False,106597,Austin Police Department,True,106597,2014,131681317,False,No,0,0,1,3,0,Non-Incapacitating Injury,17:56:00,1,0,2013,Monday,Pedalcyclist,State Loop,RM2244,Intersection,30.26855933,Daylight,-97.77736834,One Motor Vehicle - Going Straight,8,Not Applicable,6,Not Applicable,False,NONE,200,US & State Highways,"Straight, Level",Main/Proper Lane,On Roadway,"4 Or More Lanes, Divided",35,SL0001,NO DATA,Dry,Stop Sign,Clear,Unknown If Worn
13334257,True,False,25507,Austin Police Department,False,25507,2014,131691076,False,No,0,1,0,1,0,Incapacitating Injury,16:04:00,1,0,2013,Tuesday,Pedalcyclist,Farm To Market,,Non Intersection,30.17021819,Daylight,-97.82508296,One Motor Vehicle - Going Straight,4,Attention Diverted From Driving,10,Not Applicable,False,NONE,100,Farm To Market,"Straight, Grade",Main/Proper Lane,Shoulder,"4 Or More Lanes, Undivided",55,FM2304,10067,Dry,Marked Lanes,Clear,"Worn, Damaged"
13372841,True,False,52925,Austin Police Department,False,52925,2014,131690651,False,No,1,0,0,1,0,Killed,10:45:00,0,0,2013,Tuesday,Pedalcyclist,US Highway,,Non Intersection,30.23410373,Daylight,-97.8647541,One Motor Vehicle - Going Straight,4,Not Applicable,6,Not Applicable,False,NONE,160,US & State Highways,"Straight, Level",Main/Proper Lane,On Roadway,"4 Or More Lanes, Undivided",40,US0290,NO DATA,Dry,None,Clear,Not Worn
13351216,False,False,,Austin Police Department,False,,,13-1721147,False,No,0,1,0,1,0,Incapacitating Injury,14:27:00,1,0,2013,Friday,Pedalcyclist,,,Driveway Access,30.24330014,Daylight,-97.72928997,One Motor Vehicle - Turning Right,,One Vehicle Leaving Driveway,,Entrance To Or Exit From Private Property Or Driveway,False,NONE,,City Street,"Straight, Level",Other (Explain In Narrative),Off Roadway,,0,E RIVERSIDE DR,1800,Dry,None,Clear,Not Worn
13384534,False,False,,Austin Police Department,False,,,13-1721758,False,No,0,0,0,1,1,Possible Injury,20:14:00,1,0,2013,Friday,Pedalcyclist,,,Driveway Access,,Dusk,,One Motor Vehicle - Going Straight,,One Vehicle Leaving Driveway,,In A Parking Lot,True,NONE,,Non Trafficway,Other (Explain In Narrative),Other (Explain In Narrative),Not Applicable,,0,RESEARCH SVRD NB BLVD,NO DATA,Dry,None,Clear,Unknown If Worn
13417370,False,False,,Austin Police Department,False,,,13-1721844,False,No,0,0,1,2,0,Non-Incapacitating Injury,21:01:00,1,0,2013,Friday,Pedalcyclist,,,Driveway Access,,"Dark, Lighted",,One Motor Vehicle - Turning Left,,One Vehicle Entering Driveway,,Entrance To Or Exit From Private Property Or Driveway,False,NONE,,City Street,"Straight, Level",Main/Proper Lane,On Roadway,,0,CAMERON RD,NO DATA,Dry,Marked Lanes,Clear,Unknown If Worn