Crash ID,$1000 Damage to Any One Person's Property,Active School Zone Flag,Adjusted Average Daily Traffic Amount,Agency,At Intersection Flag,Average Daily Traffic Amount,Average Daily Traffic Year,Case ID,Construction Zone Flag,Construction Zone Workers Present Flag,Crash Death Count,Crash Incapacitating Injury Count,Crash Non-incapacitating Injury Count,Crash Not Injured Count,Crash Possible Injury Count,Crash Severity,Crash Time,Crash Total Injury Count,Crash Unknown Injury Count,Crash Year,Day of Week,First Harmful Event,Highway System,Intersecting Street Name,Intersection Related,Latitude,Light Condition,Longitude,Manner of Collision,Number of Lanes,Other Factor,Outside Shoulder Width on Divided Highway,Physical Feature 1,Private Drive Flag,Property Damages,Right of Way Usual Width,Road Class,Roadway Alignment,Roadway Part,Roadway Relation,Roadway Type,Speed Limit,Street Name,Street Number,Surface Condition,Traffic Control Type,Weather Condition,Person Helmet
13343690,True,False,,Austin Police Department,True,,,131730852,False,No,0,0,1,0,0,Non-Incapacitating Injury,11:30:00,1,1,2013,Saturday,Pedalcyclist,,MESA DR,Intersection Related,30.37147476,Daylight,-97.75722245,One Motor Vehicle - Turning Left,,Not Applicable,,Not Applicable,False,NONE,,City Street,"Straight, Level",Main/Proper Lane,On Roadway,,35,SPICEWOOD SPRINGS RD,NO DATA,Dry,Signal Light,Clear,"Worn, Not Damaged"
13351103,False,False,,Austin Police Department,True,,,131780414,False,No,0,0,1,0,0,Non-Incapacitating Injury,15:20:00,1,1,2013,Saturday,Pedalcyclist,,RIATA TRACE PKWY,Intersection Related,30.43205475,Unknown,-97.73867246,One Motor Vehicle - Going Straight,,Attention Diverted From Driving,,Not Applicable,False,NONE,,City Street,"Curve, Grade",Main/Proper Lane,On Roadway,,30,RIATA VISTA CIR,12599,Unknown,Stop Sign,Unknown,Unknown If Worn
13343639,True,False,,Austin Police Department,False,,,131750694,False,No,0,0,2,1,0,Non-Incapacitating Injury,11:07:00,2,0,2013,Monday,Pedalcyclist,,S PLEASANT VALLEY RD,Intersection Related,30.19400381,Daylight,-97.74475828,One Motor Vehicle - Going Straight,,Not Applicable,,Not Applicable,False,NONE,,City Street,"Straight, Hillcrest",Main/Proper Lane,On Roadway,,35,E STASSNEY LN,NO DATA,Dry,Signal Light,Clear,Not Worn
13343639,True,False,,Austin Police Department,False,,,131750694,False,No,0,0,2,1,0,Non-Incapacitating Injury,11:07:00,2,0,2013,Monday,Pedalcyclist,,S PLEASANT VALLEY RD,Intersection Related,30.19400381,Daylight,-97.74475828,One Motor Vehicle - Going Straight,,Not Applicable,,Not Applicable,False,NONE,,City Street,"Straight, Hillcrest",Main/Proper Lane,On Roadway,,35,E STASSNEY LN,NO DATA,Dry,Signal Light,Clear,Not Worn
13354343,False,False,,"Department Of Public Safety, State Of Texas",True,,,,False,No,0,0,1,1,0,Non-Incapacitating Injury,06:52:00,1,0,2013,Wednesday,Pedalcyclist,,CONGRESS AVE,Intersection,30.27684478,Daylight,-97.73953246,One Motor Vehicle - Going Straight,,Not Applicable,,Not Applicable,False,NONE,,City Street,"Straight, Level",Main/Proper Lane,On Roadway,,35,W 15TH ST,NO DATA,Dry,Signal Light,Clear,Not Worn
13351111,False,False,,Austin Police Department,True,,,131781358,False,No,0,0,1,1,0,Non-Incapacitating Injury,17:20:00,1,0,2013,Thursday,Pedalcyclist,,,Driveway Access,,Daylight,,One Motor Vehicle - Going Straight,,One Vehicle Leaving Driveway,,Entrance To Or Exit From Private Property Or Driveway,False,NONE,,Non Trafficway,"Straight, Level",Other (Explain In Narrative),Not Applicable,,5,SPICEWOOD SPRINGS,NO DATA,Dry,None,Clear,"Worn, Not Damaged"
13389464,False,False,,Austin Police Department,True,,,131811124,False,No,0,0,1,1,0,Non-Incapacitating Injury,15:12:00,1,0,2013,Sunday,Pedalcyclist,,CLARKSON AVE,Intersection,30.29012477,Daylight,-97.71460247,One Motor Vehicle - Turning Left,,Not Applicable,,Not Applicable,False,NONE,,City Street,"Straight, Grade",Main/Proper Lane,On Roadway,,35,CHERRYWOOD RD,3501,Dry,Center Stripe/Divider,Clear,"Worn, Damaged"
13416916,False,False,21351,Austin Police Department,True,21351,2014,131811890,False,No,0,0,1,0,0,Non-Incapacitating Injury,22:58:00,1,1,2013,Sunday,Pedalcyclist,State Loop,CONGRESS AVE,Intersection Related,30.26339563,"Dark, Lighted",-97.74449683,One Motor Vehicle - Turning Right,4,Attention Diverted From Driving,10,Not Applicable,False,NONE,80,US & State Highways,"Straight, Level",Main/Proper Lane,On Roadway,"4 Or More Lanes, Undivided",30,SL0343,100,Dry,Crosswalk,Clear,Not Worn
13351196,False,False,,Austin Police Department,True,,,13-1820882,False,No,0,0,1,1,0,Non-Incapacitating Injury,12:56:00,1,0,2013,Monday,Pedalcyclist,,DEEP EDDY AVE,Intersection,30.27807478,Daylight,-97.77256246,One Motor Vehicle - Turning Left,,Not Applicable,,Not Applicable,False,NONE,,City Street,"Straight, Level",Main/Proper Lane,On Roadway,,35,LAKE AUSTIN BLVD,NO DATA,Dry,Marked Lanes,Clear,"Worn, Unk Damage"
13389466,False,False,,Austin Police Department,True,,,131820691,False,No,0,1,0,1,0,Incapacitating Injury,10:54:00,1,0,2013,Monday,Pedalcyclist,,E 32ND ST,Intersection,30.29380477,Daylight,-97.73289246,One Motor Vehicle - Turning Left,,Not Applicable,,Not Applicable,False,NONE,,City Street,"Straight, Grade",Main/Proper Lane,On Roadway,,0,DUVAL ST,3117,Dry,Signal Light,Clear,"Worn, Not Damaged"
13384308,False,False,,Austin Police Department,True,,,13-1830526,False,No,0,0,1,1,0,Non-Incapacitating Injury,09:01:00,1,0,2013,Tuesday,Pedalcyclist,,UNKNOWN,Intersection,30.275817,Daylight,-97.7473108,One Motor Vehicle - Turning Left,,Not Applicable,,Not Applicable,False,NONE,,City Street,"Straight, Hillcrest",Main/Proper Lane,On Roadway,,35,W 12TH ST,701,Dry,Signal Light,Clear,Not Worn
13385815,False,False,,Austin Police Department,False,,,13-1840182,False,No,0,0,1,0,0,Non-Incapacitating Injury,01:40:00,1,1,2013,Wednesday,Pedalcyclist,,GARNETT ST,Intersection Related,,"Dark, Lighted",,One Motor Vehicle - Going Straight,,Not Applicable,,Not Applicable,False,NONE,,City Street,"Straight, Level",Main/Proper Lane,On Roadway,,35,W ST ELMO,NO DATA,Dry,Bike Lane,Clear,Not Worn
13358174,False,False,,Austin Police Department,False,,,131852159,False,No,0,0,0,1,0,Not Injured,21:59:00,0,1,2013,Thursday,Pedalcyclist,,UNKNOWN,Intersection Related,30.24391479,"Dark, Lighted",-97.76432246,One Motor Vehicle - Going Straight,,Attention Diverted From Driving,,Not Applicable,False,BICYCLE REAR FENDER,,City Street,"Straight, Level",Main/Proper Lane,On Roadway,,0,W OLTORF ST,1000,Dry,Signal Light,Clear,"Worn, Not Damaged"
13366465,False,False,,Austin Police Department,False,,,13-1852257,False,No,0,0,1,3,0,Non-Incapacitating Injury,22:17:00,1,0,2013,Thursday,Pedalcyclist,,,Non Intersection,30.26258856,"Dark, Lighted",-97.74478095,One Motor Vehicle - Going Straight,,Not Applicable,,Not Applicable,False,NONE,,City Street,"Straight, Level",Main/Proper Lane,On Roadway,,35,CONGRESS AVE,NO DATA,Dry,None,Clear,Not Worn
13366465,False,False,,Austin Police Department,False,,,13-1852257,False,No,0,0,1,3,0,Non-Incapacitating Injury,22:17:00,1,0,2013,Thursday,Pedalcyclist,,,Non Intersection,30.26258856,"Dark, Lighted",-97.74478095,One Motor Vehicle - Going Straight,,Not Applicable,,Not Applicable,False,NONE,,City Street,"Straight, Level",Main/Proper Lane,On Roadway,,35,CONGRESS AVE,NO DATA,Dry,None,Clear,Unknown If Worn
13366465,False,False,,Austin Police Department,False,,,13-1852257,False,No,0,0,1,3,0,Non-Incapacitating Injury,22:17:00,1,0,2013,Thursday,Pedalcyclist,,,Non Intersection,30.26258856,"Dark, Lighted",-97.74478095,One Motor Vehicle - Going Straight,,Not Applicable,,Not Applicable,False,NONE,,City Street,"Straight, Level",Main/Proper Lane,On Roadway,,35,CONGRESS AVE,NO DATA,Dry,None,Clear,Unknown If Worn
13384573,True,False,,Austin Police Department,True,,,131850725,False,No,0,0,1,1,0,Non-Incapacitating Injury,09:28:00,1,0,2013,Thursday,Pedalcyclist,,KINGS HWY,Intersection,30.21795479,Daylight,-97.79200245,One Motor Vehicle - Going Straight,,Not Applicable,,Not Applicable,False,NONE,,City Street,"Straight, Level",Main/Proper Lane,On Roadway,,25,FAIR OAKS DR,1700,Dry,Stop Sign,Clear,"Worn, Not Damaged"
13385821,False,False,,Austin Police Department,False,,,13-1861288,False,No,0,0,1,1,0,Non-Incapacitating Injury,11:55:00,1,0,2013,Friday,Pedalcyclist,,UNKNOWN,Intersection Related,30.30724478,Daylight,-97.74752246,One Motor Vehicle - Going Straight,,Attention Diverted From Driving,,Not Applicable,False,NONE,,City Street,"Straight, Level",Main/Proper Lane,On Roadway,,30,SHOAL CREEK BLVD,3800,Dry,Signal Light,Clear,"Worn, Not Damaged"
13416917,False,False,,Austin Police Department,False,,,131861240,False,No,0,0,1,0,0,Non-Incapacitating Injury,11:20:00,1,1,2013,Friday,Pedalcyclist,,,Non Intersection,30.26088478,Daylight,-97.71372246,One Motor Vehicle - Going Straight,,Not Applicable,,Not Applicable,False,NONE,,City Street,"Straight, Level",Main/Proper Lane,On Roadway,,35,E 7TH ST,2500,Dry,Marked Lanes,Clear,Not Worn
13358144,False,False,,Austin Police Department,True,,,13-1870972,False,No,0,0,1,1,0,Non-Incapacitating Injury,12:49:00,1,0,2013,Saturday,Pedalcyclist,,MCCULLOUGH ST,Intersection,30.30125477,Daylight,-97.76532246,One Motor Vehicle - Going Straight,,Not Applicable,,Not Applicable,False,NONE,,City Street,"Straight, Grade",Main/Proper Lane,On Roadway,,35,EXPOSITION BLVD,2613,Dry,Stop Sign,Clear,"Worn, Damaged"
13358150,False,False,,Austin Police Department,True,,,131881371,False,No,0,0,1,1,0,Non-Incapacitating Injury,17:30:00,1,0,2013,Sunday,Pedalcyclist,,E 4TH ST,Intersection,30.26522478,Daylight,-97.74003246,One Motor Vehicle - Going Straight,,Not Applicable,,Not Applicable,False,NONE,,City Street,"Straight, Level",Main/Proper Lane,On Roadway,,30,TRINITY ST,399,Dry,Stop Sign,Clear,"Worn, Not Damaged"
13384335,True,False,,Austin Police Department,True,,,131880663,False,No,0,0,1,1,0,Non-Incapacitating Injury,08:04:00,1,0,2013,Sunday,Pedalcyclist,,SANS SOUCI PL,Intersection,30.41164475,Daylight,-97.76756245,One Motor Vehicle - Turning Left,,Attention Diverted From Driving,,Not Applicable,False,NONE,,City Street,"Curve, Grade",Main/Proper Lane,On Roadway,,30,RAIN CREEK PKWY,6502,Dry,None,Clear,"Worn, Damaged"
13389397,True,False,,Austin Police Department,False,,,131900543,False,No,0,1,0,1,0,Incapacitating Injury,09:42:00,1,0,2013,Tuesday,Pedalcyclist,,,Non Intersection,30.33644588,Daylight,-97.77646537,One Motor Vehicle - Going Straight,,Not Applicable,,Not Applicable,False,NONE,,City Street,"Curve, Grade",Main/Proper Lane,On Roadway,,30,MT BONNELL RD,5200,Dry,Center Stripe/Divider,Clear,"Worn, Damaged"
13366569,True,False,,Austin Police Department,True,,,131930715,False,No,0,0,1,1,0,Non-Incapacitating Injury,10:12:00,1,0,2013,Friday,Pedalcyclist,,SINCLAIR AVE,Intersection,30.31203477,Daylight,-97.74720246,One Motor Vehicle - Going Straight,,Not Applicable,,Not Applicable,False,NONE,,City Street,"Straight, Level",Main/Proper Lane,On Roadway,,36,W 41ST ST,1700,Dry,Stop Sign,Clear,"Worn, Not Damaged"
13366571,False,False,,Austin Police Department,True,,,13-1930912,False,No,0,0,1,5,0,Non-Incapacitating Injury,12:06:00,1,0,2013,Friday,Pedalcyclist,,RIO GRANDE ST,Intersection,30.28793478,Daylight,-97.74463246,One Motor Vehicle - Turning Left,,Not Applicable,,Not Applicable,False,NONE,,City Street,"Straight, Level",Main/Proper Lane,On Roadway,,30,W 24TH ST,700,Dry,Signal Light,Clear,"Worn, Damaged"
13416973,True,False,,Austin Police Department,True,,,13-1931042,False,No,0,0,0,1,1,Possible Injury,13:11:00,1,0,2013,Friday,Pedalcyclist,,GUADALUPE ST,Intersection,30.27367478,Daylight,-97.74456246,One Motor Vehicle - Going Straight,,Not Applicable,,Not Applicable,False,NONE,,City Street,"Straight, Level",Main/Proper Lane,On Roadway,,30,W 11TH ST,400,Dry,Signal Light,Clear,Not Worn
13389451,False,False,,Austin Police Department,False,,,131950423,False,No,0,0,1,2,0,Non-Incapacitating Injury,04:18:00,1,0,2013,Sunday,Pedalcyclist,,GENE JOHNSON ST,Intersection Related,30.30837374,"Dark, Lighted",-97.71563566,One Motor Vehicle - Going Straight,,Vehicle Changing Lanes,,Not Applicable,False,NONE,,City Street,"Straight, Level",Main/Proper Lane,On Roadway,,40,AIRPORT BLVD,4803,Dry,Marked Lanes,Clear,Not Worn
13389392,False,False,34215,Austin Police Department,True,34215,2014,13-1960645,False,No,0,0,1,1,0,Non-Incapacitating Injury,11:10:00,1,0,2013,Monday,Pedalcyclist,State Loop,SL0360,Intersection Related,30.24433907,Daylight,-97.78131563,One Motor Vehicle - Turning Left,4,Not Applicable,0,Not Applicable,False,NONE,80,US & State Highways,"Straight, Level",Main/Proper Lane,On Roadway,"4 Or More Lanes, Undivided",30,SL0343,2802,Wet,Signal Light,Rain,Not Worn
13416951,False,False,,Austin Police Department,True,,,13-1971706,False,No,0,0,0,2,0,Not Injured,21:00:00,0,0,2013,Tuesday,Pedalcyclist,,UNKNOWN,Intersection Related,30.37210476,"Dark, Lighted",-97.70319247,One Motor Vehicle - Going Straight,,Not Applicable,,Not Applicable,False,NONE,,City Street,"Straight, Level",Main/Proper Lane,On Roadway,,0,PARKFIELD DR,9799,Wet,Stop Sign,Rain,Unknown If Worn
13417060,False,False,,Austin Police Department,False,,,131970752,False,No,0,0,1,0,1,Non-Incapacitating Injury,12:27:00,2,0,2013,Tuesday,Pedalcyclist,,,Non Intersection,30.21921794,Daylight,-97.74380878,One Motor Vehicle - Going Straight,,Not Applicable,,Not Applicable,False,BICYCLE,,City Street,"Curve, Grade",Main/Proper Lane,On Roadway,,30,WOODWARD ST,1921,Dry,None,Clear,Unknown If Worn
13417029,False,False,,Austin Police Department,True,,,13-1991488,False,No,0,0,1,3,0,Non-Incapacitating Injury,18:06:00,1,0,2013,Thursday,Pedalcyclist,,,Driveway Access,30.26606478,Daylight,-97.76887246,One Motor Vehicle - Turning Left,,One Vehicle Entering Driveway,,Entrance To Or Exit From Private Property Or Driveway,False,NONE,,City Street,"Straight, Level",Main/Proper Lane,On Roadway,,35,BARTON SPRINGS RD,NO DATA,Dry,Bike Lane,Clear,"Worn, Not Damaged"
13384869,False,False,,Austin Police Department,False,,,13-2001044,False,No,0,0,1,1,0,Non-Incapacitating Injury,01:03:00,1,0,2013,Friday,Pedalcyclist,,,Non Intersection,30.30132477,Daylight,-97.73523246,One Motor Vehicle - Going Straight,,Not Applicable,,Not Applicable,False,NONE,,City Street,"Straight, Level",Main/Proper Lane,On Roadway,,40,W 38TH ST,300,Dry,None,Clear,"Worn, Damaged"
13521486,True,False,29839,Austin Police Department,False,29839,2014,13-2001296,False,No,0,0,2,1,0,Non-Incapacitating Injury,15:44:00,2,1,2013,Friday,Motor Vehicle In Transport,State Loop,,Driveway Access,30.35768148,Daylight,-97.70006534,Angle - Both Going Straight,4,One Vehicle Leaving Driveway,0,Entrance To Or Exit From Private Property Or Driveway,False,DAIRY QUEEN SIGN,125,US & State Highways,"Straight, Level",Main/Proper Lane,On Roadway,"4 Or More Lanes, Undivided",45,SL0275,8838,Dry,None,Clear,Unknown If Worn
13811981,True,False,,Austin Police Department,False,,,132002050,False,No,0,0,0,1,0,Not Injured,22:26:00,0,1,2013,Friday,Pedalcyclist,,,Non Intersection,30.26567374,"Dark, Lighted",-97.74633934,One Motor Vehicle - Going Straight,,Not Applicable,,Not Applicable,False,NONE,,City Street,"Straight, Level",Main/Proper Lane,On Roadway,,0,LAVACA ST,273,Dry,None,Clear,Unknown If Worn
13385021,True,False,,Austin Police Department,True,,,13-2021027,False,No,0,0,1,1,0,Non-Incapacitating Injury,14:57:00,1,0,2013,Sunday,Pedalcyclist,,UNKNOWN,Intersection,30.22111479,Daylight,-97.87322243,One Motor Vehicle - Going Straight,,Not Applicable,,Not Applicable,False,NONE,,City Street,"Straight, Level",Main/Proper Lane,On Roadway,,0,OASIS DR,NO DATA,Dry,Stop Sign,Clear,Unknown If Worn
13385800,False,False,,Austin Police Department,True,,,132021551,False,No,0,0,0,0,1,Possible Injury,19:30:00,1,1,2013,Sunday,Pedalcyclist,,W SLAUGHTER LN,Intersection Related,30.1792148,"Dark, Lighted",-97.84105244,One Motor Vehicle - Going Straight,,Not Applicable,,Not Applicable,False,NONE,,City Street,"Straight, Level",Main/Proper Lane,On Roadway,,35,W GATE BLVD,NO DATA,Dry,Bike Lane,Clear,Not Worn
13384639,False,False,,Austin Police Department,False,,,132030574,False,No,0,0,1,1,0,Non-Incapacitating Injury,09:49:00,1,0,2013,Monday,Pedalcyclist,,,Driveway Access,30.28843784,Daylight,-97.75160047,One Motor Vehicle - Turning Left,,One Vehicle Entering Driveway,,Entrance To Or Exit From Private Property Or Driveway,False,NONE,,City Street,"Straight, Grade",Main/Proper Lane,On Roadway,,30,W 24TH ST,1311,Dry,Center Stripe/Divider,Clear,Not Worn
13392154,True,False,,Austin Police Department,False,,,13-2051034,False,No,0,0,0,3,1,Possible Injury,13:22:00,1,0,2013,Wednesday,Pedalcyclist,,UNKNOWN,Intersection,30.40005475,Daylight,-97.65262248,One Motor Vehicle - Going Straight,,Attention Diverted From Driving,,Not Applicable,False,NONE,,City Street,"Straight, Level",Main/Proper Lane,On Roadway,,45,HARRISGLENN DR,12800,Dry,None,Cloudy,Not Worn
13416983,False,False,,Austin Police Department,False,,,13-2052033,False,No,0,0,0,1,1,Possible Injury,23:02:00,1,0,2013,Wednesday,Pedalcyclist,,,Non Intersection,,"Dark, Lighted",,One Motor Vehicle - Going Straight,,Not Applicable,,In A Parking Lot,False,NONE,,Non Trafficway,"Straight, Level",Other (Explain In Narrative),Not Applicable,,45,E RUNDBERG LN,NO DATA,Dry,None,Clear,Unknown If Worn
13425902,False,False,,Austin Police Department,False,,,132050761,False,No,0,0,0,1,1,Possible Injury,11:03:00,1,0,2013,Wednesday,Pedalcyclist,,,Non Intersection,,Daylight,,One Motor Vehicle - Going Straight,,"Slowing/Stopping - For Officer, Flagman, Or Traffic Control",,Private Drive Or Road,True,NONE,,Non Trafficway,"Straight, Level",Other (Explain In Narrative),Not Applicable,,0,WILLIAM CANNON PRIVATE DRIVE DR,NO DATA,Dry,Signal Light,Clear,Not Worn
13425920,False,False,,Austin Police Department,False,,,132050761,False,No,0,0,0,1,1,Possible Injury,11:03:00,1,0,2013,Wednesday,Pedalcyclist,,,Non Intersection,,Daylight,,One Motor Vehicle - Going Straight,,Attention Diverted From Driving,,Private Drive Or Road,True,NONE,,Non Trafficway,"Straight, Level",Other (Explain In Narrative),Not Applicable,,0,W WILLIAM CANNON PRIVATE DRIVE DR,NO DATA,Dry,Crosswalk,Clear,Not Worn
13448938,False,False,,Austin Police Department,True,,,132061490,False,No,0,1,0,2,0,Incapacitating Injury,18:40:00,1,0,2013,Thursday,Pedalcyclist,,YAUPON DR,Intersection,30.41002475,Daylight,-97.77689245,One Motor Vehicle - Turning Right,,Not Applicable,,Not Applicable,False,NONE,,City Street,"Straight, Grade",Main/Proper Lane,On Roadway,,30,VILLA MARIA LN,7298,Dry,Marked Lanes,Clear,Unknown If Worn
13391977,False,False,,Austin Police Department,False,,,132070728,False,No,0,0,1,2,0,Non-Incapacitating Injury,09:49:00,1,0,2013,Friday,Pedalcyclist,,,Non Intersection,30.17090345,Daylight,-97.75318309,One Motor Vehicle - Going Straight,,Attention Diverted From Driving,,Not Applicable,False,NONE,,City Street,"Straight, Grade",Main/Proper Lane,On Roadway,,35,S PLEASANT VALLEY RD,NO DATA,Dry,Marked Lanes,Clear,Not Worn
13392209,False,False,,Austin Police Department,False,,,13-2070962,False,No,0,0,0,1,1,Possible Injury,11:53:00,1,0,2013,Friday,Pedalcyclist,,,Driveway Access,30.28061478,Daylight,-97.74198246,One Motor Vehicle - Turning Right,,One Vehicle Entering Driveway,,Entrance To Or Exit From Private Property Or Driveway,False,NONE,,City Street,"Straight, Level",Main/Proper Lane,Off Roadway,,35,GUADALUPE ST,1800,Dry,Center Stripe/Divider,Clear,Not Worn
13448924,False,False,,Austin Police Department,True,,,132140791,False,No,0,0,1,1,0,Non-Incapacitating Injury,10:50:00,1,0,2013,Friday,Pedalcyclist,,S CONGRESS AVE,Intersection,,Daylight,,One Motor Vehicle - Going Straight,,Not Applicable,,Not Applicable,False,NONE,,City Street,"Straight, Level",Main/Proper Lane,On Roadway,,35,W ST ELMO RD,NO DATA,Dry,Signal Light,Clear,Not Worn
13408723,False,False,,Austin Police Department,True,,,132201504,False,No,0,0,1,1,0,Non-Incapacitating Injury,18:21:00,1,0,2013,Thursday,Pedalcyclist,,RAMOS ST,Intersection,30.26121478,Daylight,-97.70666247,One Motor Vehicle - Going Straight,,Not Applicable,,Not Applicable,False,NONE,,City Street,"Straight, Level",Main/Proper Lane,On Roadway,,30,PRADO ST,3000,Dry,Stop Sign,Clear,Not Worn
13408671,False,False,,Austin Police Department,True,,,13-2220671,False,No,0,0,1,2,0,Non-Incapacitating Injury,10:08:00,1,0,2013,Saturday,Pedalcyclist,,UNKNOWN,Intersection,30.27330861,Daylight,-97.68869065,One Motor Vehicle - Going Straight,,Not Applicable,,Not Applicable,False,NONE,,City Street,"Straight, Grade",Main/Proper Lane,On Roadway,,30,LEDESMA RD,4797,Dry,Stop Sign,Clear,Unknown If Worn
13408672,True,False,,Austin Police Department,False,,,132220272,False,No,0,0,1,4,0,Non-Incapacitating Injury,02:27:00,1,0,2013,Saturday,Pedalcyclist,,,Non Intersection,30.24127061,"Dark, Lighted",-97.71799027,One Motor Vehicle - Going Straight,,Attention Diverted From Driving,,Not Applicable,False,NONE,,City Street,"Straight, Level",Main/Proper Lane,On Roadway,,45,S PLEASANT VALLEY RD,1128,Dry,None,Clear,Not Worn
13438093,True,False,,Austin Police Department,False,,,13-2231389,False,No,0,0,1,0,0,Non-Incapacitating Injury,19:25:00,1,2,2013,Sunday,Pedalcyclist,,ABERDEEN WAY,Intersection Related,,Daylight,,One Motor Vehicle - Going Straight,,Attention Diverted From Driving,,Not Applicable,False,NONE,,City Street,"Straight, Level",Main/Proper Lane,On Roadway,,0,OOBIE DR,NO DATA,Dry,Stop Sign,Clear,Unknown If Worn
13408549,False,False,,Austin Police Department,False,,,132250510,False,No,0,0,0,1,1,Possible Injury,08:45:00,1,0,2013,Tuesday,Pedalcyclist,,,Driveway Access,,Daylight,,One Motor Vehicle - Going Straight,,One Vehicle Leaving Driveway,,Entrance To Or Exit From Private Property Or Driveway,False,NONE,,Non Trafficway,"Straight, Level",Main/Proper Lane,Off Roadway,,0,BRODIE LN,NO DATA,Dry,None,Clear,"Worn, Not Damaged"
13408576,False,False,,Austin Police Department,True,,,132261702,False,No,0,0,1,1,0,Non-Incapacitating Injury,21:40:00,1,0,2013,Wednesday,Pedalcyclist,,UNKNOWN,Intersection,30.28223728,"Dark, Lighted",-97.74377082,One Motor Vehicle - Turning Left,,Attention Diverted From Driving,,Not Applicable,False,NONE,,City Street,"Straight, Level",Main/Proper Lane,On Roadway,,0,MARTIN LUTHER KING BLVD W,508,Dry,Signal Light,Clear,Unknown If Worn
13439221,False,False,,Austin Police Department,True,,,132261702,False,No,0,0,1,1,0,Non-Incapacitating Injury,21:40:00,1,0,2013,Wednesday,Pedalcyclist,,NUECES ST ST,Intersection,,"Dark, Lighted",,One Motor Vehicle - Going Straight,,Attention Diverted From Driving,,Not Applicable,False,NONE,,City Street,"Straight, Level",Main/Proper Lane,On Roadway,,-1,W W MARTIN LUTHER KING JR BLVD BLVD,NO DATA,Dry,Signal Light,Clear,Unknown If Worn
13419730,True,False,,Austin Police Department,True,,,132271611,False,No,0,0,2,1,0,Non-Incapacitating Injury,21:14:00,2,0,2013,Thursday,Pedalcyclist,,MONROE ST W,Intersection,30.24932478,"Dark, Lighted",-97.75517246,One Motor Vehicle - Turning Left,,Not Applicable,,Not Applicable,False,TANDEM BICYCLE,,City Street,"Straight, Level",Main/Proper Lane,On Roadway,,35,S 1ST ST,NO DATA,Wet,Marked Lanes,Rain,"Worn, Not Damaged"
13419730,True,False,,Austin Police Department,True,,,132271611,False,No,0,0,2,1,0,Non-Incapacitating Injury,21:14:00,2,0,2013,Thursday,Pedalcyclist,,MONROE ST W,Intersection,30.24932478,"Dark, Lighted",-97.75517246,One Motor Vehicle - Turning Left,,Not Applicable,,Not Applicable,False,TANDEM BICYCLE,,City Street,"Straight, Level",Main/Proper Lane,On Roadway,,35,S 1ST ST,NO DATA,Wet,Marked Lanes,Rain,Not Worn
13424573,False,False,,Austin Police Department,True,,,132271564,False,No,0,0,1,1,0,Non-Incapacitating Injury,20:45:00,1,0,2013,Thursday,Pedalcyclist,,E 45TH ST,Intersection Related,30.30699477,"Dark, Lighted",-97.72457247,One Motor Vehicle - Turning Left,,Not Applicable,,Not Applicable,False,NONE,,City Street,"Curve, Grade",Main/Proper Lane,On Roadway,,0,DUVAL ST,4431,Wet,Signal Light,Rain,Unknown If Worn
13439321,False,False,,Austin Police Department,True,,,132271564,False,No,0,0,1,1,0,Non-Incapacitating Injury,20:45:00,1,0,2013,Thursday,Pedalcyclist,,E 45TH ST,Intersection Related,30.30699477,"Dark, Lighted",-97.72457247,One Motor Vehicle - Turning Left,,Not Applicable,,Not Applicable,False,NONE,,City Street,"Curve, Grade",Main/Proper Lane,On Roadway,,-1,DUVAL ST,4431,Wet,Signal Light,Rain,Not Worn
13463730,False,False,,Austin Police Department,False,,,132281724,False,No,0,0,1,1,0,Non-Incapacitating Injury,19:36:00,1,0,2013,Friday,Pedalcyclist,,W 6TH ST,Intersection Related,30.26962787,Daylight,-97.74841777,One Motor Vehicle - Going Straight,,Not Applicable,,Not Applicable,False,NONE,,City Street,"Straight, Level",Main/Proper Lane,On Roadway,,30,NUECES ST,602,"Sand, Mud, Dirt",Signal Light,Clear,"Worn, Not Damaged"
13424480,False,False,,Austin Police Department,False,,,132301756,False,No,0,0,1,1,0,Non-Incapacitating Injury,22:37:00,1,0,2013,Sunday,Pedalcyclist,,,Non Intersection,30.36639165,"Dark, Lighted",-97.72813786,One Motor Vehicle - Going Straight,,Not Applicable,,Not Applicable,False,NONE,,City Street,"Straight, Level",Main/Proper Lane,Off Roadway,,0,BURNET RD,8506,Dry,None,Clear,"Worn, Unk Damage"
13418774,False,False,,Austin Police Department,False,,,132340346,False,No,0,0,1,1,0,Non-Incapacitating Injury,06:15:00,1,0,2013,Thursday,Pedalcyclist,,,Driveway Access,,"Dark, Not Lighted",,One Motor Vehicle - Going Straight,,One Vehicle Leaving Driveway,,Entrance To Or Exit From Private Property Or Driveway,False,NONE,,Non Trafficway,"Straight, Level",Main/Proper Lane,Not Applicable,,40,S CONGRESS AVE,NO DATA,Dry,Bike Lane,Clear,Unknown If Worn
13446436,False,False,,Austin Police Department,False,,,132351833,False,No,0,0,1,1,0,Non-Incapacitating Injury,21:11:00,1,0,2013,Friday,Pedalcyclist,,,Driveway Access,,"Dark, Lighted",,One Motor Vehicle - Turning Right,,One Vehicle Leaving Driveway,,In A Parking Lot,False,NONE,,Non Trafficway,"Straight, Level",Main/Proper Lane,Not Applicable,,40,S LAMAR BLVD,NO DATA,Dry,Other (Explain In Narrative),Clear,Unknown If Worn
13478885,True,False,,Austin Police Department,True,,,132371302,False,No,0,0,1,1,0,Non-Incapacitating Injury,17:51:00,1,0,2013,Sunday,Pedalcyclist,,EXPOSITION BLVD,Intersection,30.28431478,Daylight,-97.77603245,One Motor Vehicle - Turning Right,,Not Applicable,,Not Applicable,False,NONE,,City Street,"Straight, Level",Main/Proper Lane,On Roadway,,35,W 8TH ST,2698,Dry,Marked Lanes,Clear,"Worn, Not Damaged"