Crash ID,$1000 Damage to Any One Person's Property,Active School Zone Flag,Adjusted Average Daily Traffic Amount,Agency,At Intersection Flag,Average Daily Traffic Amount,Average Daily Traffic Year,Case ID,Construction Zone Flag,Construction Zone Workers Present Flag,Crash Death Count,Crash Incapacitating Injury Count,Crash Non-incapacitating Injury Count,Crash Not Injured Count,Crash Possible Injury Count,Crash Severity,Crash Time,Crash Total Injury Count,Crash Unknown Injury Count,Crash Year,Day of Week,First Harmful Event,Highway System,Intersecting Street Name,Intersection Related,Latitude,Light Condition,Longitude,Manner of Collision,Number of Lanes,Other Factor,Outside Shoulder Width on Divided Highway,Physical Feature 1,Private Drive Flag,Property Damages,Right of Way Usual Width,Road Class,Roadway Alignment,Roadway Part,Roadway Relation,Roadway Type,Speed Limit,Street Name,Street Number,Surface Condition,Traffic Control Type,Weather Condition,Person Helmet
13566002,False,False,,Austin Police Department,False,,,132370315,False,No,0,0,1,2,1,Non-Incapacitating Injury,02:43:00,2,0,2013,Sunday,Pedalcyclist,,E 5TH ST,Intersection Related,30.26528995,"Dark, Lighted",-97.73759443,One Motor Vehicle - Going Straight,,Attention Diverted From Driving,,Not Applicable,False,NONE,,City Street,"Straight, Level",Main/Proper Lane,On Roadway,,30,RED RIVER ST,473,Dry,Marked Lanes,Clear,Unknown If Worn
13566002,False,False,,Austin Police Department,False,,,132370315,False,No,0,0,1,2,1,Non-Incapacitating Injury,02:43:00,2,0,2013,Sunday,Pedalcyclist,,E 5TH ST,Intersection Related,30.26528995,"Dark, Lighted",-97.73759443,One Motor Vehicle - Going Straight,,Attention Diverted From Driving,,Not Applicable,False,NONE,,City Street,"Straight, Level",Main/Proper Lane,On Roadway,,30,RED RIVER ST,473,Dry,Marked Lanes,Clear,Not Worn
13478784,False,False,,Austin Police Department,True,,,132400788,False,No,0,0,1,1,0,Non-Incapacitating Injury,11:50:00,1,0,2013,Wednesday,Pedalcyclist,,W 13TH ST,Intersection,30.27629478,Daylight,-97.74475246,One Motor Vehicle - Going Straight,,Slowing/Stopping-Reason Not Specified,,Not Applicable,False,NONE,,City Street,"Straight, Level",Main/Proper Lane,On Roadway,,-1,SAN ANTONIO ST,1299,Dry,None,Clear,Unknown If Worn
13467381,False,False,,Austin Police Department,False,,,132421672,False,No,0,0,1,1,0,Non-Incapacitating Injury,16:40:00,1,0,2013,Friday,Pedalcyclist,,,Driveway Access,30.29775465,Daylight,-97.74130891,One Motor Vehicle - Turning Left,,One Vehicle Entering Driveway,,Entrance To Or Exit From Private Property Or Driveway,False,NONE,,City Street,"Straight, Level",Main/Proper Lane,On Roadway,,35,GUADALUPE ST,3089,Dry,None,Clear,"Worn, Not Damaged"
13439342,False,False,,Austin Police Department,False,,,132451359,False,No,0,0,0,1,1,Possible Injury,18:34:00,1,0,2013,Monday,Pedalcyclist,,,Driveway Access,30.23922416,Daylight,-97.75315309,One Motor Vehicle - Going Straight,,One Vehicle Leaving Driveway,,Entrance To Or Exit From Private Property Or Driveway,False,NONE,,City Street,"Straight, Level",Main/Proper Lane,On Roadway,,35,S CONGRESS AVE,2357,Dry,Bike Lane,Clear,Not Worn
13439364,False,False,,Austin Police Department,False,,,132461652,False,No,0,0,1,1,0,Non-Incapacitating Injury,19:33:00,1,0,2013,Tuesday,Pedalcyclist,,,Driveway Access,30.18298443,Daylight,-97.85014813,One Motor Vehicle - Going Straight,,One Vehicle Leaving Driveway,,Entrance To Or Exit From Private Property Or Driveway,False,NONE,,City Street,"Straight, Level",Main/Proper Lane,On Roadway,,45,BRODIE LN,10003,Dry,None,Clear,Unknown If Worn
13488990,False,False,,Austin Police Department,False,,,132481072,False,No,0,0,0,0,1,Possible Injury,14:23:00,1,1,2013,Thursday,Pedalcyclist,,SAN ANTONIO ST,Intersection Related,30.28777844,Daylight,-97.74253751,One Motor Vehicle - Going Straight,,Not Applicable,,Not Applicable,False,TREK 3700 MAROON BICYCLE,,City Street,"Straight, Level",Main/Proper Lane,On Roadway,,-1,W 24TH ST,494,Dry,None,Clear,Unknown If Worn
13565930,True,False,,Austin Police Department,True,,,132480554,False,No,0,0,1,1,0,Non-Incapacitating Injury,08:56:00,1,0,2013,Thursday,Pedalcyclist,,UNKNOWN,Intersection,30.2030748,Daylight,-97.83733246,One Motor Vehicle - Turning Left,,Not Applicable,,Not Applicable,False,NONE,,City Street,"Straight, Level",Main/Proper Lane,On Roadway,,-1,ESKEW DR,3500,Dry,Crosswalk,Clear,Not Worn
13696930,False,False,,Austin Police Department,True,,,132481398,False,No,0,0,0,2,0,Not Injured,17:42:00,0,0,2013,Thursday,Pedalcyclist,,S LAMAR BLVD,Intersection,,Daylight,,One Motor Vehicle - Turning Left,,Not Applicable,,Not Applicable,False,NONE,,City Street,"Straight, Level",Main/Proper Lane,On Roadway,,-1,W W RIVERSIDE DR,NO DATA,Dry,Signal Light,Clear,Unknown If Worn
13499462,False,False,,Austin Police Department,True,,,132520892,False,No,0,0,1,1,0,Non-Incapacitating Injury,13:08:00,1,0,2013,Monday,Pedalcyclist,,WHITIS AVE,Intersection,30.29191476,Daylight,-97.74031246,One Motor Vehicle - Going Straight,,Not Applicable,,Not Applicable,False,TREK NAVIGATOR 200 WHITE/RED,,City Street,"Straight, Level",Main/Proper Lane,On Roadway,,30,W 27TH ST,300,Dry,Marked Lanes,Cloudy,Unknown If Worn
13499670,False,False,,Austin Police Department,True,,,132540523,False,No,0,0,0,2,1,Possible Injury,08:15:00,1,0,2013,Wednesday,Pedalcyclist,,BOLM RD,Intersection Related,30.25651478,Daylight,-97.68663248,One Motor Vehicle - Going Straight,,Attention Diverted From Driving,,Not Applicable,False,NONE,,City Street,"Straight, Level",Main/Proper Lane,On Roadway,,-1,PERRY RD,1101,Dry,Crosswalk,Clear,Not Worn
13523479,False,False,,Austin Police Department,True,,,132550525,False,No,0,0,0,0,2,Possible Injury,08:45:00,2,0,2013,Thursday,Pedalcyclist,,WALLER ST,Intersection Related,30.25630478,Daylight,-97.73425247,One Motor Vehicle - Turning Left,,Not Applicable,,Not Applicable,False,SILVER SCHWINN,,City Street,"Straight, Level",Main/Proper Lane,On Roadway,,-1,HOLLY ST,1200,Dry,Stop Sign,Clear,Not Worn
13447808,False,False,,Austin Police Department,True,,,132560990,False,No,0,0,1,1,0,Non-Incapacitating Injury,12:37:00,1,0,2013,Friday,Pedalcyclist,,UNKNOWN,Intersection Related,30.26407478,Daylight,-97.76414246,One Motor Vehicle - Going Straight,,Not Applicable,,Not Applicable,False,NONE,,City Street,"Straight, Level",Main/Proper Lane,On Roadway,,30,BARTON BLVD,500,Dry,Stop Sign,Clear,Not Worn
13513221,False,False,,Austin Police Department,False,,,132560572,False,No,0,0,1,3,0,Non-Incapacitating Injury,08:41:00,1,0,2013,Friday,Pedalcyclist,,,Driveway Access,30.3285566,Daylight,-97.75105613,One Motor Vehicle - Turning Left,,One Vehicle Entering Driveway,,Entrance To Or Exit From Private Property Or Driveway,False,NONE,,City Street,"Straight, Level",Main/Proper Lane,On Roadway,,35,HANCOCK DR,2843,Dry,None,Clear,"Worn, Not Damaged"
13513224,False,False,,Austin Police Department,False,,,132560673,False,No,0,0,0,2,0,Not Injured,09:48:00,0,0,2013,Friday,Pedalcyclist,,W BRAKER LN,Intersection Related,30.39103828,Daylight,-97.70907651,One Motor Vehicle - Turning Right,,Not Applicable,,Not Applicable,False,NONE,,City Street,"Straight, Level",Main/Proper Lane,On Roadway,,45,METRIC BLVD,11165,Dry,Signal Light,Clear,"Worn, Not Damaged"
13523482,False,False,115456,Austin Police Department,False,115456,2014,132590648,False,No,0,1,0,1,0,Incapacitating Injury,10:15:00,1,0,2013,Monday,Pedalcyclist,US Highway,,Non Intersection,30.37092813,Daylight,-97.72143358,One Motor Vehicle - Going Straight,6,Swerved Or Veered-Avoiding Vehicle Stopped Or Moving Slowly In Traffic Lane,10,Not Applicable,False,RALEIGH C40 SILVER BICYCLE,260,US & State Highways,"Straight, Level",Service/Frontage Road,Off Roadway,"4 Or More Lanes, Divided",50,US0183,NO DATA,Dry,None,Clear,Not Worn
13523495,False,False,,Austin Police Department,True,,,132591781,False,No,0,0,1,1,0,Non-Incapacitating Injury,22:40:00,1,0,2013,Monday,Pedalcyclist,,,Driveway Access,30.23879479,"Dark, Lighted",-97.75354246,One Motor Vehicle - Going Straight,,One Vehicle Entering Driveway,,Entrance To Or Exit From Private Property Or Driveway,False,NONE,,City Street,"Straight, Level",Main/Proper Lane,On Roadway,,-1,S CONGRESS AVE,2401,Dry,Signal Light,Clear,Not Worn
13453996,False,False,34215,Austin Police Department,True,34215,2014,132600442,False,No,0,0,1,1,0,Non-Incapacitating Injury,08:27:00,1,0,2013,Tuesday,Pedalcyclist,State Loop,SL0360,Intersection,30.24690167,Daylight,-97.77729299,One Motor Vehicle - Turning Right,4,Not Applicable,0,Not Applicable,False,NONE,80,US & State Highways,"Straight, Grade",Main/Proper Lane,On Roadway,"4 Or More Lanes, Undivided",35,SL0343,2433,Dry,Signal Light With Red Light Running Camera,Cloudy,Unknown If Worn
13520447,False,False,,Austin Police Department,False,,,132600526,False,No,0,0,1,1,0,Non-Incapacitating Injury,09:00:00,1,0,2013,Tuesday,Pedalcyclist,,,Driveway Access,30.30793626,Daylight,-97.70739379,One Motor Vehicle - Turning Right,,One Vehicle Entering Driveway,,Entrance To Or Exit From Private Property Or Driveway,False,UNIT 2 BICYCLE,,City Street,"Straight, Level",Main/Proper Lane,Off Roadway,,40,E 51ST ST,1209,Dry,None,Clear,Not Worn
13520579,False,False,,Austin Police Department,True,,,132601303,False,No,0,0,1,1,0,Non-Incapacitating Injury,16:35:00,1,0,2013,Tuesday,Pedalcyclist,,GUADALUPE ST,Intersection,30.30113477,Daylight,-97.73918246,One Motor Vehicle - Going Straight,,Not Applicable,,Not Applicable,False,NONE,,City Street,"Straight, Level",Main/Proper Lane,On Roadway,,-1,W 35TH ST,600,Dry,Stop Sign,Clear,Unknown If Worn
13520589,False,False,,Austin Police Department,True,,,132610433,False,No,0,0,1,1,0,Non-Incapacitating Injury,06:50:00,1,0,2013,Wednesday,Pedalcyclist,,ALLEN ST,Intersection Related,30.25473478,"Dark, Not Lighted",-97.70569247,One Motor Vehicle - Turning Left,,Attention Diverted From Driving,,Not Applicable,False,NONE,,City Street,"Straight, Level",Main/Proper Lane,On Roadway,,30,E 5TH ST,3298,Dry,Stop Sign,Clear,Not Worn
13525679,True,False,,Austin Police Department,False,,,132611515,False,No,0,0,0,1,1,Possible Injury,17:08:00,1,0,2013,Wednesday,Pedalcyclist,,,Non Intersection,,Daylight,,One Motor Vehicle - Turning Right,,One Vehicle Leaving Driveway,,Entrance To Or Exit From Private Property Or Driveway,False,NONE,,Non Trafficway,"Straight, Level",Service/Frontage Road,Not Applicable,,-1,US0183G,NO DATA,Dry,None,Clear,Unknown If Worn
13525681,True,False,,Austin Police Department,False,,,132611575,False,No,0,0,0,0,2,Possible Injury,17:36:00,2,0,2013,Wednesday,Pedalcyclist,,CENTER LINE PASS,Intersection,30.41992877,Daylight,-97.66221822,One Motor Vehicle - Turning Right,,Not Applicable,,Not Applicable,False,NONE,,City Street,"Straight, Level",Main/Proper Lane,On Roadway,,-1,W HOWARD LN,NO DATA,Dry,Stop Sign,Clear,"Worn, Unk Damage"
13727873,True,False,,Austin Police Department,False,,,132610649,False,No,0,1,0,1,0,Incapacitating Injury,08:43:00,1,0,2013,Wednesday,Pedalcyclist,,,Non Intersection,30.35049502,Daylight,-97.67136325,One Motor Vehicle - Going Straight,,Not Applicable,,Not Applicable,False,NONE,,City Street,"Straight, Level",Main/Proper Lane,On Roadway,,-1,DUNGAN LN,1700,Dry,None,Clear,Not Worn
13541339,False,False,,Austin Police Department,True,,,132641319,False,No,0,0,1,2,0,Non-Incapacitating Injury,17:46:00,1,0,2013,Saturday,Pedalcyclist,,E RIVERSIDE DR,Intersection Related,30.22698479,Dusk,-97.70800247,One Motor Vehicle - Going Straight,,Attention Diverted From Driving,,Not Applicable,False,NONE,,City Street,"Straight, Level",Main/Proper Lane,On Roadway,,35,GROVE BLVD,NO DATA,Dry,Crosswalk,Clear,Not Worn
13614622,False,False,,Austin Police Department,True,,,132670580,False,No,0,0,0,1,1,Possible Injury,09:23:00,1,0,2013,Tuesday,Pedalcyclist,,UNKNOWN,Intersection Related,30.26337478,Daylight,-97.74450247,One Motor Vehicle - Turning Right,,Not Applicable,,Not Applicable,False,NONE,,City Street,"Straight, Level",Main/Proper Lane,On Roadway,,-1,W 1ST ST,100,Dry,Crosswalk,Clear,"Worn, Damaged"
13614749,False,False,,Austin Police Department,True,,,132671704,False,No,0,0,0,1,1,Possible Injury,19:46:00,1,0,2013,Tuesday,Pedalcyclist,,UNKNOWN,Intersection,30.3579934,"Dark, Lighted",-97.76286916,One Motor Vehicle - Turning Left,,Not Applicable,,Not Applicable,False,NONE,,City Street,"Straight, Grade",Main/Proper Lane,On Roadway,,35,FAR WEST BLVD,3979,Dry,Center Stripe/Divider,Clear,Unknown If Worn
13620208,True,False,,Austin Police Department,False,,,132680471,False,No,0,0,1,1,0,Non-Incapacitating Injury,07:57:00,1,0,2013,Wednesday,Pedalcyclist,,,Non Intersection,30.2877066,Daylight,-97.74188891,One Motor Vehicle - Going Straight,,Vision Obstructed By Headlight Or Sun Glare,,Not Applicable,False,NONE,,City Street,"Straight, Level",Main/Proper Lane,On Roadway,,30,W 24TH ST,431,Dry,Center Stripe/Divider,Clear,Not Worn
13620212,True,False,,Austin Police Department,True,,,132681219,False,No,0,0,0,2,1,Possible Injury,15:01:00,1,0,2013,Wednesday,Pedalcyclist,,UNKNOWN,Intersection,30.28207915,Daylight,-97.743182,One Motor Vehicle - Turning Left,,Attention Diverted From Driving,,Not Applicable,False,NONE,,City Street,"Straight, Level",Main/Proper Lane,On Roadway,,-1,SAN ANTONIO ST,1901,Dry,None,Clear,Unknown If Worn
13614500,False,False,29839,Austin Police Department,False,29839,2014,132691477,False,No,0,0,0,2,0,Not Injured,17:18:00,0,0,2013,Thursday,Pedalcyclist,State Loop,,Driveway Access,30.35908559,Daylight,-97.69926828,One Motor Vehicle - Going Straight,4,Not Applicable,0,Entrance To Or Exit From Private Property Or Driveway,False,NONE,125,US & State Highways,"Straight, Level",Main/Proper Lane,On Roadway,"4 Or More Lanes, Undivided",45,SL0275,8979,Dry,Marked Lanes,Clear,Unknown If Worn
13627248,False,False,,Austin Police Department,True,,,132702245,False,No,0,0,1,0,0,Non-Incapacitating Injury,23:13:00,1,1,2013,Friday,Pedalcyclist,,CHICON ST,Intersection,30.25710478,"Dark, Lighted",-97.72461247,One Motor Vehicle - Turning Right,,Not Applicable,,Not Applicable,False,NONE,,City Street,"Straight, Hillcrest",Main/Proper Lane,On Roadway,,-1,E CESAR CHAVEZ ST,1898,Dry,Signal Light,Clear,Not Worn
13626942,True,False,,Austin Police Department,False,,,132710356,False,No,0,0,0,2,0,Not Injured,02:52:00,0,0,2013,Saturday,Pedalcyclist,,,Non Intersection,,"Dark, Lighted",,One Motor Vehicle - Going Straight,,Attention Diverted From Driving,,In A Parking Lot,False,NONE,,Non Trafficway,"Straight, Level",Main/Proper Lane,Not Applicable,,-1,E 6TH ST ST,NO DATA,Dry,Other (Explain In Narrative),Clear,Unknown If Worn
13635434,False,False,,Austin Police Department,True,,,132721293,False,No,0,0,1,1,0,Non-Incapacitating Injury,18:18:00,1,0,2013,Sunday,Pedalcyclist,,UNKNOWN,Intersection,30.26658478,Daylight,-97.71144247,One Motor Vehicle - Going Straight,,"Swerved Or Veered-Avoiding Pedestrian, Pedalcyclist, etc. In Road",,Not Applicable,False,NONE,,City Street,"Straight, Level",Main/Proper Lane,On Roadway,,-1,WALTER ST,903,Dry,Stop Sign,Clear,Not Worn
13635438,False,False,,Austin Police Department,True,,,132721598,False,No,0,0,0,0,2,Possible Injury,21:28:00,2,1,2013,Sunday,Pedalcyclist,,UNKNOWN,Intersection Related,30.25260636,"Dark, Lighted",-97.7536775,One Motor Vehicle - Going Straight,,Not Applicable,,Not Applicable,False,NONE,,City Street,"Straight, Level",Main/Proper Lane,On Roadway,,35,S 1ST ST,1183,Dry,Center Stripe/Divider,Clear,"Worn, Unk Damage"
13635438,False,False,,Austin Police Department,True,,,132721598,False,No,0,0,0,0,2,Possible Injury,21:28:00,2,1,2013,Sunday,Pedalcyclist,,UNKNOWN,Intersection Related,30.25260636,"Dark, Lighted",-97.7536775,One Motor Vehicle - Going Straight,,Not Applicable,,Not Applicable,False,NONE,,City Street,"Straight, Level",Main/Proper Lane,On Roadway,,35,S 1ST ST,1183,Dry,Center Stripe/Divider,Clear,"Worn, Unk Damage"
13541349,False,False,,Austin Police Department,False,,,132740642,False,No,0,0,1,1,0,Non-Incapacitating Injury,09:57:00,1,0,2013,Tuesday,Pedalcyclist,,JANEY DR,Intersection,30.33974319,Daylight,-97.74948668,One Motor Vehicle - Turning Right,,Not Applicable,,Not Applicable,False,NONE,,City Street,"Straight, Level",Main/Proper Lane,On Roadway,,30,WHITE ROCK DR,2993,Dry,Yield Sign,Clear,Unknown If Worn
13551236,True,False,,Austin Police Department,False,,,132771895,False,No,0,0,0,1,1,Possible Injury,20:48:00,1,0,2013,Friday,Pedalcyclist,,JAMES ST W,Intersection,30.25108873,"Dark, Lighted",-97.74913232,One Motor Vehicle - Turning Left,,Attention Diverted From Driving,,Not Applicable,False,NONE,,City Street,"Straight, Level",Main/Proper Lane,On Roadway,,40,CONGRESS AVE S,1302,Dry,None,Clear,"Worn, Damaged"
13483669,True,False,,Austin Police Department,True,,,132800597,False,No,0,0,0,1,1,Possible Injury,09:38:00,1,0,2013,Monday,Pedalcyclist,,ROUNDUP TRL,Intersection,30.22977479,Daylight,-97.79628245,One Motor Vehicle - Going Straight,,Not Applicable,,Not Applicable,False,NONE,,City Street,"Straight, Level",Main/Proper Lane,On Roadway,,30,WESTERN TRAILS BLVD,2501,Dry,Yield Sign,Clear,Unknown If Worn
13554912,False,False,,Austin Police Department,True,,,132800171,False,No,0,0,0,1,1,Possible Injury,02:21:00,1,0,2013,Monday,Pedalcyclist,,E 5TH ST,Intersection Related,30.26674478,"Dark, Lighted",-97.74182246,One Motor Vehicle - Going Straight,,Not Applicable,,Not Applicable,False,NONE,,City Street,"Straight, Level",Main/Proper Lane,On Roadway,,30,BRAZOS ST,499,Dry,Signal Light,Clear,Not Worn
13555064,False,False,,Austin Police Department,False,,,132801605,False,No,0,0,1,1,0,Non-Incapacitating Injury,18:56:00,1,0,2013,Monday,Pedalcyclist,,,Non Intersection,,Daylight,,One Motor Vehicle - Backing,,One Vehicle Backward From Parking,,In A Parking Lot,True,NONE,,Non Trafficway,"Straight, Level",Other (Explain In Narrative),Not Applicable,,-1,E US 290 SVRD EB,NO DATA,Dry,None,Clear,Not Worn
13557591,False,False,,Austin Police Department,True,,,132811420,False,No,0,0,1,1,0,Non-Incapacitating Injury,17:15:00,1,0,2013,Tuesday,Pedalcyclist,,ALEXANDER AVE,Intersection,30.28568477,Daylight,-97.71020247,One Motor Vehicle - Turning Left,,Not Applicable,,Not Applicable,False,NONE,,City Street,"Straight, Grade",Main/Proper Lane,On Roadway,,30,MANOR RD,2901,Dry,Marked Lanes,Clear,Not Worn
13577405,True,False,,Austin Police Department,True,,,132811090,False,No,0,0,1,1,0,Non-Incapacitating Injury,14:32:00,1,0,2013,Tuesday,Pedalcyclist,,PECOS ST,Intersection,30.29972477,Daylight,-97.77389245,One Motor Vehicle - Going Straight,,Not Applicable,,Not Applicable,False,NONE,,City Street,"Straight, Level",Main/Proper Lane,On Roadway,,30,WINDSOR RD,3500,Dry,Stop Sign,Clear,"Worn, Not Damaged"
13486787,False,False,,Austin Police Department,False,,,132820925,False,No,0,0,1,1,0,Non-Incapacitating Injury,12:49:00,1,0,2013,Wednesday,Pedalcyclist,,,Non Intersection,,Daylight,,One Motor Vehicle - Going Straight,,Not Applicable,,In A Parking Lot,True,NONE,,Non Trafficway,"Straight, Level",Main/Proper Lane,Not Applicable,,35,BARTON SPRINGS RD,NO DATA,Dry,None,Clear,Unknown If Worn
13488515,False,False,,Austin Police Department,True,,,132820439,False,No,0,0,1,1,0,Non-Incapacitating Injury,08:43:00,1,0,2013,Wednesday,Pedalcyclist,,LONG BOW LN,Intersection,30.23718479,Daylight,-97.75491246,One Motor Vehicle - Turning Right,,Not Applicable,,Not Applicable,False,NONE,,City Street,"Straight, Level",Main/Proper Lane,On Roadway,,35,CONGRESS AVE S,2511,Dry,None,Clear,Unknown If Worn
13558615,False,False,,Austin Police Department,True,,,132820495,False,No,0,0,1,1,0,Non-Incapacitating Injury,08:35:00,1,0,2013,Wednesday,Pedalcyclist,,MEDICAL ARTS ST,Intersection Related,30.28837477,Daylight,-97.72909247,One Motor Vehicle - Turning Right,,Not Applicable,,Not Applicable,False,NONE,,City Street,"Straight, Grade",Main/Proper Lane,On Roadway,,35,E DEAN KEETON ST,824,Dry,Signal Light,Clear,"Worn, Not Damaged"
13558619,False,False,,Austin Police Department,True,,,132821074,False,No,0,0,0,1,1,Possible Injury,14:00:00,1,0,2013,Wednesday,Pedalcyclist,,E 30TH ST,Intersection,30.29172477,Daylight,-97.73424246,One Motor Vehicle - Turning Left,,Not Applicable,,Not Applicable,False,NONE,,City Street,"Straight, Level",Main/Proper Lane,On Roadway,,-1,DUVAL ST,2907,Dry,None,Clear,"Worn, Damaged"
13559529,False,False,,Austin Police Department,False,,,132821547,False,No,0,0,1,2,0,Non-Incapacitating Injury,18:03:00,1,0,2013,Wednesday,Pedalcyclist,,,Driveway Access,30.29661442,Daylight,-97.74203504,One Motor Vehicle - Turning Left,,One Vehicle Entering Driveway,,Entrance To Or Exit From Private Property Or Driveway,False,NONE,,City Street,"Straight, Level",Main/Proper Lane,On Roadway,,35,GUADALUPE ST,2979,Dry,Center Stripe/Divider,Clear,Not Worn
13559531,True,False,,Austin Police Department,False,,,132821607,False,No,0,0,1,1,0,Non-Incapacitating Injury,18:39:00,1,0,2013,Wednesday,Pedalcyclist,,,Driveway Access,30.27816685,Daylight,-97.77267992,One Motor Vehicle - Turning Left,,One Vehicle Entering Driveway,,Entrance To Or Exit From Private Property Or Driveway,False,NONE,,City Street,"Straight, Level",Main/Proper Lane,On Roadway,,-1,LAKE AUSTIN BLVD,2412,Dry,Marked Lanes,Clear,"Worn, Unk Damage"
13517085,False,False,,Austin Police Department,False,,,132831662,False,No,0,0,1,1,0,Non-Incapacitating Injury,18:23:00,1,0,2013,Thursday,Pedalcyclist,,MANCHACA RD,Intersection Related,30.21537129,Daylight,-97.79772779,One Motor Vehicle - Turning Right,,Attention Diverted From Driving,,Not Applicable,False,NONE,,City Street,"Straight, Level",Main/Proper Lane,On Roadway,,35,W STASSNEY LN,NO DATA,Dry,Signal Light With Red Light Running Camera,Clear,Unknown If Worn
13563427,False,False,,Austin Police Department,True,,,132831440,False,No,0,0,0,1,1,Possible Injury,16:43:00,1,0,2013,Thursday,Pedalcyclist,,W 38TH ST,Intersection,30.30274477,Daylight,-97.73815246,One Motor Vehicle - Turning Left,,Not Applicable,,Not Applicable,False,NONE,,City Street,"Straight, Level",Main/Proper Lane,On Roadway,,-1,GUADALUPE ST,3801,Dry,Bike Lane,Clear,Not Worn
13565933,True,False,,Austin Police Department,True,,,132850066,False,No,0,0,0,1,1,Possible Injury,00:26:00,1,0,2013,Saturday,Pedalcyclist,,UNKNOWN,Intersection,30.23414046,"Dark, Lighted",-97.72285964,One Motor Vehicle - Turning Left,,Attention Diverted From Driving,,Not Applicable,False,NONE,,City Street,Unknown,Main/Proper Lane,On Roadway,,35,E RIVERSIDE DR,NO DATA,Dry,Signal Light,Clear,Not Worn
13569744,False,False,,Austin Police Department,False,,,132851195,False,No,0,0,0,2,0,Not Injured,15:21:00,0,0,2013,Saturday,Pedalcyclist,,,Driveway Access,30.27834412,Daylight,-97.77292205,One Motor Vehicle - Going Straight,,One Vehicle Leaving Driveway,,Entrance To Or Exit From Private Property Or Driveway,False,NONE,,City Street,"Straight, Level",Main/Proper Lane,Off Roadway,,35,LAKE AUSTIN BLVD,2453,Dry,None,Clear,Unknown If Worn
13606480,True,False,,Austin Police Department,False,,,132851460,False,No,0,0,1,2,0,Non-Incapacitating Injury,18:46:00,1,0,2013,Saturday,Pedalcyclist,,,Non Intersection,30.25975242,Daylight,-97.74586941,One Motor Vehicle - Going Straight,,Swerved Or Veered-Reason Not Specified,,Not Applicable,False,NONE,,Interstate,"Straight, Grade",Main/Proper Lane,On Roadway,,35,CONGRESS AVE S,209,Dry,Marked Lanes,Clear,Unknown If Worn
13576599,False,False,162940,Austin Police Department,True,162940,2014,132860370,False,No,0,0,0,0,1,Possible Injury,02:47:00,1,1,2013,Sunday,Pedalcyclist,Interstate,E OLTORF ST,Intersection,30.23360863,"Dark, Lighted",-97.74126543,One Motor Vehicle - Going Straight,6,Not Applicable,10,Not Applicable,False,NONE,300,Interstate,"Straight, Level",Service/Frontage Road,On Roadway,"4 Or More Lanes, Divided",55,IH0035,NO DATA,Wet,Signal Light,Rain,Not Worn
13577322,True,False,,Austin Police Department,False,,,132861446,False,No,0,0,0,1,1,Possible Injury,18:23:00,1,0,2013,Sunday,Pedalcyclist,,,Non Intersection,30.30740004,"Dark, Lighted",-97.66965097,One Motor Vehicle - Going Straight,,Not Applicable,,Not Applicable,False,NONE,,City Street,"Straight, Hillcrest",Main/Proper Lane,On Roadway,,35,SPRINGDALE RD,6440,Wet,Marked Lanes,Rain,Not Worn
13596011,False,False,,Austin Police Department,True,,,132871603,False,No,0,0,0,1,1,Possible Injury,21:11:00,1,0,2013,Monday,Pedalcyclist,,W 39TH ST,Intersection,30.31210477,"Dark, Lighted",-97.75259246,One Motor Vehicle - Going Straight,,Not Applicable,,Not Applicable,False,NONE,,City Street,"Straight, Level",Main/Proper Lane,On Roadway,,35,BULL CREEK RD,3901,Dry,Stop Sign,Clear,"Worn, Not Damaged"
13495141,True,False,,Austin Police Department,True,,,132881415,False,No,0,0,0,1,1,Possible Injury,18:07:00,1,0,2013,Tuesday,Pedalcyclist,,HOLLOW CREEK DR,Intersection,30.26150478,Daylight,-97.77524246,One Motor Vehicle - Turning Left,,Not Applicable,,Not Applicable,False,NONE,,City Street,Other (Explain In Narrative),Main/Proper Lane,On Roadway,,35,BARTON HILLS DR,1303,Dry,None,Clear,Unknown If Worn
13598670,False,False,,Austin Police Department,False,,,132880607,False,No,0,0,0,1,1,Possible Injury,10:13:00,1,0,2013,Tuesday,Pedalcyclist,,METRIC BLVD,Intersection Related,30.39832953,Daylight,-97.70446129,One Motor Vehicle - Turning Right,,Not Applicable,,Not Applicable,False,NONE,,City Street,"Straight, Grade",Main/Proper Lane,On Roadway,,35,GRACY FARMS LN,NO DATA,Dry,Signal Light,Cloudy,Not Worn
13637293,False,False,,Austin Police Department,True,,,132911460,False,No,0,0,1,1,0,Non-Incapacitating Injury,16:50:00,1,0,2013,Friday,Pedalcyclist,,BRAZOS ST,Intersection,30.26768478,Daylight,-97.74147246,One Motor Vehicle - Going Straight,,Not Applicable,,Not Applicable,False,NONE,,City Street,"Straight, Level",Main/Proper Lane,On Roadway,,-1,E 6TH ST,198,Dry,Marked Lanes,Clear,Not Worn
13637790,False,False,,Austin Police Department,True,,,132911256,False,No,0,0,0,1,1,Possible Injury,15:08:00,1,0,2013,Friday,Pedalcyclist,,UNKNOWN,Intersection,30.24515478,Daylight,-97.75132246,One Motor Vehicle - Turning Right,,Not Applicable,,Not Applicable,False,NONE,,City Street,Other (Explain In Narrative),Main/Proper Lane,On Roadway,,35,CONGRESS AVE S,1900,Dry,Signal Light,Cloudy,"Worn, Not Damaged"