Crash ID,$1000 Damage to Any One Person's Property,Active School Zone Flag,Adjusted Average Daily Traffic Amount,Agency,At Intersection Flag,Average Daily Traffic Amount,Average Daily Traffic Year,Case ID,Construction Zone Flag,Construction Zone Workers Present Flag,Crash Death Count,Crash Incapacitating Injury Count,Crash Non-incapacitating Injury Count,Crash Not Injured Count,Crash Possible Injury Count,Crash Severity,Crash Time,Crash Total Injury Count,Crash Unknown Injury Count,Crash Year,Day of Week,First Harmful Event,Highway System,Intersecting Street Name,Intersection Related,Latitude,Light Condition,Longitude,Manner of Collision,Number of Lanes,Other Factor,Outside Shoulder Width on Divided Highway,Physical Feature 1,Private Drive Flag,Property Damages,Right of Way Usual Width,Road Class,Roadway Alignment,Roadway Part,Roadway Relation,Roadway Type,Speed Limit,Street Name,Street Number,Surface Condition,Traffic Control Type,Weather Condition,Person Helmet
13640527,False,False,,Austin Police Department,False,,,132920066,False,No,0,0,1,1,0,Non-Incapacitating Injury,01:25:00,1,0,2013,Saturday,Pedalcyclist,,,Non Intersection,,"Dark, Lighted",,One Motor Vehicle - Going Straight,,Not Applicable,,Not Applicable,False,NONE,,City Street,"Straight, Level",Main/Proper Lane,On Roadway,,50,DESSAU RD,NO DATA,Wet,None,Rain,Unknown If Worn
13661206,False,False,,Austin Police Department,True,,,132941154,False,No,0,0,0,1,1,Possible Injury,16:33:00,1,0,2013,Monday,Pedalcyclist,,W 26TH ST,Intersection,30.28978477,Daylight,-97.74140246,One Motor Vehicle - Turning Left,,Not Applicable,,Not Applicable,False,NONE,,City Street,"Straight, Level",Main/Proper Lane,On Roadway,,45,GUADALUPE ST,2525,Dry,Signal Light,Clear,Not Worn
13656050,False,False,,Austin Police Department,True,,,13-2950693,False,No,0,0,1,1,0,Non-Incapacitating Injury,10:45:00,1,0,2013,Tuesday,Pedalcyclist,,E 45TH ST,Intersection,30.30392477,Daylight,-97.71776247,One Motor Vehicle - Going Straight,,Not Applicable,,Not Applicable,False,NONE,,City Street,"Straight, Level",Main/Proper Lane,On Roadway,,35,BENNETT AVE,4501,Dry,Stop Sign,Clear,Not Worn
13650511,False,False,,Austin Police Department,False,,,132960549,False,No,0,0,0,1,1,Possible Injury,08:52:00,1,0,2013,Wednesday,Pedalcyclist,,WELLS BRANCH PKWY W,Intersection Related,30.44016883,Daylight,-97.69782283,One Motor Vehicle - Going Straight,,Not Applicable,,Not Applicable,False,NONE,,US & State Highways,"Straight, Level",Main/Proper Lane,On Roadway,,45,BURNET RD,NO DATA,Dry,Signal Light,Clear,Unknown If Worn
13650522,False,False,44866,Austin Police Department,True,44866,2014,132961503,False,No,0,1,0,1,0,Incapacitating Injury,18:03:00,1,0,2013,Wednesday,Pedalcyclist,State Loop,WAYMAKER WAY,Intersection,30.3276179,Daylight,-97.81115444,One Motor Vehicle - Turning Left,4,Not Applicable,10,Not Applicable,False,NONE,350,US & State Highways,"Straight, Grade",Main/Proper Lane,On Roadway,"4 Or More Lanes, Divided",55,SL0360,NO DATA,Dry,Marked Lanes,Clear,"Worn, Damaged"
13656253,False,False,,Austin Police Department,False,,,132970995,False,No,0,0,0,1,1,Possible Injury,13:33:00,1,0,2013,Thursday,Pedalcyclist,,,Driveway Access,,Daylight,,One Motor Vehicle - Going Straight,,One Vehicle Leaving Driveway,,Entrance To Or Exit From Private Property Or Driveway,False,NONE,,US & State Highways,"Straight, Level",Service/Frontage Road,Off Roadway,,40,US0290E,NO DATA,Dry,Other (Explain In Narrative),Clear,Unknown If Worn
13553957,False,False,,Austin Police Department,False,,,132982041,False,No,0,0,1,1,0,Non-Incapacitating Injury,23:02:00,1,0,2013,Friday,Pedalcyclist,,,Driveway Access,,"Dark, Not Lighted",,One Motor Vehicle - Going Straight,,One Vehicle Leaving Driveway,,Private Drive Or Road,False,NONE,,Non Trafficway,"Curve, Grade",Main/Proper Lane,Not Applicable,,35,BURTON DR DR,NO DATA,Dry,None,Clear,Not Worn
13656038,False,False,,Austin Police Department,True,,,132981974,False,No,0,0,1,3,0,Non-Incapacitating Injury,22:29:00,1,0,2013,Friday,Pedalcyclist,,UNKNOWN,Intersection Related,30.43263196,"Dark, Lighted",-97.65301639,One Motor Vehicle - Going Straight,,Attention Diverted From Driving,,Not Applicable,False,NONE,,City Street,"Straight, Level",Main/Proper Lane,On Roadway,,45,W WELLS BRANCH PKWY,NO DATA,Dry,Signal Light,Clear,Not Worn
13715607,False,False,,Austin Police Department,False,,,133001499,False,No,0,0,0,4,1,Possible Injury,19:14:00,1,0,2013,Sunday,Pedalcyclist,,SPRINGDALE RD,Intersection Related,30.26970975,Dusk,-97.69291726,One Motor Vehicle - Going Straight,,Not Applicable,,Not Applicable,False,NONE,,City Street,"Straight, Level",Main/Proper Lane,On Roadway,,35,MUNSON ST,3797,Dry,Stop Sign,Clear,Not Worn
13528640,False,False,,Austin Police Department,True,,,133010410,False,No,0,0,0,2,0,Not Injured,07:36:00,0,0,2013,Monday,Pedalcyclist,,NUECES ST,Intersection Related,30.28121478,"Dark, Lighted",-97.74413246,One Motor Vehicle - Turning Right,,Not Applicable,,Not Applicable,False,NONE,,City Street,"Straight, Level",Main/Proper Lane,On Roadway,,-1,W 18TH ST,600,Dry,Stop Sign,Cloudy,Unknown If Worn
13529181,False,False,,Austin Police Department,True,,,133020884,False,No,0,0,1,1,0,Non-Incapacitating Injury,12:10:00,1,0,2013,Tuesday,Pedalcyclist,,W 29TH ST,Intersection Related,30.29539477,Daylight,-97.74279246,One Motor Vehicle - Turning Right,,Not Applicable,,Not Applicable,False,NONE,,City Street,"Straight, Level",Main/Proper Lane,On Roadway,,30,GUADALUPE ST,2901,Dry,Signal Light,Clear,"Worn, Not Damaged"
13529251,True,False,,Austin Police Department,True,,,133041784,False,No,0,0,1,1,0,Non-Incapacitating Injury,16:20:00,1,0,2013,Thursday,Pedalcyclist,,W 45TH ST,Intersection,30.31576477,Daylight,-97.74248246,One Motor Vehicle - Turning Left,,Attention Diverted From Driving,,Not Applicable,False,NONE,,City Street,"Straight, Level",Main/Proper Lane,On Roadway,,45,ROSEDALE AVE,4499,Dry,Stop Sign,Clear,Not Worn
13537694,False,False,,Austin Police Department,False,,,133041996,False,No,0,0,1,1,0,Non-Incapacitating Injury,18:00:00,1,0,2013,Thursday,Pedalcyclist,,,Driveway Access,30.25556148,Daylight,-97.70199275,One Motor Vehicle - Turning Left,,One Vehicle Entering Driveway,,Entrance To Or Exit From Private Property Or Driveway,False,NONE,,City Street,"Straight, Level",Main/Proper Lane,Off Roadway,,30,SPRINGDALE RD,NO DATA,Dry,Center Stripe/Divider,Clear,Unknown If Worn
13529180,False,False,34215,Austin Police Department,True,34215,2014,133051809,False,No,0,0,0,1,1,Possible Injury,19:09:00,1,0,2013,Friday,Pedalcyclist,State Loop,SL0360,Intersection,30.24433907,Dusk,-97.78131563,One Motor Vehicle - Turning Right,4,Not Applicable,0,Not Applicable,False,NONE,80,US & State Highways,"Curve, Level",Main/Proper Lane,On Roadway,"4 Or More Lanes, Undivided",35,SL0343,2802,Dry,Signal Light,Clear,Unknown If Worn
13656171,False,False,,Austin Police Department,True,,,133051334,False,No,0,0,1,2,0,Non-Incapacitating Injury,15:15:00,1,0,2013,Friday,Pedalcyclist,,W 37TH ST,Intersection,30.30197477,Daylight,-97.73865246,One Motor Vehicle - Turning Left,,Not Applicable,,Not Applicable,False,NONE,,City Street,"Straight, Level",Main/Proper Lane,On Roadway,,0,GUADALUPE ST,3701,Dry,Marked Lanes,Clear,Not Worn
13557071,False,False,,Austin Police Department,True,,,133061408,False,No,0,0,1,1,0,Non-Incapacitating Injury,17:45:00,1,0,2013,Saturday,Pedalcyclist,,W DITTMAR RD,Intersection Related,30.1838948,Daylight,-97.79261245,One Motor Vehicle - Turning Right,,Attention Diverted From Driving,,Not Applicable,False,NONE,,City Street,"Straight, Level",Main/Proper Lane,On Roadway,,35,S 1ST ST,7901,Dry,Signal Light,Clear,Not Worn
13535804,False,False,,Austin Police Department,False,,,133081259,False,No,0,0,1,1,0,Non-Incapacitating Injury,18:39:00,1,0,2013,Monday,Pedalcyclist,,,Driveway Access,30.25839523,"Dark, Lighted",-97.7497866,One Motor Vehicle - Turning Left,,One Vehicle Entering Driveway,,Entrance To Or Exit From Private Property Or Driveway,False,NONE,,City Street,"Straight, Level",Other (Explain In Narrative),On Roadway,,35,BARTON SPRINGS RD,554,Dry,Bike Lane,Clear,Unknown If Worn
13656079,False,False,,Austin Police Department,False,,,133111456,False,No,0,1,0,1,0,Incapacitating Injury,17:45:00,1,0,2013,Thursday,Pedalcyclist,,,Non Intersection,30.28177012,Daylight,-97.70878173,One Motor Vehicle - Going Straight,,Not Applicable,,Not Applicable,False,NONE,,City Street,"Straight, Grade",Main/Proper Lane,On Roadway,,35,E MARTIN LUTHER KING JR BLVD,2904,Dry,Center Stripe/Divider,Clear,Not Worn
13654566,False,False,,Austin Police Department,False,,,13-3140303,False,No,0,0,1,0,0,Non-Incapacitating Injury,02:35:00,1,1,2013,Sunday,Pedalcyclist,,HENDERSON ST,Intersection Related,30.27118451,"Dark, Lighted",-97.7530653,One Motor Vehicle - Going Straight,,Attention Diverted From Driving,,Not Applicable,False,NONE,,City Street,"Straight, Level",Main/Proper Lane,On Roadway,,35,W 6TH ST,902,Dry,Marked Lanes,Clear,Not Worn
13542853,False,False,,Austin Police Department,False,,,133150028,False,No,0,0,1,2,0,Non-Incapacitating Injury,00:24:00,1,0,2013,Monday,Pedalcyclist,,,Non Intersection,30.25085422,"Dark, Lighted",-97.74922105,One Motor Vehicle - Going Straight,,Vehicle Changing Lanes,,Not Applicable,False,NONE,,City Street,"Straight, Grade",Main/Proper Lane,On Roadway,,45,CONGRESS AVE S,1310,Dry,Marked Lanes,Clear,Unknown If Worn
13548546,False,False,,Austin Police Department,False,,,133161243,False,No,0,0,0,2,0,Not Injured,16:25:00,0,0,2013,Tuesday,Pedalcyclist,,,Driveway Access,,Daylight,,One Motor Vehicle - Going Straight,,One Vehicle Leaving Driveway,,Entrance To Or Exit From Private Property Or Driveway,False,NONE,,Non Trafficway,"Straight, Level",Other (Explain In Narrative),Off Roadway,,45,W SLAUGHTER LN,NO DATA,Dry,None,Clear,Unknown If Worn
13656115,False,False,52868,Austin Police Department,False,52868,2014,133091399,False,No,0,0,1,1,0,Non-Incapacitating Injury,17:33:00,1,0,2013,Friday,Pedalcyclist,Farm To Market,,Driveway Access,30.42022083,"Dark, Lighted",-97.70397439,One Motor Vehicle - Going Straight,6,One Vehicle Leaving Driveway,10,Entrance To Or Exit From Private Property Or Driveway,False,NONE,200,Farm To Market,"Straight, Grade",Main/Proper Lane,On Roadway,"4 Or More Lanes, Divided",55,FM0734,NO DATA,Dry,None,Clear,Not Worn
13574133,False,False,,Austin Police Department,True,,,133202151,False,No,0,0,1,1,0,Non-Incapacitating Injury,23:34:00,1,0,2013,Saturday,Pedalcyclist,,MT VERNON DR,Intersection,30.22176479,"Dark, Not Lighted",-97.77871246,One Motor Vehicle - Turning Left,,Not Applicable,,Not Applicable,False,NONE,,City Street,"Straight, Level",Main/Proper Lane,On Roadway,,25,REDD ST,998,Dry,Stop Sign,Clear,Unknown If Worn
13563286,False,False,,Austin Police Department,True,,,133221701,False,No,0,0,0,1,1,Possible Injury,21:31:00,1,0,2013,Monday,Pedalcyclist,,GUADALUPE ST,Intersection,30.31084477,"Dark, Lighted",-97.73298246,One Motor Vehicle - Turning Left,,Not Applicable,,Not Applicable,False,NONE,,City Street,"Straight, Level",Main/Proper Lane,On Roadway,,35,W 45TH ST,600,Dry,Signal Light,Clear,Unknown If Worn
13563503,False,False,,Austin Police Department,True,,,133221202,False,No,0,0,1,1,0,Non-Incapacitating Injury,15:46:00,1,0,2013,Monday,Pedalcyclist,,GUADALUPE ST,Intersection,30.30113477,Daylight,-97.73918246,One Motor Vehicle - Turning Left,,Not Applicable,,Not Applicable,False,NONE,,City Street,"Straight, Level",Main/Proper Lane,On Roadway,,30,W 35TH ST,600,Dry,Stop Sign,Clear,Unknown If Worn
13577313,False,False,,Austin Police Department,False,,,135053874,False,No,0,1,0,0,0,Incapacitating Injury,12:00:00,1,1,2013,Thursday,Pedalcyclist,,CEDAR BEND DR,Intersection Related,30.40831113,Daylight,-97.69704383,One Motor Vehicle - Turning Right,,Attention Diverted From Driving,,Not Applicable,False,NONE,,City Street,"Straight, Grade",Main/Proper Lane,On Roadway,,-1,METRIC BLVD,NO DATA,Dry,Signal Light,Cloudy,Unknown If Worn
13754063,False,False,,Austin Police Department,True,,,133251212,False,No,0,0,0,1,1,Possible Injury,16:11:00,1,0,2013,Thursday,Pedalcyclist,,ROSEWOOD AVE,Intersection Related,30.26969478,Daylight,-97.71902247,One Motor Vehicle - Turning Left,,Not Applicable,,Not Applicable,False,NONE,,City Street,"Straight, Level",Main/Proper Lane,On Roadway,,35,CHICON ST,NO DATA,Dry,Marked Lanes,Cloudy,"Worn, Not Damaged"
13655723,False,False,,Austin Police Department,True,,,133270858,False,No,0,0,1,3,0,Non-Incapacitating Injury,13:13:00,1,0,2013,Saturday,Pedalcyclist,,GUADALUPE ST,Intersection,30.29890477,Daylight,-97.74059246,One Motor Vehicle - Going Straight,,Attention Diverted From Driving,,Not Applicable,False,NONE,,City Street,"Straight, Level",Main/Proper Lane,On Roadway,,25,W 32ND ST,598,Dry,Stop Sign,Cloudy,Unknown If Worn
13569835,False,False,,Austin Police Department,False,,,133290085,False,No,0,0,0,2,1,Possible Injury,01:22:00,1,0,2013,Monday,Pedalcyclist,,,Non Intersection,30.23675282,"Dark, Lighted",-97.76302186,One Motor Vehicle - Going Straight,,Attention Diverted From Driving,,Not Applicable,False,NONE,,City Street,"Straight, Level",Main/Proper Lane,On Roadway,,35,S 1ST ST,2807,Wet,Marked Lanes,Rain,Not Worn
13705118,False,False,,Austin Police Department,False,,,133311411,False,No,0,0,1,1,0,Non-Incapacitating Injury,18:55:00,1,0,2013,Wednesday,Pedalcyclist,,,Non Intersection,30.29272889,"Dark, Lighted",-97.72587376,One Motor Vehicle - Going Straight,,Not Applicable,,Not Applicable,False,NONE,,City Street,"Straight, Level",Main/Proper Lane,On Roadway,,-1,RED RIVER ST,3402,Dry,None,Clear,Unknown If Worn
13635627,False,False,,Austin Police Department,False,,,133350688,False,No,0,0,1,1,0,Non-Incapacitating Injury,12:06:00,1,0,2013,Sunday,Pedalcyclist,,STONLEIGH PL,Intersection Related,30.18636166,Daylight,-97.75892619,One Motor Vehicle - Turning Left,,Not Applicable,,Not Applicable,False,FRONT RIM OF BICYCLE,,City Street,"Straight, Level",Main/Proper Lane,On Roadway,,35,E WILLIAM CANNON DR,NO DATA,Dry,Signal Light,Clear,Unknown If Worn
13591159,False,False,,Austin Police Department,False,,,133371662,False,No,0,0,0,1,1,Possible Injury,19:02:00,1,0,2013,Tuesday,Pedalcyclist,,,Driveway Access,,"Dark, Lighted",,One Motor Vehicle - Going Straight,,Vision Obstructed By Other Visual Obstructions,,Private Drive Or Road,False,NONE,,Non Trafficway,"Straight, Level",Other (Explain In Narrative),Not Applicable,,35,S CONGRESS AVE,NO DATA,Dry,None,Clear,Unknown If Worn
13604937,True,False,,Austin Police Department,False,,,133371603,False,No,0,0,1,1,0,Non-Incapacitating Injury,18:11:00,1,0,2013,Tuesday,Pedalcyclist,,,Driveway Access,30.32573782,"Dark, Lighted",-97.74060869,One Motor Vehicle - Turning Left,,One Vehicle Entering Driveway,,Entrance To Or Exit From Private Property Or Driveway,False,NONE,,City Street,"Straight, Level",Main/Proper Lane,On Roadway,,35,W NORTH LOOP BLVD,2160,Dry,None,Clear,Unknown If Worn
13720938,False,False,,Austin Police Department,False,,,133480642,False,No,0,0,1,1,0,Non-Incapacitating Injury,09:50:00,1,0,2013,Saturday,Pedalcyclist,,,Driveway Access,,Daylight,,One Motor Vehicle - Going Straight,,One Vehicle Leaving Driveway,,Entrance To Or Exit From Private Property Or Driveway,False,NONE,,Non Trafficway,"Straight, Hillcrest",Main/Proper Lane,Not Applicable,,0,E OLTORF ST,NO DATA,Wet,None,Cloudy,Not Worn
13720743,False,False,,Austin Police Department,False,,,133501048,False,No,0,0,1,0,0,Non-Incapacitating Injury,13:27:00,1,1,2013,Monday,Pedalcyclist,,,Non Intersection,30.26466478,Daylight,-97.74552246,One Motor Vehicle - Backing,,Not Applicable,,Parking Area Within Right Of Way,False,NONE,,City Street,"Straight, Level",Main/Proper Lane,On Roadway,,30,W 2ND ST,200,Dry,None,Clear,Not Worn
13877929,False,False,,Austin Police Department,True,,,133500515,False,No,0,0,1,1,0,Non-Incapacitating Injury,08:48:00,1,0,2013,Monday,Pedalcyclist,,S LAKESHORE BLVD,Intersection Related,30.24477478,Daylight,-97.73052247,One Motor Vehicle - Going Straight,,Attention Diverted From Driving,,Not Applicable,False,NONE,,City Street,"Straight, Level",Entrance/On Ramp,On Roadway,,0,E RIVERSIDE DR,NO DATA,Dry,Crosswalk,Clear,"Worn, Damaged"
14359825,True,False,,Austin Police Department,True,,,133521089,False,No,0,0,0,1,1,Possible Injury,14:20:00,1,0,2013,Wednesday,Pedalcyclist,,LONG BOW LN,Intersection,30.23718479,Daylight,-97.75491246,One Motor Vehicle - Turning Right,,Not Applicable,,Not Applicable,False,NONE,,City Street,"Straight, Level",Main/Proper Lane,On Roadway,,35,CONGRESS AVE S,2511,Dry,Stop Sign,Clear,Unknown If Worn
13715953,False,False,,Austin Police Department,False,,,133571041,False,No,0,0,1,0,0,Non-Incapacitating Injury,15:04:00,1,2,2013,Monday,Pedalcyclist,,RUTLAND DR,Intersection Related,30.37117476,Daylight,-97.70944247,One Motor Vehicle - Going Straight,,Not Applicable,,Not Applicable,False,NONE,,City Street,"Straight, Level",Main/Proper Lane,On Roadway,,40,MOUNTAIN QUAIL RD,9499,Dry,Stop Sign,Clear,Not Worn
13614663,False,False,,Austin Police Department,False,,,133600704,False,No,0,0,1,1,0,Non-Incapacitating Injury,14:13:00,1,0,2013,Thursday,Pedalcyclist,,,Non Intersection,30.15242582,Daylight,-97.8275984,One Motor Vehicle - Going Straight,,Attention Diverted From Driving,,Not Applicable,False,NONE,,City Street,"Straight, Level",Main/Proper Lane,On Roadway,,25,JAMES HALLER DR,11369,Dry,None,Clear,Unknown If Worn
13614674,False,False,,Austin Police Department,True,,,133610780,False,No,0,0,0,1,1,Possible Injury,13:18:00,1,0,2013,Friday,Pedalcyclist,,VINSON DR,Intersection,,Daylight,,One Motor Vehicle - Turning Left,,Not Applicable,,Not Applicable,False,NONE,,City Street,"Straight, Level",Main/Proper Lane,On Roadway,,35,W ST ELMO RD,NO DATA,Dry,Stop Sign,Cloudy,Unknown If Worn
13653661,True,False,,Austin Police Department,True,,,140011642,False,No,0,0,1,1,0,Non-Incapacitating Injury,15:33:00,1,0,2014,Wednesday,Pedalcyclist,,WOODWARD ST,Intersection Related,30.22964479,Daylight,-97.76025246,One Motor Vehicle - Turning Right,,Attention Diverted From Driving,,Not Applicable,False,,,City Street,"Straight, Level",Main/Proper Lane,On Roadway,,-1,S CONGRESS AVE,3401,Dry,Signal Light,Clear,Not Worn
13652693,False,False,,Austin Police Department,True,,,140030986,False,No,0,0,0,1,1,Possible Injury,13:58:00,1,0,2014,Friday,Pedalcyclist,,BROADMOOR DR,Intersection,30.30631477,Daylight,-97.69734247,One Motor Vehicle - Turning Left,,Vision Obstructed By Headlight Or Sun Glare,,Not Applicable,False,,,City Street,"Straight, Hillcrest",Main/Proper Lane,On Roadway,,-1,BERKMAN DR,5299,Dry,Crosswalk,Clear,"Worn, Not Damaged"
13650620,False,False,,Austin Police Department,True,,,140040724,False,No,0,0,1,1,0,Non-Incapacitating Injury,11:29:00,1,0,2014,Saturday,Pedalcyclist,,BRISTOL DR,Intersection,30.31350477,Daylight,-97.68239248,One Motor Vehicle - Going Straight,,Not Applicable,,Not Applicable,False,,,City Street,"Curve, Level",Main/Proper Lane,On Roadway,,30,N HAMPTON DR,6311,Dry,Stop Sign,Clear,Unknown If Worn
13658963,False,False,,Austin Police Department,True,,,140061204,False,No,0,0,1,2,0,Non-Incapacitating Injury,18:11:00,1,0,2014,Monday,Pedalcyclist,,UNKNOWN,Intersection,30.36119554,"Dark, Lighted",-97.76571624,One Motor Vehicle - Going Straight,,Attention Diverted From Driving,,Not Applicable,False,,,City Street,"Straight, Level",Main/Proper Lane,On Roadway,,-1,CIRCLETREE LOOP,4197,Dry,Marked Lanes,Clear,Not Worn
13652787,False,False,,Austin Police Department,False,44866,,140070707,False,No,0,0,1,1,0,Non-Incapacitating Injury,12:24:00,1,0,2014,Tuesday,Pedalcyclist,State Loop,,Driveway Access,30.36969741,Daylight,-97.78802217,One Motor Vehicle - Turning Right,4,One Vehicle Leaving Driveway,10,Entrance To Or Exit From Private Property Or Driveway,False,,291,US & State Highways,"Straight, Grade",Main/Proper Lane,On Roadway,"4 Or More Lanes, Divided",55,SL0360,NO DATA,Dry,None,Clear,"Worn, Not Damaged"
13666042,False,False,,Austin Police Department,False,,,140081256,False,No,0,0,1,1,0,Non-Incapacitating Injury,17:50:00,1,0,2014,Wednesday,Pedalcyclist,,,Driveway Access,30.20292003,Dusk,-97.80750769,One Motor Vehicle - Turning Right,,One Vehicle Entering Driveway,,Entrance To Or Exit From Private Property Or Driveway,False,,,City Street,"Straight, Level",Main/Proper Lane,On Roadway,,35,W WILLIAM CANNON DR,NO DATA,Wet,None,Rain,Unknown If Worn
13647778,False,False,,Austin Police Department,False,,,140091190,False,No,0,0,1,1,0,Non-Incapacitating Injury,16:16:00,1,0,2014,Thursday,Pedalcyclist,,GREAT NORTHERN BLVD,Intersection Related,30.36211923,Daylight,-97.74037874,One Motor Vehicle - Going Straight,,Not Applicable,,Not Applicable,False,,,City Street,"Straight, Level",Main/Proper Lane,On Roadway,,30,SHOAL CREEK BLVD,7933,Dry,Marked Lanes,Cloudy,Not Worn
13653551,False,False,,Austin Police Department,True,148494,,140110279,False,No,0,0,1,0,0,Non-Incapacitating Injury,02:25:00,1,1,2014,Saturday,Pedalcyclist,Interstate,E 6TH ST,Intersection Related,30.26574519,"Dark, Lighted",-97.73465308,One Motor Vehicle - Going Straight,6,Not Applicable,5,Not Applicable,False,,300,Interstate,"Straight, Level",Service/Frontage Road,On Roadway,"4 Or More Lanes, Divided",-1,IH0035,NO DATA,Dry,Signal Light,Clear,Unknown If Worn
13662425,False,False,,Austin Police Department,False,,,140120524,False,No,0,0,1,3,0,Non-Incapacitating Injury,08:50:00,1,0,2014,Sunday,Pedalcyclist,,,Non Intersection,30.32463518,Daylight,-97.72715751,One Motor Vehicle - Going Straight,,Not Applicable,,Not Applicable,False,,,US & State Highways,Unknown,Main/Proper Lane,On Roadway,,45,N LAMAR BLVD,5610,Dry,Marked Lanes,Clear,Not Worn
13668267,False,False,,Austin Police Department,True,,,140150486,False,No,0,0,1,1,0,Non-Incapacitating Injury,08:50:00,1,0,2014,Wednesday,Pedalcyclist,,W 22ND ST,Intersection,30.28520478,Daylight,-97.74492246,One Motor Vehicle - Turning Left,,Not Applicable,,Not Applicable,False,,,City Street,"Straight, Level",Main/Proper Lane,On Roadway,,30,RIO GRANDE ST,2199,Dry,Stop Sign,Clear,Unknown If Worn
13662050,False,False,,Austin Police Department,False,,,140160303,False,No,0,0,1,1,0,Non-Incapacitating Injury,07:04:00,1,0,2014,Thursday,Pedalcyclist,,,Driveway Access,30.42499068,"Dark, Not Lighted",-97.75745077,One Motor Vehicle - Turning Left,,One Vehicle Entering Driveway,,Entrance To Or Exit From Private Property Or Driveway,False,,,City Street,"Straight, Level",Main/Proper Lane,On Roadway,,45,JOLLYVILLE RD,11918,Dry,Bike Lane,Clear,Unknown If Worn
13794801,False,False,,Austin Police Department,True,27085,,140160572,False,No,0,0,1,1,0,Non-Incapacitating Injury,11:41:00,1,0,2014,Thursday,Pedalcyclist,Farm To Market,DAVIS LN,Intersection,30.18593482,Daylight,-97.81631823,One Motor Vehicle - Going Straight,4,Not Applicable,10,Not Applicable,False,,100,Farm To Market,"Straight, Level",Main/Proper Lane,On Roadway,"4 Or More Lanes, Undivided",45,FM2304,8599,Dry,Signal Light,Clear,Unknown If Worn
13668322,False,False,,Austin Police Department,True,,,140171396,False,No,0,0,1,1,0,Non-Incapacitating Injury,17:35:00,1,0,2014,Friday,Pedalcyclist,,UNKNOWN,Intersection Related,30.33038976,Daylight,-97.71562304,One Motor Vehicle - Going Straight,,Not Applicable,,Not Applicable,False,,,City Street,"Straight, Level",Main/Proper Lane,On Roadway,,40,AIRPORT BLVD,6602,Dry,Stop Sign,Clear,Not Worn
13668531,True,False,,Austin Police Department,False,,,140201544,False,No,0,0,1,1,0,Non-Incapacitating Injury,20:40:00,1,0,2014,Monday,Pedalcyclist,,,Non Intersection,,Unknown,,One Motor Vehicle - Going Straight,,One Vehicle Leaving Driveway,,Entrance To Or Exit From Private Property Or Driveway,False,,,Non Trafficway,"Straight, Level",Main/Proper Lane,Not Applicable,,-1,GUADALUPE ST ST,NO DATA,Dry,None,Clear,Not Worn
13671400,False,False,,Austin Police Department,False,,,140211317,False,No,0,0,1,1,0,Non-Incapacitating Injury,17:45:00,1,0,2014,Tuesday,Pedalcyclist,,,Non Intersection,30.28686481,Daylight,-97.74162879,One Motor Vehicle - Going Straight,,Not Applicable,,Not Applicable,False,,,City Street,"Straight, Level",Main/Proper Lane,Off Roadway,,-1,GUADALUPE ST,2335,Dry,Bike Lane,Clear,Unknown If Worn
13683578,False,False,,Austin Police Department,True,,,140250836,False,No,0,0,1,1,0,Non-Incapacitating Injury,13:09:00,1,0,2014,Saturday,Pedalcyclist,,BALCONES DR,Intersection Related,30.34759476,Daylight,-97.75093246,One Motor Vehicle - Going Straight,,Attention Diverted From Driving,,Not Applicable,False,,,City Street,"Curve, Grade",Main/Proper Lane,On Roadway,,-1,N HILLS DR,NO DATA,Dry,Yield Sign,Clear,Unknown If Worn
13679470,True,False,,Austin Police Department,False,,,140312087,False,No,0,0,0,4,0,Not Injured,22:23:00,0,0,2014,Friday,Pedalcyclist,,AINSWORTH ST,Intersection Related,30.20326141,"Dark, Lighted",-97.77534589,One Motor Vehicle - Going Straight,,Not Applicable,,Not Applicable,False,,,City Street,"Straight, Level",Main/Proper Lane,On Roadway,,40,S CONGRESS AVE,5714,Dry,Center Stripe/Divider,Clear,Unknown If Worn
13694235,False,False,,Austin Police Department,False,,,140321020,False,No,0,0,1,1,0,Non-Incapacitating Injury,13:43:00,1,0,2014,Saturday,Pedalcyclist,,,Driveway Access,30.25940259,Daylight,-97.75305883,One Motor Vehicle - Going Straight,,One Vehicle Leaving Driveway,,Entrance To Or Exit From Private Property Or Driveway,False,,,City Street,"Straight, Level",Main/Proper Lane,Off Roadway,,35,BARTON SPRINGS RD,842,Dry,Bike Lane,Cloudy,Not Worn
13688338,True,False,,Austin Police Department,True,,,140330113,False,No,0,0,2,2,0,Non-Incapacitating Injury,00:52:00,2,0,2014,Sunday,Pedalcyclist,,AIRPORT BLVD,Intersection,30.28627477,"Dark, Lighted",-97.70637247,One Motor Vehicle - Going Straight,,Not Applicable,,Not Applicable,False,,,City Street,"Straight, Level",Main/Proper Lane,On Roadway,,-1,MANOR RD,NO DATA,Wet,Signal Light,Rain,Unknown If Worn
13688338,True,False,,Austin Police Department,True,,,140330113,False,No,0,0,2,2,0,Non-Incapacitating Injury,00:52:00,2,0,2014,Sunday,Pedalcyclist,,AIRPORT BLVD,Intersection,30.28627477,"Dark, Lighted",-97.70637247,One Motor Vehicle - Going Straight,,Not Applicable,,Not Applicable,False,,,City Street,"Straight, Level",Main/Proper Lane,On Roadway,,-1,MANOR RD,NO DATA,Wet,Signal Light,Rain,"Worn, Damaged"