Crash ID,$1000 Damage to Any One Person's Property,Active School Zone Flag,Adjusted Average Daily Traffic Amount,Agency,At Intersection Flag,Average Daily Traffic Amount,Average Daily Traffic Year,Case ID,Construction Zone Flag,Construction Zone Workers Present Flag,Crash Death Count,Crash Incapacitating Injury Count,Crash Non-incapacitating Injury Count,Crash Not Injured Count,Crash Possible Injury Count,Crash Severity,Crash Time,Crash Total Injury Count,Crash Unknown Injury Count,Crash Year,Day of Week,First Harmful Event,Highway System,Intersecting Street Name,Intersection Related,Latitude,Light Condition,Longitude,Manner of Collision,Number of Lanes,Other Factor,Outside Shoulder Width on Divided Highway,Physical Feature 1,Private Drive Flag,Property Damages,Right of Way Usual Width,Road Class,Roadway Alignment,Roadway Part,Roadway Relation,Roadway Type,Speed Limit,Street Name,Street Number,Surface Condition,Traffic Control Type,Weather Condition,Person Helmet
14423124,True,False,,Austin Police Department,True,,,141731347,False,No,0,0,2,2,0,Non-Incapacitating Injury,18:25:00,2,0,2014,Sunday,Pedalcyclist,,BARTON SPRINGS RD,Intersection Related,30.26713478,Daylight,-97.77086246,One Motor Vehicle - Turning Right,,Not Applicable,,Not Applicable,False,,,City Street,"Straight, Hillcrest",Main/Proper Lane,On Roadway,,30,STRATFORD DR,2202,Dry,None,Clear,Unknown If Worn
13897882,False,False,,Austin Police Department,False,,,141740729,False,No,0,0,1,0,0,Non-Incapacitating Injury,11:15:00,1,1,2014,Monday,Pedalcyclist,,,Driveway Access,30.27696002,Daylight,-97.75169011,One Motor Vehicle - Turning Right,,One Vehicle Entering Driveway,,Entrance To Or Exit From Private Property Or Driveway,False,,,City Street,"Straight, Grade",Main/Proper Lane,On Roadway,,30,W 12TH ST,1003,Dry,Center Stripe/Divider,Cloudy,"Worn, Damaged"
13899424,False,False,,Austin Police Department,True,,,141760879,False,No,0,0,0,1,1,Possible Injury,12:56:00,1,0,2014,Wednesday,Pedalcyclist,,UNKNOWN,Intersection Related,30.1741048,Daylight,-97.80408245,One Motor Vehicle - Turning Right,,Not Applicable,,Not Applicable,False,,,County Road,"Straight, Grade",Main/Proper Lane,On Roadway,,45,W SLAUGHTER LN,750,Dry,Stop Sign,Clear,Not Worn
13914662,False,False,,Austin Police Department,True,,,141771905,False,No,0,0,0,2,1,Possible Injury,22:11:00,1,0,2014,Thursday,Pedalcyclist,,ANDERSON LN E,Intersection,30.33223476,"Dark, Lighted",-97.68665247,One Motor Vehicle - Going Straight,,Attention Diverted From Driving,,Not Applicable,False,,,City Street,"Straight, Level",Main/Proper Lane,On Roadway,,45,CAMERON RD,NO DATA,Dry,Signal Light,Clear,Not Worn
13906092,False,False,,Austin Police Department,False,,,141781431,False,No,0,0,1,1,0,Non-Incapacitating Injury,17:00:00,1,0,2014,Friday,Pedalcyclist,,,Driveway Access,30.34521524,Daylight,-97.75229487,One Motor Vehicle - Going Straight,,Not Applicable,,Entrance To Or Exit From Private Property Or Driveway,False,,,City Street,"Straight, Hillcrest",Main/Proper Lane,On Roadway,,-1,HART LN,6406,Dry,Marked Lanes,Clear,"Worn, Unk Damage"
13910901,False,False,,Austin Police Department,False,,,141781481,False,No,0,0,1,3,0,Non-Incapacitating Injury,17:29:00,1,0,2014,Friday,Pedalcyclist,,,Non Intersection,30.38375384,Daylight,-97.72403179,One Motor Vehicle - Going Straight,,Slowing/Stopping-For Traffic,,Not Applicable,False,,,City Street,"Straight, Level",Main/Proper Lane,On Roadway,,30,BURNET RD,9927,Dry,None,Clear,Unknown If Worn
13917587,True,False,,Austin Police Department,True,,,141801075,False,No,0,0,0,1,1,Possible Injury,15:52:00,1,0,2014,Sunday,Pedalcyclist,,E LIVE OAK ST,Intersection,,Daylight,,One Motor Vehicle - Going Straight,,Not Applicable,,Not Applicable,False,,,City Street,"Straight, Level",Main/Proper Lane,On Roadway,,35,EAST SIDE DR,NO DATA,Dry,Stop Sign,Clear,Unknown If Worn
13920058,False,False,,Austin Police Department,False,,,141820470,False,No,0,0,1,2,0,Non-Incapacitating Injury,08:20:00,1,0,2014,Tuesday,Pedalcyclist,,AIRPORT BLVD BLVD,Intersection Related,,Daylight,,One Motor Vehicle - Turning Right,,Attention Diverted From Driving,,Not Applicable,False,,,City Street,"Curve, Grade",Main/Proper Lane,On Roadway,,30,TILLERY ST ST,NO DATA,Dry,None,Clear,Not Worn
13920101,True,False,,Austin Police Department,False,,,141820506,False,No,0,0,1,2,0,Non-Incapacitating Injury,08:56:00,1,0,2014,Tuesday,Pedalcyclist,,,Non Intersection,30.26595132,Daylight,-97.76825283,One Motor Vehicle - Going Straight,,Not Applicable,,Not Applicable,False,,,City Street,"Straight, Level",Main/Proper Lane,On Roadway,,-1,BARTON SPRINGS RD,NO DATA,Dry,Flashing Red Light,Clear,Not Worn
13920198,False,False,,Austin Police Department,True,,,141821333,False,No,0,1,1,1,0,Incapacitating Injury,15:51:00,2,0,2014,Tuesday,Pedalcyclist,,CESAR CHAVEZ ST E,Intersection,30.26179478,Daylight,-97.73888246,One Motor Vehicle - Going Straight,,Attention Diverted From Driving,,Not Applicable,False,,,City Street,"Straight, Level",Main/Proper Lane,On Roadway,,35,RED RIVER ST,101,Dry,Signal Light,Clear,"Worn, Not Damaged"
13920198,False,False,,Austin Police Department,True,,,141821333,False,No,0,1,1,1,0,Incapacitating Injury,15:51:00,2,0,2014,Tuesday,Pedalcyclist,,CESAR CHAVEZ ST E,Intersection,30.26179478,Daylight,-97.73888246,One Motor Vehicle - Going Straight,,Attention Diverted From Driving,,Not Applicable,False,,,City Street,"Straight, Level",Main/Proper Lane,On Roadway,,35,RED RIVER ST,101,Dry,Signal Light,Clear,"Worn, Not Damaged"
13918121,False,False,,Austin Police Department,True,,,141831121,False,No,0,0,1,1,0,Non-Incapacitating Injury,14:50:00,1,0,2014,Wednesday,Pedalcyclist,,POQUITO ST ST,Intersection,,Daylight,,One Motor Vehicle - Going Straight,,Not Applicable,,Not Applicable,False,,,City Street,"Straight, Level",Main/Proper Lane,On Roadway,,35,E 21ST ST ST,NO DATA,Dry,Stop Sign,Clear,Not Worn
13918267,False,False,,Austin Police Department,True,,,141831203,False,No,0,0,1,1,0,Non-Incapacitating Injury,15:40:00,1,0,2014,Wednesday,Pedalcyclist,,UNKNOWN,Intersection,30.22707684,Daylight,-97.70789658,One Motor Vehicle - Going Straight,,Attention Diverted From Driving,,Not Applicable,False,,,City Street,"Straight, Level",Main/Proper Lane,On Roadway,,-1,E RIVERSIDE DR,NO DATA,Dry,Signal Light,Clear,Unknown If Worn
13924910,False,False,,Austin Police Department,True,,,141851917,False,No,0,0,0,1,1,Possible Injury,21:28:00,1,0,2014,Friday,Pedalcyclist,,LIVE OAK ST E,Intersection Related,30.24188478,"Dark, Lighted",-97.75251246,One Motor Vehicle - Turning Right,,Not Applicable,,Not Applicable,False,,,City Street,"Straight, Level",Main/Proper Lane,On Roadway,,30,S CONGRESS AVE,2199,Dry,Signal Light,Clear,Not Worn
13930585,False,False,,Austin Police Department,True,,,141852000,False,No,0,0,0,3,0,Not Injured,21:36:00,0,0,2014,Friday,Pedalcyclist,,CONGRESS AVE,Intersection,30.26429478,"Dark, Lighted",-97.74420246,One Motor Vehicle - Turning Left,,Attention Diverted From Driving,,Not Applicable,False,,,City Street,"Straight, Level",Main/Proper Lane,On Roadway,,35,W 2ND ST,100,Dry,Signal Light,Clear,Not Worn
13916816,False,False,,Austin Police Department,True,,,141880937,False,No,0,0,0,2,0,Not Injured,15:20:00,0,0,2014,Saturday,Pedalcyclist,,E 45TH ST,Intersection,30.30863477,Daylight,-97.72841246,One Motor Vehicle - Going Straight,,Not Applicable,,Not Applicable,False,,,City Street,"Straight, Level",Main/Proper Lane,On Roadway,,-1,SPEEDWAY,4499,Dry,Signal Light,Clear,Not Worn
13917092,True,False,,Austin Police Department,False,,,141881307,False,No,0,0,1,1,0,Non-Incapacitating Injury,16:50:00,1,0,2014,Monday,Pedalcyclist,,,Driveway Access,30.42301059,Daylight,-97.72547743,One Motor Vehicle - Backing,,One Vehicle Leaving Driveway,,Entrance To Or Exit From Private Property Or Driveway,False,,,City Street,"Straight, Grade",Other (Explain In Narrative),On Roadway,,35,WYCLIFF LN,12357,Dry,Marked Lanes,Clear,"Worn, Not Damaged"
13933104,False,False,,Austin Police Department,False,,,141961491,False,No,0,0,0,1,1,Possible Injury,19:03:00,1,0,2014,Tuesday,Pedalcyclist,,,Driveway Access,30.41104452,Daylight,-97.7477974,One Motor Vehicle - Turning Right,,One Vehicle Entering Driveway,,Entrance To Or Exit From Private Property Or Driveway,False,,,City Street,"Curve, Level",Main/Proper Lane,Shoulder,,35,JOLLYVILLE RD,11287,Wet,None,Rain,"Worn, Not Damaged"
13948856,False,False,,Austin Police Department,True,180878,,141961467,False,No,0,0,2,0,0,Non-Incapacitating Injury,18:45:00,2,0,2014,Tuesday,Pedalcyclist,Interstate,E 41ST ST,Intersection,30.29754693,Daylight,-97.71796923,One Motor Vehicle - Going Straight,8,Not Applicable,10,Not Applicable,False,,310,Interstate,"Straight, Level",Service/Frontage Road,On Roadway,"4 Or More Lanes, Divided",-1,IH0035,NO DATA,Dry,Signal Light,Cloudy,Not Worn
13961099,False,False,,Austin Police Department,False,,,141960877,False,No,0,0,1,1,0,Non-Incapacitating Injury,12:56:00,1,0,2014,Tuesday,Pedalcyclist,,,Driveway Access,,Daylight,,One Motor Vehicle - Going Straight,,One Vehicle Leaving Driveway,,Entrance To Or Exit From Private Property Or Driveway,False,,,City Street,"Straight, Level",Main/Proper Lane,On Roadway,,-1,S S CONGRESS,NO DATA,Dry,Bike Lane,Cloudy,Not Worn
13935894,True,False,,Austin Police Department,False,,,142001005,False,No,0,0,0,2,1,Possible Injury,13:48:00,1,0,2014,Saturday,Pedalcyclist,,,Driveway Access,30.27180784,Daylight,-97.75387045,One Motor Vehicle - Turning Right,,One Vehicle Entering Driveway,,Entrance To Or Exit From Private Property Or Driveway,False,,,Interstate,"Straight, Level",Other (Explain In Narrative),Off Roadway,,30,N LAMAR BLVD,601,Dry,None,Cloudy,Not Worn
13941040,False,False,,Austin Police Department,False,,,142030933,False,No,0,0,1,1,0,Non-Incapacitating Injury,13:41:00,1,0,2014,Tuesday,Pedalcyclist,,WEST GATE BLVD,Intersection Related,30.22465796,Daylight,-97.8044587,One Motor Vehicle - Going Straight,,Not Applicable,,Not Applicable,False,,,City Street,"Straight, Level",Main/Proper Lane,On Roadway,,30,TAHOE TRL,5298,Dry,Stop Sign,Clear,Unknown If Worn
13963471,False,False,,Austin Police Department,True,,,142031229,False,No,0,0,1,1,0,Non-Incapacitating Injury,16:10:00,1,0,2014,Tuesday,Pedalcyclist,,UNKNOWN,Intersection Related,30.24952826,Daylight,-97.85305073,One Motor Vehicle - Going Straight,,Not Applicable,,Not Applicable,False,,,City Street,"Straight, Level",Main/Proper Lane,On Roadway,,65,SOUTHWEST PKWY,NO DATA,Dry,Stop Sign,Clear,"Worn, Not Damaged"
13963546,False,False,,Austin Police Department,True,,,142031544,False,No,0,0,0,1,1,Possible Injury,19:03:00,1,0,2014,Tuesday,Pedalcyclist,,VETERANS DR,Intersection,30.27767478,Daylight,-97.77185246,One Motor Vehicle - Going Straight,,Not Applicable,,Not Applicable,False,,,City Street,"Straight, Level",Main/Proper Lane,On Roadway,,35,LAKE AUSTIN BLVD,2304,Dry,Signal Light With Red Light Running Camera,Clear,Not Worn
13959235,False,False,,Austin Police Department,True,,,142040803,False,No,0,0,1,1,0,Non-Incapacitating Injury,11:00:00,1,0,2014,Wednesday,Pedalcyclist,,PEARCE LN LN,Intersection Related,,Daylight,,One Motor Vehicle - Turning Right,,Attention Diverted From Driving,,Not Applicable,False,,,City Street,"Straight, Level",Main/Proper Lane,On Roadway,,45,ALOMAR CV CV,NO DATA,Dry,Stop Sign,Cloudy,Not Worn
13945416,False,False,,Austin Police Department,False,,,142051405,False,No,0,0,0,1,1,Possible Injury,18:03:00,1,0,2014,Thursday,Pedalcyclist,,,Driveway Access,30.26184916,Daylight,-97.76139012,One Motor Vehicle - Going Straight,,One Vehicle Leaving Driveway,,Entrance To Or Exit From Private Property Or Driveway,False,,,City Street,"Straight, Level",Main/Proper Lane,Off Roadway,,25,BARTON SPRINGS RD,NO DATA,Dry,Marked Lanes,Clear,Not Worn
13963278,True,False,,Austin Police Department,True,,,142051630,False,No,0,1,0,1,0,Incapacitating Injury,20:08:00,1,0,2014,Thursday,Pedalcyclist,,UNKNOWN,Intersection,30.26743454,Daylight,-97.73685157,One Motor Vehicle - Going Straight,,Not Applicable,,Not Applicable,False,,,City Street,"Straight, Level",Main/Proper Lane,On Roadway,,-1,E 7TH ST,600,Dry,Signal Light,Clear,Not Worn
13983973,True,False,,Austin Police Department,True,,,142051379,False,No,0,0,1,1,0,Non-Incapacitating Injury,17:51:00,1,0,2014,Thursday,Pedalcyclist,,GUADALUPE ST,Intersection,30.29787477,Daylight,-97.74123246,One Motor Vehicle - Turning Left,,Not Applicable,,Not Applicable,False,,,City Street,"Straight, Level",Main/Proper Lane,On Roadway,,35,W 31ST ST,600,Dry,Marked Lanes,Clear,Not Worn
13950780,False,False,,Austin Police Department,False,,,142111126,False,No,0,0,1,1,0,Non-Incapacitating Injury,15:12:00,1,0,2014,Wednesday,Pedalcyclist,Interstate,,Non Intersection,,Daylight,,One Motor Vehicle - Going Straight,,One Vehicle Leaving Driveway,,Private Drive Or Road,False,,,Non Trafficway,"Straight, Level",Service/Frontage Road,Not Applicable,,55,IH0035,NO DATA,Dry,None,Clear,Unknown If Worn
13950799,False,False,,Austin Police Department,True,,,142111321,False,No,0,0,1,2,0,Non-Incapacitating Injury,16:49:00,1,0,2014,Wednesday,Pedalcyclist,,W 27TH ST,Intersection,30.29195477,Daylight,-97.74119246,One Motor Vehicle - Turning Right,,Attention Diverted From Driving,,Not Applicable,False,,,City Street,"Straight, Level",Main/Proper Lane,On Roadway,,-1,GUADALUPE ST,2701,Dry,Signal Light,Clear,"Worn, Not Damaged"
13977392,False,False,,Austin Police Department,True,22613,,142110990,False,No,0,0,1,1,0,Non-Incapacitating Injury,13:39:00,1,0,2014,Wednesday,Pedalcyclist,State Loop,SAN JACINTO BLVD,Intersection,30.26275123,Daylight,-97.74211261,One Motor Vehicle - Turning Right,4,Not Applicable,10,Not Applicable,False,,80,US & State Highways,"Straight, Level",Main/Proper Lane,On Roadway,"4 Or More Lanes, Undivided",30,SL0343,298,Dry,Signal Light,Clear,Not Worn
13976497,False,False,,Austin Police Department,True,,,142131180,False,No,0,0,1,0,0,Non-Incapacitating Injury,12:45:00,1,1,2014,Friday,Pedalcyclist,,AIRPORT BLVD,Intersection Related,30.27684478,Daylight,-97.70032247,One Motor Vehicle - Turning Left,,Not Applicable,,Not Applicable,False,,,City Street,"Straight, Grade",Main/Proper Lane,On Roadway,,30,E 12TH ST,3199,Dry,Signal Light,Cloudy,Not Worn
13976550,False,False,,Austin Police Department,False,,,142131373,False,No,0,0,1,1,0,Non-Incapacitating Injury,16:12:00,1,0,2014,Friday,Pedalcyclist,,,Non Intersection,,Daylight,,One Motor Vehicle - Going Straight,,Not Applicable,,In A Parking Lot,True,,,Non Trafficway,"Straight, Level",Main/Proper Lane,Not Applicable,,-1,E E 7TH ST ST,NO DATA,Dry,None,Clear,Not Worn
13984331,False,False,,Austin Police Department,False,,,142160176,False,No,0,0,0,2,1,Possible Injury,02:24:00,1,0,2014,Monday,Pedalcyclist,,AIRPORT BLVD BLVD,Intersection Related,,"Dark, Lighted",,One Motor Vehicle - Turning Right,,Not Applicable,,Not Applicable,False,,,Interstate,"Curve, Grade",Service/Frontage Road,On Roadway,,-1,IH0035I,NO DATA,Dry,None,Clear,Not Worn
13965682,False,False,,Austin Police Department,False,,,142181762,False,No,0,0,1,1,0,Non-Incapacitating Injury,21:19:00,1,0,2014,Wednesday,Pedalcyclist,,,Driveway Access,,"Dark, Lighted",,One Motor Vehicle - Turning Left,,One Vehicle Leaving Driveway,,Entrance To Or Exit From Private Property Or Driveway,True,,,Non Trafficway,"Straight, Level",Main/Proper Lane,Not Applicable,,35,W BARTON SPRINGS RD,NO DATA,Dry,Stop Sign,Clear,Unknown If Worn
13984475,False,False,,Austin Police Department,True,,,142181261,False,No,0,0,1,1,0,Non-Incapacitating Injury,16:09:00,1,0,2014,Wednesday,Pedalcyclist,,E 8TH ST,Intersection,30.26925478,Daylight,-97.73972246,One Motor Vehicle - Turning Right,,Not Applicable,,Not Applicable,False,,,City Street,"Straight, Level",Main/Proper Lane,On Roadway,,35,SAN JACINTO BLVD,799,Dry,Signal Light,Clear,"Worn, Not Damaged"
13965835,True,False,,Austin Police Department,False,,,142201509,False,No,0,1,0,2,0,Incapacitating Injury,18:00:00,1,0,2014,Friday,Pedalcyclist,,,Non Intersection,30.20938798,Daylight,-97.78480175,One Motor Vehicle - Going Straight,,Not Applicable,,Not Applicable,False,,,City Street,"Straight, Level",Main/Proper Lane,On Roadway,,45,W STASSNEY LN,NO DATA,Dry,None,Clear,Unknown If Worn
13990672,False,False,,Austin Police Department,False,,,142201029,False,No,0,0,0,1,1,Possible Injury,13:35:00,1,0,2014,Friday,Pedalcyclist,,MANCHACA RD,Intersection Related,30.22346759,Daylight,-97.79241895,One Motor Vehicle - Turning Right,,Attention Diverted From Driving,,Not Applicable,False,,,City Street,"Straight, Level",Main/Proper Lane,On Roadway,,35,LANSING DR,4802,Dry,Crosswalk,Clear,Unknown If Worn
13990790,True,False,,Austin Police Department,True,,,142201658,False,No,0,1,0,1,0,Incapacitating Injury,19:07:00,1,0,2014,Friday,Pedalcyclist,,WEST AVE,Intersection,30.28283478,Daylight,-97.74587246,One Motor Vehicle - Turning Left,,Not Applicable,,Not Applicable,False,,,City Street,"Straight, Level",Main/Proper Lane,On Roadway,,30,MARTIN LUTHER KING BLVD W,704,Dry,None,Clear,Unknown If Worn
13965963,False,False,,Austin Police Department,True,,,142211411,False,No,0,0,0,1,1,Possible Injury,19:19:00,1,0,2014,Saturday,Pedalcyclist,,PEACH TREE ST,Intersection,30.25439478,Daylight,-97.77229246,One Motor Vehicle - Turning Right,,Not Applicable,,Not Applicable,False,,,City Street,"Straight, Level",Main/Proper Lane,On Roadway,,30,BLUEBONNET LN,1711,Dry,Bike Lane,Clear,Unknown If Worn
13992351,False,False,,Austin Police Department,False,,,142220784,False,No,0,0,2,1,0,Non-Incapacitating Injury,10:58:00,2,0,2014,Sunday,Pedalcyclist,,,Non Intersection,30.27237511,Daylight,-97.70763701,One Motor Vehicle - Going Straight,,Attention Diverted From Driving,,Not Applicable,False,,,City Street,"Straight, Grade",Other (Explain In Narrative),Off Roadway,,30,ROSEWOOD AVE,2521,Dry,Bike Lane,Clear,Not Worn
13992351,False,False,,Austin Police Department,False,,,142220784,False,No,0,0,2,1,0,Non-Incapacitating Injury,10:58:00,2,0,2014,Sunday,Pedalcyclist,,,Non Intersection,30.27237511,Daylight,-97.70763701,One Motor Vehicle - Going Straight,,Attention Diverted From Driving,,Not Applicable,False,,,City Street,"Straight, Grade",Other (Explain In Narrative),Off Roadway,,30,ROSEWOOD AVE,2521,Dry,Bike Lane,Clear,Not Worn
13972151,False,False,,Austin Police Department,False,,,142250832,False,No,0,0,1,2,0,Non-Incapacitating Injury,12:15:00,1,0,2014,Wednesday,Pedalcyclist,,,Driveway Access,,Daylight,,One Motor Vehicle - Going Straight,,One Vehicle Leaving Driveway,,Entrance To Or Exit From Private Property Or Driveway,False,,,City Street,"Straight, Level",Main/Proper Lane,On Roadway,,45,MANCHACA RD RD,NO DATA,Dry,None,Clear,Not Worn
13980076,False,False,,Austin Police Department,False,,,142260580,False,No,0,0,0,1,1,Possible Injury,09:33:00,1,0,2014,Thursday,Pedalcyclist,,,Driveway Access,30.31282477,Daylight,-97.73164246,One Motor Vehicle - Turning Right,,One Vehicle Entering Driveway,,Entrance To Or Exit From Private Property Or Driveway,False,,,City Street,"Straight, Level",Main/Proper Lane,On Roadway,,35,GUADALUPE ST,4600,Dry,Marked Lanes,Clear,"Worn, Not Damaged"
14002367,False,False,,Austin Police Department,True,,,142261190,False,No,0,0,1,1,0,Non-Incapacitating Injury,10:05:00,1,0,2014,Thursday,Pedalcyclist,,SAN JACINTO BLVD BLVD,Intersection,,Daylight,,One Motor Vehicle - Turning Right,,Not Applicable,,Not Applicable,False,,,City Street,"Straight, Level",Main/Proper Lane,On Roadway,,35,E E DEAN KEETON ST ST,NO DATA,Dry,Signal Light,Clear,Unknown If Worn
14011880,False,False,,Austin Police Department,False,,,142260712,False,No,0,0,0,1,1,Possible Injury,11:05:00,1,0,2014,Thursday,Pedalcyclist,,,Driveway Access,30.31378839,Daylight,-97.70404092,One Motor Vehicle - Turning Left,,One Vehicle Entering Driveway,,Entrance To Or Exit From Private Property Or Driveway,False,,,City Street,"Straight, Level",Main/Proper Lane,Off Roadway,,30,CAMERON RD,5603,Dry,Bike Lane,Clear,"Worn, Not Damaged"
14004467,True,False,,Austin Police Department,True,,,142271677,False,No,0,1,0,0,0,Incapacitating Injury,19:04:00,1,1,2014,Friday,Pedalcyclist,,MANOR RD,Intersection,30.28376478,Daylight,-97.72220247,One Motor Vehicle - Turning Left,,Not Applicable,,Not Applicable,False,,,City Street,"Curve, Grade",Main/Proper Lane,On Roadway,,-1,LAFAYETTE AVE,2301,Dry,Signal Light,Clear,"Worn, Not Damaged"
14004508,False,False,,Austin Police Department,False,,,142272152,False,No,0,0,0,2,0,Not Injured,22:47:00,0,1,2014,Friday,Pedalcyclist,,,Non Intersection,30.26634172,"Dark, Lighted",-97.74609267,One Motor Vehicle - Going Straight,,Not Applicable,,Not Applicable,False,,,City Street,"Straight, Hillcrest",Main/Proper Lane,On Roadway,,-1,LAVACA ST,341,Dry,Signal Light,Clear,Not Worn
14004508,False,False,,Austin Police Department,False,,,142272152,False,No,0,0,0,2,0,Not Injured,22:47:00,0,1,2014,Friday,Pedalcyclist,,,Non Intersection,30.26634172,"Dark, Lighted",-97.74609267,One Motor Vehicle - Going Straight,,Not Applicable,,Not Applicable,False,,,City Street,"Straight, Hillcrest",Main/Proper Lane,On Roadway,,-1,LAVACA ST,341,Dry,Signal Light,Clear,Not Worn
13978950,False,False,,Austin Police Department,True,,,142280647,False,No,0,0,1,1,0,Non-Incapacitating Injury,09:10:00,1,0,2014,Saturday,Pedalcyclist,,SAN JACINTO BLVD,Intersection Related,30.27616478,Daylight,-97.73712246,One Motor Vehicle - Going Straight,,Not Applicable,,Not Applicable,False,,,City Street,"Straight, Grade",Main/Proper Lane,On Roadway,,35,E 15TH ST,NO DATA,Dry,Signal Light,Clear,Not Worn
14665678,True,False,,Austin Police Department,True,34215,,142300447,False,No,0,1,0,1,0,Incapacitating Injury,08:55:00,1,0,2014,Monday,Pedalcyclist,State Loop,BARTON SKWY,Intersection Related,30.24361875,Daylight,-97.7823153,One Motor Vehicle - Going Straight,4,Attention Diverted From Driving,0,Not Applicable,False,,100,US & State Highways,"Straight, Level",Main/Proper Lane,On Roadway,"4 Or More Lanes, Undivided",35,SL0343,2899,Dry,Signal Light,Clear,Unknown If Worn
13982042,True,False,,Austin Police Department,False,,,142310883,False,No,0,0,0,3,0,Not Injured,12:56:00,0,0,2014,Tuesday,Pedalcyclist,,,Non Intersection,30.27993078,Daylight,-97.74224059,One Motor Vehicle - Turning Right,,Attention Diverted From Driving,,Alley,False,,,City Street,"Straight, Level",Main/Proper Lane,On Roadway,,-1,GUADALUPE ST,1702,Dry,Bike Lane,Clear,Not Worn
14022847,True,False,,Austin Police Department,True,,,142332241,False,No,0,0,1,3,0,Non-Incapacitating Injury,23:15:00,1,0,2014,Thursday,Pedalcyclist,,,Driveway Access,30.23765478,"Dark, Lighted",-97.72573247,One Motor Vehicle - Turning Left,,One Vehicle Entering Driveway,,Entrance To Or Exit From Private Property Or Driveway,False,,,City Street,"Straight, Level",Main/Proper Lane,Off Roadway,,35,E RIVERSIDE DR,NO DATA,Dry,Crosswalk,Clear,Not Worn
14001220,True,False,,Austin Police Department,True,,,142380452,False,No,0,0,1,1,0,Non-Incapacitating Injury,08:04:00,1,0,2014,Tuesday,Pedalcyclist,,UNKNOWN,Intersection Related,30.40673475,Daylight,-97.67974247,One Motor Vehicle - Going Straight,,Attention Diverted From Driving,,Not Applicable,False,,,City Street,"Straight, Level",Main/Proper Lane,On Roadway,,30,BLUESTONE CIR,12400,Dry,Stop Sign,Clear,Unknown If Worn
14031720,False,False,,Austin Police Department,False,33647,,142381365,False,No,0,0,1,1,0,Non-Incapacitating Injury,17:08:00,1,0,2014,Tuesday,Pedalcyclist,State Loop,,Non Intersection,30.26336868,Daylight,-97.75758911,One Motor Vehicle - Going Straight,6,Attention Diverted From Driving,0,Not Applicable,False,,120,US & State Highways,"Straight, Level",Main/Proper Lane,On Roadway,"4 Or More Lanes, Divided",35,SL0343,NO DATA,Dry,Marked Lanes,Clear,Not Worn
14034650,True,False,,Austin Police Department,True,,,142390305,False,No,0,1,0,1,0,Incapacitating Injury,06:13:00,1,0,2014,Wednesday,Pedalcyclist,,ELMONT DR,Intersection,30.23876478,"Dark, Lighted",-97.71957247,One Motor Vehicle - Going Straight,,Not Applicable,,Not Applicable,False,,,City Street,"Straight, Level",Main/Proper Lane,On Roadway,,-1,S PLEASANT VALLEY RD,1403,Dry,Signal Light,Clear,"Worn, Damaged"
13995131,False,False,,Austin Police Department,True,,,142400892,False,No,0,0,1,1,0,Non-Incapacitating Injury,12:36:00,1,0,2014,Thursday,Pedalcyclist,,UNKNOWN,Intersection Related,30.21655478,Daylight,-97.75391247,One Motor Vehicle - Going Straight,,Not Applicable,,Not Applicable,False,,,City Street,"Straight, Level",Main/Proper Lane,On Roadway,,30,SANTIAGO ST,4100,Dry,Marked Lanes,Clear,Unknown If Worn
14039282,False,False,,Austin Police Department,True,,,142430099,False,No,0,0,0,2,0,Not Injured,00:45:00,0,0,2014,Sunday,Pedalcyclist,,UNKNOWN,Intersection Related,30.26932478,"Dark, Lighted",-97.74736246,One Motor Vehicle - Turning Left,,Attention Diverted From Driving,,Not Applicable,False,,,City Street,"Straight, Level",Main/Proper Lane,On Roadway,,-1,W 6TH ST,500,Dry,Signal Light,Clear,Not Worn
14045121,False,False,,Austin Police Department,False,,,142431890,False,No,0,0,1,3,0,Non-Incapacitating Injury,22:55:00,1,0,2014,Sunday,Pedalcyclist,,,Non Intersection,30.26201345,"Dark, Lighted",-97.72347464,One Motor Vehicle - Going Straight,,Open Door Or Object Projecting From Vehicle,,Not Applicable,False,,,City Street,"Straight, Level",Main/Proper Lane,On Roadway,,30,E 6TH ST,1800,Dry,Marked Lanes,Clear,Unknown If Worn
13999581,True,False,,Austin Police Department,False,,,142440661,False,No,0,0,0,2,1,Possible Injury,10:57:00,1,0,2014,Monday,Pedalcyclist,,,Driveway Access,30.24863284,Daylight,-97.75002601,One Motor Vehicle - Turning Left,,One Vehicle Entering Driveway,,Entrance To Or Exit From Private Property Or Driveway,False,,,City Street,"Straight, Hillcrest",Main/Proper Lane,On Roadway,,35,CONGRESS AVE S,1527,Dry,Marked Lanes,Clear,"Worn, Unk Damage"
14001340,True,False,,Austin Police Department,False,,,142451715,False,No,0,0,1,1,0,Non-Incapacitating Injury,19:50:00,1,0,2014,Tuesday,Pedalcyclist,,,Driveway Access,30.39992285,"Dark, Lighted",-97.74917116,One Motor Vehicle - Going Straight,,One Vehicle Entering Driveway,,Entrance To Or Exit From Private Property Or Driveway,False,,,City Street,"Straight, Level",Main/Proper Lane,Off Roadway,,40,JOLLYVILLE RD,10613,Dry,Bike Lane,Clear,Unknown If Worn