Crash ID,$1000 Damage to Any One Person's Property,Active School Zone Flag,Adjusted Average Daily Traffic Amount,Agency,At Intersection Flag,Average Daily Traffic Amount,Average Daily Traffic Year,Case ID,Construction Zone Flag,Construction Zone Workers Present Flag,Crash Death Count,Crash Incapacitating Injury Count,Crash Non-incapacitating Injury Count,Crash Not Injured Count,Crash Possible Injury Count,Crash Severity,Crash Time,Crash Total Injury Count,Crash Unknown Injury Count,Crash Year,Day of Week,First Harmful Event,Highway System,Intersecting Street Name,Intersection Related,Latitude,Light Condition,Longitude,Manner of Collision,Number of Lanes,Other Factor,Outside Shoulder Width on Divided Highway,Physical Feature 1,Private Drive Flag,Property Damages,Right of Way Usual Width,Road Class,Roadway Alignment,Roadway Part,Roadway Relation,Roadway Type,Speed Limit,Street Name,Street Number,Surface Condition,Traffic Control Type,Weather Condition,Person Helmet
14049535,False,False,,Austin Police Department,True,,,142451522,False,No,0,0,0,1,1,Possible Injury,18:20:00,1,0,2014,Tuesday,Pedalcyclist,,ARBOR LN,Intersection Related,30.21059479,Daylight,-97.77976246,One Motor Vehicle - Going Straight,,Not Applicable,,Not Applicable,False,,,City Street,"Straight, Grade",Other (Explain In Narrative),On Roadway,,35,S 1ST ST,5399,Wet,Stop Sign,Rain,Unknown If Worn
14004102,False,False,,Austin Police Department,False,,,142460404,False,No,0,0,1,1,0,Non-Incapacitating Injury,08:31:00,1,0,2014,Wednesday,Pedalcyclist,,,Non Intersection,,Daylight,,One Motor Vehicle - Going Straight,,One Vehicle Leaving Driveway,,Private Drive Or Road,True,,,Non Trafficway,"Straight, Level",Other (Explain In Narrative),Not Applicable,,-1,RUTLAND DR,NO DATA,Dry,None,Clear,Not Worn
14008015,False,False,,Austin Police Department,True,,,142470509,False,No,0,0,0,0,1,Possible Injury,08:33:00,1,0,2014,Thursday,Pedalcyclist,,UNKNOWN,Intersection Related,30.22742479,Daylight,-97.77963246,One Motor Vehicle - Going Straight,,Not Applicable,,Not Applicable,False,,,US & State Highways,"Straight, Hillcrest",Main/Proper Lane,On Roadway,,30,BANISTER LN,4200,Dry,Signal Light,Clear,"Worn, Not Damaged"
14012416,False,False,,Austin Police Department,False,,,142471747,False,No,0,1,0,1,0,Incapacitating Injury,20:41:00,1,0,2014,Thursday,Pedalcyclist,,,Non Intersection,,Daylight,,One Motor Vehicle - Other,,Open Door Or Object Projecting From Vehicle,,Not Applicable,False,,,City Street,"Straight, Grade",Main/Proper Lane,On Roadway,,30,6700 WALEBRIDGE LN,NO DATA,Dry,None,Clear,Unknown If Worn
14044273,True,False,,Austin Police Department,True,,,142471070,False,No,0,1,0,1,0,Incapacitating Injury,14:16:00,1,0,2014,Thursday,Pedalcyclist,,DUVAL ST,Intersection,30.29172477,Daylight,-97.73424246,One Motor Vehicle - Turning Left,,Not Applicable,,Not Applicable,False,,,City Street,"Straight, Grade",Main/Proper Lane,On Roadway,,-1,E 30TH ST,498,Dry,Stop Sign,Cloudy,Not Worn
14068562,False,False,,"Department Of Public Safety, State Of Texas",True,,,,False,No,0,0,0,1,1,Possible Injury,13:45:00,1,0,2014,Thursday,Pedalcyclist,,N CONGRESS AVE,Intersection,30.28063478,Daylight,-97.73808246,One Motor Vehicle - Turning Right,,Attention Diverted From Driving,,Not Applicable,False,,,City Street,"Straight, Level",Main/Proper Lane,On Roadway,,30,W MARTIN LUTHER KING JR BLVD,NO DATA,Dry,Signal Light,Clear,Not Worn
14008063,False,False,,Austin Police Department,True,,,142480675,False,No,0,0,1,1,0,Non-Incapacitating Injury,09:57:00,1,0,2014,Friday,Pedalcyclist,,W DEAN KEETON ST,Intersection,30.28978477,Daylight,-97.74140246,One Motor Vehicle - Turning Right,,Not Applicable,,Not Applicable,False,,,City Street,"Straight, Level",Main/Proper Lane,On Roadway,,30,GUADALUPE ST,2525,Dry,Bike Lane,Clear,Not Worn
14045209,False,False,,Austin Police Department,False,,,142480651,False,No,0,1,0,2,0,Incapacitating Injury,09:46:00,1,0,2014,Friday,Pedalcyclist,,,Non Intersection,30.29548811,Daylight,-97.73994914,One Motor Vehicle - Backing,,Not Applicable,,Not Applicable,False,,,City Street,"Straight, Level",Other (Explain In Narrative),On Roadway,,30,W 30TH ST,371,Dry,Center Stripe/Divider,Cloudy,Unknown If Worn
14052061,False,False,,Austin Police Department,True,,,142490572,False,No,0,0,1,1,0,Non-Incapacitating Injury,08:57:00,1,0,2014,Saturday,Pedalcyclist,,ISLAND OAK DR,Intersection,30.1574348,Daylight,-97.80037245,One Motor Vehicle - Going Straight,,Attention Diverted From Driving,,Not Applicable,False,,,City Street,"Straight, Level",Main/Proper Lane,On Roadway,,45,S 1ST ST,NO DATA,Dry,Marked Lanes,Clear,"Worn, Unk Damage"
14027782,False,False,,Austin Police Department,False,,,142531607,False,No,0,0,1,3,0,Non-Incapacitating Injury,19:17:00,1,0,2014,Wednesday,Pedalcyclist,,RIO GRANDE ST,Intersection Related,30.2879324,Daylight,-97.74460083,One Motor Vehicle - Going Straight,,Vision Obstructed By Headlight Or Sun Glare,,Not Applicable,False,,,City Street,"Straight, Level",Main/Proper Lane,On Roadway,,30,W 24TH ST,695,Dry,Signal Light,Unknown,"Worn, Unk Damage"
14056057,False,False,,Austin Police Department,True,,,142531683,False,No,0,0,0,1,1,Possible Injury,20:03:00,1,0,2014,Wednesday,Pedalcyclist,,S PLEASANT VALLEY RD,Intersection Related,30.24247478,"Dark, Lighted",-97.71723247,One Motor Vehicle - Turning Left,,Not Applicable,,Not Applicable,False,,,City Street,"Straight, Level",Main/Proper Lane,On Roadway,,35,S LAKESHORE BLVD,2598,Dry,Signal Light,Clear,"Worn, Not Damaged"
14056074,False,False,,Austin Police Department,False,,,142531407,False,No,0,0,1,1,0,Non-Incapacitating Injury,17:33:00,1,0,2014,Wednesday,Pedalcyclist,,,Non Intersection,,Daylight,,One Motor Vehicle - Going Straight,,Attention Diverted From Driving,,In A Parking Lot,False,,,Non Trafficway,"Straight, Level",Main/Proper Lane,Not Applicable,,-1,S CONGRESS AVE,NO DATA,Dry,None,Clear,Not Worn
14016987,False,False,,Austin Police Department,True,,,142540847,False,No,0,0,1,0,0,Non-Incapacitating Injury,08:30:00,1,1,2014,Thursday,Pedalcyclist,,MC KALLA PL,Intersection,,Daylight,,One Motor Vehicle - Going Straight,,Not Applicable,,Not Applicable,False,,,City Street,"Straight, Level",Main/Proper Lane,On Roadway,,30,RUTLAND DR,NO DATA,Dry,None,Clear,Unknown If Worn
14037187,False,False,,Austin Police Department,True,,,142541839,False,No,0,0,0,0,1,Possible Injury,21:55:00,1,0,2014,Thursday,Pedalcyclist,,E 53RD ST,Intersection Related,30.31402477,"Dark, Lighted",-97.71502247,One Motor Vehicle - Going Straight,,Not Applicable,,Not Applicable,False,,,City Street,"Straight, Grade",Main/Proper Lane,On Roadway,,35,AIRPORT BLVD,5299,Dry,Signal Light,Clear,"Worn, Damaged"
14052840,False,False,,Austin Police Department,True,,,142551830,False,No,0,0,1,1,0,Non-Incapacitating Injury,18:00:00,1,0,2014,Friday,Pedalcyclist,,UNKNOWN,Intersection,30.30059477,Daylight,-97.75916246,One Motor Vehicle - Turning Left,,Attention Diverted From Driving,,Not Applicable,False,,,City Street,"Straight, Level",Main/Proper Lane,On Roadway,,-1,WESTOVER RD,2100,Wet,Marked Lanes,Rain,Unknown If Worn
14056226,True,False,,Austin Police Department,True,,,142591343,False,No,0,0,1,1,0,Non-Incapacitating Injury,17:02:00,1,0,2014,Tuesday,Pedalcyclist,,GUADALUPE ST,Intersection Related,30.30639477,Daylight,-97.73586245,One Motor Vehicle - Turning Left,,Not Applicable,,Not Applicable,False,,,City Street,"Straight, Level",Other (Explain In Narrative),On Roadway,,35,W 41ST ST,598,Dry,Signal Light,Clear,Not Worn
14026258,False,False,,Austin Police Department,True,,,142600874,False,No,0,0,1,1,0,Non-Incapacitating Injury,12:08:00,1,0,2014,Wednesday,Pedalcyclist,,WEST AVE,Intersection,30.27908478,Daylight,-97.74728246,One Motor Vehicle - Going Straight,,Not Applicable,,Not Applicable,False,,,City Street,"Straight, Hillcrest",Main/Proper Lane,On Roadway,,35,W 15TH ST,NO DATA,Dry,Signal Light,Clear,"Worn, Unk Damage"
14056481,True,False,,Austin Police Department,False,,,142620959,False,No,0,1,0,5,0,Incapacitating Injury,12:43:00,1,0,2014,Friday,Pedalcyclist,,,Non Intersection,30.26172705,Daylight,-97.69216647,One Motor Vehicle - Going Straight,,Not Applicable,,Not Applicable,False,,,County Road,"Straight, Level",Main/Proper Lane,On Roadway,,30,SHADY LN,1122,Dry,Marked Lanes,Cloudy,Not Worn
14053248,True,False,,Austin Police Department,False,,,142631108,False,No,0,0,1,1,0,Non-Incapacitating Injury,15:04:00,1,0,2014,Saturday,Pedalcyclist,,,Non Intersection,,Daylight,,One Motor Vehicle - Going Straight,,One Vehicle Leaving Driveway,,In A Parking Lot,True,,,Non Trafficway,"Straight, Level",Other (Explain In Narrative),Not Applicable,,40,MANCHACA RD,NO DATA,Dry,None,Clear,Not Worn
14061569,False,False,,Austin Police Department,True,,,142640967,False,No,0,0,0,1,1,Possible Injury,12:30:00,1,0,2014,Sunday,Pedalcyclist,,W 4TH ST,Intersection,30.26686478,Daylight,-97.74590246,One Motor Vehicle - Going Straight,,Not Applicable,,Not Applicable,False,,,County Road,"Straight, Level",Main/Proper Lane,On Roadway,,30,LAVACA ST,399,Dry,Signal Light,Cloudy,Unknown If Worn
14069161,True,False,,Austin Police Department,False,,,142641572,False,No,0,0,1,1,0,Non-Incapacitating Injury,19:44:00,1,0,2014,Sunday,Pedalcyclist,,,Driveway Access,30.40566819,"Dark, Lighted",-97.74774639,One Motor Vehicle - Turning Left,,One Vehicle Entering Driveway,,Entrance To Or Exit From Private Property Or Driveway,False,,,City Street,"Straight, Level",Main/Proper Lane,Off Roadway,,-1,JOLLYVILLE RD,11029,Dry,Marked Lanes,Clear,Unknown If Worn
14069213,True,False,,Austin Police Department,True,,,142650481,False,No,0,0,1,0,0,Non-Incapacitating Injury,07:40:00,1,1,2014,Monday,Pedalcyclist,,E 45TH ST,Intersection,30.30699477,Daylight,-97.72457247,One Motor Vehicle - Turning Right,,Not Applicable,,Not Applicable,False,,,City Street,Unknown,Main/Proper Lane,On Roadway,,40,DUVAL ST,4431,Dry,Signal Light,Clear,Unknown If Worn
14069232,True,False,,Austin Police Department,False,,,142651204,False,No,0,1,0,3,0,Incapacitating Injury,15:48:00,1,0,2014,Monday,Pedalcyclist,,,Non Intersection,30.26204701,Daylight,-97.72014975,One Motor Vehicle - Going Straight,,Not Applicable,,Not Applicable,False,,,City Street,"Straight, Level",Main/Proper Lane,On Roadway,,35,E 7TH ST,2016,Dry,Marked Lanes,Clear,Unknown If Worn
14061684,True,False,,Austin Police Department,True,,,142671426,False,No,0,0,1,1,0,Non-Incapacitating Injury,19:21:00,1,0,2014,Wednesday,Pedalcyclist,,E 45TH ST,Intersection,30.30361477,Dusk,-97.71599247,One Motor Vehicle - Turning Left,,Attention Diverted From Driving,,Not Applicable,False,,,City Street,"Straight, Level",Main/Proper Lane,On Roadway,,35,AIRPORT BLVD,4509,Dry,Signal Light,Clear,Unknown If Worn
14061716,False,False,,Austin Police Department,False,,,142681353,False,No,0,0,1,1,0,Non-Incapacitating Injury,17:45:00,1,0,2014,Thursday,Pedalcyclist,,,Driveway Access,30.26888485,Daylight,-97.74634299,One Motor Vehicle - Going Straight,,One Vehicle Leaving Driveway,,Entrance To Or Exit From Private Property Or Driveway,False,,,City Street,"Straight, Level",Main/Proper Lane,On Roadway,,40,GUADALUPE ST,585,Dry,Bike Lane,Clear,Unknown If Worn
14042120,False,False,,Austin Police Department,False,,,142691360,False,No,0,0,1,1,0,Non-Incapacitating Injury,16:21:00,1,0,2014,Friday,Pedalcyclist,,,Driveway Access,30.36668729,Daylight,-97.73932429,One Motor Vehicle - Turning Right,,One Vehicle Entering Driveway,,Entrance To Or Exit From Private Property Or Driveway,False,,,City Street,"Straight, Grade",Other (Explain In Narrative),On Roadway,,30,STECK AVE,3300,Dry,Marked Lanes,Clear,Not Worn
14069270,True,False,,Austin Police Department,False,,,142700298,False,No,0,0,1,1,0,Non-Incapacitating Injury,02:45:00,1,0,2014,Saturday,Pedalcyclist,,,Non Intersection,,"Dark, Lighted",,One Motor Vehicle - Going Straight,,One Vehicle Leaving Driveway,,In A Parking Lot,True,,,Non Trafficway,"Straight, Level",Main/Proper Lane,Not Applicable,,40,E RIVERSIDE DR,NO DATA,Wet,None,Cloudy,"Worn, Unk Damage"
14061780,False,False,,Austin Police Department,False,33647,,142721693,False,No,0,0,1,1,0,Non-Incapacitating Injury,22:08:00,1,0,2014,Monday,Pedalcyclist,State Loop,,Non Intersection,30.24912116,"Dark, Lighted",-97.76804209,One Motor Vehicle - Going Straight,4,Not Applicable,0,Not Applicable,False,,80,US & State Highways,"Straight, Level",Main/Proper Lane,On Roadway,"4 Or More Lanes, Undivided",35,SL0343,NO DATA,Dry,None,Clear,Not Worn
14054474,False,False,,Austin Police Department,True,,,142751538,False,No,0,0,0,0,1,Possible Injury,19:03:00,1,1,2014,Thursday,Pedalcyclist,,BANISTER LN,Intersection,30.23022479,Daylight,-97.77714246,One Motor Vehicle - Turning Left,,Not Applicable,,Not Applicable,False,,,City Street,"Straight, Hillcrest",Main/Proper Lane,On Roadway,,-1,SOUTHRIDGE DR,3899,Dry,Stop Sign,Clear,"Worn, Not Damaged"
14067156,False,False,,Austin Police Department,False,,,142750617,False,No,0,0,0,1,1,Possible Injury,09:57:00,1,0,2014,Thursday,Pedalcyclist,,,Driveway Access,30.24755843,Daylight,-97.77315056,One Motor Vehicle - Going Straight,,One Vehicle Leaving Driveway,,Entrance To Or Exit From Private Property Or Driveway,False,,,City Street,"Curve, Grade",Main/Proper Lane,On Roadway,,-1,S LAMAR BLVD,2205,Dry,Other (Explain In Narrative),Cloudy,Unknown If Worn
14073134,True,False,,Austin Police Department,True,21351,,142761188,False,No,0,0,0,1,1,Possible Injury,13:30:00,1,0,2014,Friday,Pedalcyclist,State Loop,CONGRESS AVE,Intersection,30.26339563,Daylight,-97.74449683,One Motor Vehicle - Turning Left,4,Attention Diverted From Driving,10,Not Applicable,False,,80,US & State Highways,"Straight, Level",Main/Proper Lane,On Roadway,"4 Or More Lanes, Undivided",35,SL0343,100,Dry,Signal Light,Clear,Not Worn
14083959,True,False,,Austin Police Department,True,,,142780301,False,No,0,0,2,5,0,Non-Incapacitating Injury,02:28:00,2,0,2014,Sunday,Pedalcyclist,,W CESAR CHAVEZ ST,Intersection Related,30.26337478,"Dark, Not Lighted",-97.74450246,One Motor Vehicle - Going Straight,,Attention Diverted From Driving,,Not Applicable,False,,,County Road,"Straight, Level",Main/Proper Lane,On Roadway,,35,CONGRESS AVE,NO DATA,Dry,None,Clear,Unknown If Worn
14083959,True,False,,Austin Police Department,True,,,142780301,False,No,0,0,2,5,0,Non-Incapacitating Injury,02:28:00,2,0,2014,Sunday,Pedalcyclist,,W CESAR CHAVEZ ST,Intersection Related,30.26337478,"Dark, Not Lighted",-97.74450246,One Motor Vehicle - Going Straight,,Attention Diverted From Driving,,Not Applicable,False,,,County Road,"Straight, Level",Main/Proper Lane,On Roadway,,35,CONGRESS AVE,NO DATA,Dry,None,Clear,Unknown If Worn
14083959,True,False,,Austin Police Department,True,,,142780301,False,No,0,0,2,5,0,Non-Incapacitating Injury,02:28:00,2,0,2014,Sunday,Pedalcyclist,,W CESAR CHAVEZ ST,Intersection Related,30.26337478,"Dark, Not Lighted",-97.74450246,One Motor Vehicle - Going Straight,,Attention Diverted From Driving,,Not Applicable,False,,,County Road,"Straight, Level",Main/Proper Lane,On Roadway,,35,CONGRESS AVE,NO DATA,Dry,None,Clear,Unknown If Worn
14057031,False,False,,Austin Police Department,False,,,142801352,False,No,0,0,1,1,0,Non-Incapacitating Injury,16:59:00,1,0,2014,Tuesday,Pedalcyclist,,,Driveway Access,30.3689256,Daylight,-97.7440196,One Motor Vehicle - Turning Right,,One Vehicle Entering Driveway,,Entrance To Or Exit From Private Property Or Driveway,False,,,City Street,"Straight, Level",Main/Proper Lane,On Roadway,,40,STECK AVE,3527,Dry,Marked Lanes,Clear,Unknown If Worn
14057065,False,False,,Austin Police Department,False,,,142801818,False,No,0,0,1,1,0,Non-Incapacitating Injury,21:18:00,1,0,2014,Tuesday,Pedalcyclist,,,Non Intersection,,"Dark, Not Lighted",,One Motor Vehicle - Going Straight,,One Vehicle Leaving Driveway,,In A Parking Lot,False,,,Non Trafficway,"Straight, Level",Other (Explain In Narrative),Not Applicable,,40,BRODIE LN,NO DATA,Dry,Marked Lanes,Clear,Not Worn
14126786,False,False,,Austin Police Department,False,,,142810434,False,No,0,0,0,1,1,Possible Injury,07:47:00,1,0,2014,Wednesday,Pedalcyclist,,,Driveway Access,30.23043544,Daylight,-97.75974373,One Motor Vehicle - Turning Left,,One Vehicle Entering Driveway,,Entrance To Or Exit From Private Property Or Driveway,False,,,City Street,"Straight, Level",Other (Explain In Narrative),On Roadway,,35,S CONGRESS AVE,3286,Dry,None,Clear,"Worn, Not Damaged"
14080768,False,False,,Austin Police Department,True,,,142820694,False,No,0,0,0,1,1,Possible Injury,10:35:00,1,0,2014,Thursday,Pedalcyclist,,AVENUE F,Intersection Related,30.30817477,Daylight,-97.72745247,One Motor Vehicle - Going Straight,,Not Applicable,,Not Applicable,False,,,City Street,"Straight, Level",Main/Proper Lane,On Roadway,,30,E 45TH ST,200,Dry,Stop Sign,Cloudy,Unknown If Worn
14093949,False,False,,Austin Police Department,False,64902,,142832151,False,No,0,1,0,0,0,Incapacitating Injury,22:46:00,1,1,2014,Friday,Pedalcyclist,State Highway,,Non Intersection,30.22265377,"Dark, Not Lighted",-97.68165954,One Motor Vehicle - Going Straight,5,Not Applicable,4,Not Applicable,False,,200,US & State Highways,Other (Explain In Narrative),Main/Proper Lane,On Roadway,"4 Or More Lanes, Divided",55,SH0071,NO DATA,Dry,Marked Lanes,Clear,Unknown If Worn
14165317,False,False,,Austin Police Department,False,,,142831491,False,No,0,0,1,1,0,Non-Incapacitating Injury,17:36:00,1,0,2014,Friday,Pedalcyclist,,,Non Intersection,,Daylight,,One Motor Vehicle - Going Straight,,Not Applicable,,Not Applicable,False,,,City Street,"Straight, Level",Main/Proper Lane,On Roadway,,45,S S PLEASANT VALLEY RD RD,NO DATA,Dry,No Passing Zone,Clear,Unknown If Worn
14065586,False,False,,Austin Police Department,False,,,142850685,False,No,0,0,0,1,1,Possible Injury,09:57:00,1,0,2014,Sunday,Pedalcyclist,,,Driveway Access,30.36313931,Daylight,-97.71791008,One Motor Vehicle - Turning Left,,One Vehicle Entering Driveway,,Entrance To Or Exit From Private Property Or Driveway,False,,,City Street,"Straight, Level",Main/Proper Lane,Off Roadway,,35,OHLEN RD,1705,Dry,Marked Lanes,Cloudy,"Worn, Damaged"
14092129,False,False,,Austin Police Department,True,,,142871297,False,No,0,0,0,1,1,Possible Injury,17:00:00,1,0,2014,Tuesday,Pedalcyclist,,,Driveway Access,30.29539477,Daylight,-97.74279246,One Motor Vehicle - Turning Left,,One Vehicle Entering Driveway,,Entrance To Or Exit From Private Property Or Driveway,False,,,City Street,"Straight, Level",Main/Proper Lane,On Roadway,,35,W 29TH ST,600,Dry,Marked Lanes,Clear,Unknown If Worn
14077096,False,False,,Austin Police Department,False,,,142880821,False,No,0,0,0,1,1,Possible Injury,11:48:00,1,0,2014,Wednesday,Pedalcyclist,,,Non Intersection,,Daylight,,One Motor Vehicle - Going Straight,,Not Applicable,,Private Drive Or Road,False,,,Non Trafficway,"Straight, Level",Other (Explain In Narrative),Not Applicable,,35,BARTON SPRINGS RD,NO DATA,Dry,Officer,Clear,Unknown If Worn
14092224,True,False,,Austin Police Department,True,,,142880494,False,No,0,0,1,1,0,Non-Incapacitating Injury,08:39:00,1,0,2014,Wednesday,Pedalcyclist,,W 24TH ST,Intersection,30.28793478,Daylight,-97.74463246,One Motor Vehicle - Going Straight,,Not Applicable,,Not Applicable,False,,,City Street,"Straight, Level",Main/Proper Lane,On Roadway,,-1,RIO GRANDE ST,2399,Dry,Signal Light,Clear,Unknown If Worn
14073614,False,False,,Austin Police Department,True,,,142891459,False,No,0,0,1,1,0,Non-Incapacitating Injury,18:09:00,1,0,2014,Thursday,Pedalcyclist,,WOODROW AVE,Intersection,30.32414477,Daylight,-97.73582246,One Motor Vehicle - Going Straight,,Not Applicable,,Not Applicable,False,,,City Street,"Straight, Level",Main/Proper Lane,On Roadway,,-1,NORTHLOOP BLVD W,1400,Dry,Flashing Red Light,Clear,Not Worn
14073634,False,False,,Austin Police Department,True,,,142900494,False,No,0,0,1,1,0,Non-Incapacitating Injury,08:21:00,1,0,2014,Friday,Pedalcyclist,,STECK AVE,Intersection,,Daylight,,One Motor Vehicle - Turning Left,,Not Applicable,,Not Applicable,False,,,US & State Highways,"Straight, Grade",Service/Frontage Road,On Roadway,,50,SL0001I,NO DATA,Dry,Signal Light,Clear,"Worn, Not Damaged"
14077340,False,False,,Austin Police Department,True,,,142901283,False,No,0,0,0,1,1,Possible Injury,15:42:00,1,0,2014,Friday,Pedalcyclist,,,Non Intersection,30.25111478,Daylight,-97.74912246,One Motor Vehicle - Going Straight,,Attention Diverted From Driving,,Not Applicable,False,,,City Street,"Straight, Grade",Main/Proper Lane,On Roadway,,30,CONGRESS AVE S,1299,Dry,Signal Light With Red Light Running Camera,Clear,Unknown If Worn
14098298,False,False,,Austin Police Department,True,,,142901304,False,No,0,0,1,1,0,Non-Incapacitating Injury,15:49:00,1,0,2014,Friday,Pedalcyclist,,JEFFERSON ST,Intersection,30.30009477,Daylight,-97.75615246,One Motor Vehicle - Going Straight,,Not Applicable,,Not Applicable,False,,,County Road,"Straight, Grade",Main/Proper Lane,On Roadway,,30,NORTHWOOD RD,1700,Dry,Stop Sign,Clear,Unknown If Worn
14077510,False,False,,Austin Police Department,True,,,142910775,False,No,0,0,0,1,1,Possible Injury,10:08:00,1,0,2014,Saturday,Pedalcyclist,,UNKNOWN,Intersection Related,30.44873475,Daylight,-97.81474244,One Motor Vehicle - Going Straight,,Attention Diverted From Driving,,Not Applicable,False,,,City Street,"Straight, Level",Main/Proper Lane,On Roadway,,45,ANDERSON MILL RD,11000,Dry,Stop Sign,Clear,"Worn, Unk Damage"
14077562,False,False,,Austin Police Department,False,,,142910856,False,No,0,0,1,1,0,Non-Incapacitating Injury,10:57:00,1,0,2014,Saturday,Pedalcyclist,,,Non Intersection,,Daylight,,One Motor Vehicle - Going Straight,,One Vehicle Leaving Driveway,,Private Drive Or Road,False,,,Non Trafficway,"Straight, Level",Service/Frontage Road,Not Applicable,,-1,E BEN WHITE BLVD BLVD,NO DATA,Dry,Marked Lanes,Clear,Unknown If Worn
14079969,False,False,,Austin Police Department,False,,,142930469,False,No,0,0,1,1,0,Non-Incapacitating Injury,08:53:00,1,0,2014,Monday,Pedalcyclist,,,Driveway Access,30.29337258,Daylight,-97.73316818,One Motor Vehicle - Turning Right,,One Vehicle Entering Driveway,,Entrance To Or Exit From Private Property Or Driveway,False,,,City Street,"Straight, Grade",Main/Proper Lane,On Roadway,,30,DUVAL ST,3110,Dry,None,Clear,Not Worn
14101970,False,False,,Austin Police Department,True,,,142940587,False,No,0,0,1,1,0,Non-Incapacitating Injury,10:30:00,1,0,2014,Tuesday,Pedalcyclist,,W 34TH ST,Intersection Related,30.30268477,Daylight,-97.74471246,One Motor Vehicle - Turning Right,,Attention Diverted From Driving,,Not Applicable,False,,,City Street,"Straight, Level",Main/Proper Lane,On Roadway,,35,N LAMAR BLVD,3399,Dry,Signal Light,Clear,Unknown If Worn
14122167,False,False,,Austin Police Department,True,,,142951356,False,No,0,0,1,1,0,Non-Incapacitating Injury,17:49:00,1,0,2014,Wednesday,Pedalcyclist,,WHISPERING OAKS DR,Intersection Related,30.20415479,Daylight,-97.80989245,One Motor Vehicle - Going Straight,,Not Applicable,,Not Applicable,False,,,City Street,"Straight, Grade",Main/Proper Lane,On Roadway,,40,W WILLIAM CANNON DR,NO DATA,Dry,Stop Sign,Clear,Not Worn
14106561,False,False,,Austin Police Department,False,,,142961878,False,No,0,0,1,2,0,Non-Incapacitating Injury,22:22:00,1,0,2014,Thursday,Pedalcyclist,,LYNN ST,Intersection,30.2566494,"Dark, Lighted",-97.72325832,One Motor Vehicle - Going Straight,,Attention Diverted From Driving,,Not Applicable,False,,,City Street,"Straight, Level",Main/Proper Lane,On Roadway,,35,CESAR CHAVEZ ST E,2009,Dry,Center Stripe/Divider,Clear,Unknown If Worn
14127082,True,False,,Austin Police Department,False,,,142960586,False,No,0,0,0,1,1,Possible Injury,09:56:00,1,0,2014,Thursday,Pedalcyclist,,,Driveway Access,30.28164963,"Dark, Lighted",-97.7095685,One Motor Vehicle - Turning Right,,One Vehicle Entering Driveway,,Entrance To Or Exit From Private Property Or Driveway,False,,,City Street,"Straight, Hillcrest",Main/Proper Lane,Off Roadway,,45,E MARTIN LUTHER KING JR BLVD,2892,Dry,None,Clear,Unknown If Worn
14086357,False,False,,Austin Police Department,True,,,142970624,False,No,0,0,1,1,0,Non-Incapacitating Injury,09:19:00,1,0,2014,Friday,Pedalcyclist,,UNKNOWN,Intersection Related,30.32019487,Daylight,-97.66685417,One Motor Vehicle - Going Straight,,Not Applicable,,Not Applicable,False,,,US & State Highways,"Straight, Grade",Main/Proper Lane,On Roadway,,30,LANGSTON DR,7496,Dry,Stop Sign,Clear,Not Worn
14104643,False,False,,Austin Police Department,True,,,142970521,False,No,0,0,1,1,0,Non-Incapacitating Injury,08:06:00,1,0,2014,Friday,Pedalcyclist,,UNKNOWN,Intersection Related,30.26648478,Daylight,-97.73718246,One Motor Vehicle - Turning Right,,Attention Diverted From Driving,,Not Applicable,False,,,City Street,"Straight, Level",Main/Proper Lane,On Roadway,,30,E 6TH ST,600,Dry,Marked Lanes,Clear,"Worn, Not Damaged"
14113848,False,False,,Austin Police Department,False,136130,,142971874,False,No,0,0,0,2,0,Not Injured,20:21:00,0,0,2014,Friday,Pedalcyclist,Interstate,,Non Intersection,30.4270459,"Dark, Lighted",-97.67102709,One Motor Vehicle - Going Straight,6,Not Applicable,10,Not Applicable,False,,300,Interstate,"Straight, Level",Service/Frontage Road,On Roadway,"4 Or More Lanes, Divided",55,IH0035,NO DATA,Dry,Marked Lanes,Clear,Unknown If Worn
14089458,True,False,,Austin Police Department,False,44197,,142980626,False,No,0,1,0,1,0,Incapacitating Injury,08:51:00,1,0,2014,Saturday,Pedalcyclist,State Loop,GREAT HILLS TRL,Intersection Related,30.38815902,Daylight,-97.75974793,One Motor Vehicle - Turning Right,4,Vision Obstructed By Other Visual Obstructions,10,Not Applicable,False,,291,US & State Highways,"Straight, Hillcrest",Main/Proper Lane,On Roadway,"4 Or More Lanes, Divided",55,SL0360,8902,Dry,Yield Sign,Clear,Unknown If Worn
14113953,True,False,,Austin Police Department,True,,,142981182,False,No,0,0,1,1,0,Non-Incapacitating Injury,14:40:00,1,0,2014,Saturday,Pedalcyclist,,E BEN WHITE BLVD,Intersection Related,30.21560479,Daylight,-97.73487247,One Motor Vehicle - Going Straight,,Not Applicable,,Not Applicable,False,,,City Street,"Straight, Level",Service/Frontage Road,On Roadway,,-1,BURLESON RD,3599,Dry,Signal Light,Clear,Unknown If Worn
14114030,False,False,,Austin Police Department,False,,,142981678,False,No,0,1,0,1,0,Incapacitating Injury,20:17:00,1,0,2014,Saturday,Pedalcyclist,,,Non Intersection,30.20419627,"Dark, Not Lighted",-97.85874769,One Motor Vehicle - Going Straight,,Vision Obstructed By Other Visual Obstructions,,Not Applicable,False,,,County Road,"Straight, Level",Main/Proper Lane,On Roadway,,40,DAVIS LN,NO DATA,Dry,None,Clear,Unknown If Worn