Crash ID,$1000 Damage to Any One Person's Property,Active School Zone Flag,Adjusted Average Daily Traffic Amount,Agency,At Intersection Flag,Average Daily Traffic Amount,Average Daily Traffic Year,Case ID,Construction Zone Flag,Construction Zone Workers Present Flag,Crash Death Count,Crash Incapacitating Injury Count,Crash Non-incapacitating Injury Count,Crash Not Injured Count,Crash Possible Injury Count,Crash Severity,Crash Time,Crash Total Injury Count,Crash Unknown Injury Count,Crash Year,Day of Week,First Harmful Event,Highway System,Intersecting Street Name,Intersection Related,Latitude,Light Condition,Longitude,Manner of Collision,Number of Lanes,Other Factor,Outside Shoulder Width on Divided Highway,Physical Feature 1,Private Drive Flag,Property Damages,Right of Way Usual Width,Road Class,Roadway Alignment,Roadway Part,Roadway Relation,Roadway Type,Speed Limit,Street Name,Street Number,Surface Condition,Traffic Control Type,Weather Condition,Person Helmet
14135706,True,False,,Austin Police Department,True,,,143081254,False,No,0,0,1,1,0,Non-Incapacitating Injury,16:00:00,1,0,2014,Monday,Pedalcyclist,,STONEHOLLOW DR,Intersection Related,30.39474475,Daylight,-97.70680247,One Motor Vehicle - Going Straight,,Attention Diverted From Driving,,Not Applicable,False,,,City Street,"Straight, Level",Main/Proper Lane,On Roadway,,45,METRIC BLVD,NO DATA,Dry,Signal Light,Clear,Unknown If Worn
14098514,False,False,,Austin Police Department,False,,,143011342,False,No,0,0,0,1,1,Possible Injury,18:27:00,1,0,2014,Tuesday,Pedalcyclist,,,Driveway Access,30.19915349,Daylight,-97.87879526,One Motor Vehicle - Going Straight,,One Vehicle Leaving Driveway,,Entrance To Or Exit From Private Property Or Driveway,False,,,City Street,"Straight, Level",Main/Proper Lane,On Roadway,,45,ESCARPMENT BLVD,NO DATA,Dry,None,Clear,Unknown If Worn
14096148,False,False,,Austin Police Department,True,,,143020948,False,No,0,0,0,1,1,Possible Injury,13:20:00,1,0,2014,Wednesday,Pedalcyclist,,BUELL AVE,Intersection,30.36319476,Daylight,-97.72898246,One Motor Vehicle - Turning Right,,Attention Diverted From Driving,,Not Applicable,False,,,City Street,"Straight, Level",Main/Proper Lane,On Roadway,,40,BURNET RD,8301,Dry,Marked Lanes,Clear,Not Worn
14127301,False,False,,Austin Police Department,False,,,143021339,False,No,0,0,0,0,1,Possible Injury,16:52:00,1,1,2014,Wednesday,Pedalcyclist,,,Non Intersection,30.32317477,Daylight,-97.72807245,One Motor Vehicle - Going Straight,,Not Applicable,,Not Applicable,False,,,City Street,Unknown,Main/Proper Lane,On Roadway,,45,N LAMAR BLVD,5500,Dry,None,Clear,Unknown If Worn
14098560,False,False,,Austin Police Department,True,,,143031134,False,No,0,1,0,1,0,Incapacitating Injury,14:26:00,1,0,2014,Thursday,Pedalcyclist,,THUNDER CREEK RD,Intersection Related,30.41569475,Daylight,-97.74835245,One Motor Vehicle - Turning Right,,Not Applicable,,Not Applicable,False,,,City Street,"Curve, Grade",Main/Proper Lane,On Roadway,,35,JOLLYVILLE RD,11581,Dry,Marked Lanes,Clear,"Worn, Unk Damage"
14098594,False,False,,Austin Police Department,True,,,143040711,False,No,0,0,1,1,0,Non-Incapacitating Injury,09:48:00,1,0,2014,Friday,Pedalcyclist,,W 38TH ST,Intersection,30.30274477,Daylight,-97.73815246,One Motor Vehicle - Turning Left,,Not Applicable,,Not Applicable,False,,,City Street,"Straight, Grade",Main/Proper Lane,On Roadway,,35,GUADALUPE ST,3801,Dry,Signal Light,Clear,Not Worn
14127330,True,False,,Austin Police Department,False,,,143041693,False,No,0,0,1,1,0,Non-Incapacitating Injury,18:23:00,1,0,2014,Friday,Pedalcyclist,,UNKNOWN,Intersection Related,30.30274478,Daylight,-97.73815246,One Motor Vehicle - Going Straight,,Attention Diverted From Driving,,Not Applicable,False,,,City Street,"Straight, Level",Main/Proper Lane,On Roadway,,35,GUADALUPE ST,3800,Dry,Bike Lane,Clear,Not Worn
14130033,False,False,,Austin Police Department,True,,,143040671,False,No,0,0,1,1,0,Non-Incapacitating Injury,09:24:00,1,0,2014,Friday,Pedalcyclist,,W 24TH ST,Intersection Related,30.28768478,Daylight,-97.74157246,One Motor Vehicle - Turning Left,,Not Applicable,,Not Applicable,False,,,City Street,"Straight, Level",Main/Proper Lane,On Roadway,,-1,GUADALUPE ST,2399,Dry,Signal Light,Clear,Unknown If Worn
14127526,False,False,,Austin Police Department,True,,,143080439,False,No,0,0,1,1,0,Non-Incapacitating Injury,08:34:00,1,0,2014,Tuesday,Pedalcyclist,,MANOR RD RD,Intersection,,Daylight,,One Motor Vehicle - Going Straight,,Not Applicable,,Not Applicable,False,,,City Street,"Straight, Grade",Main/Proper Lane,On Roadway,,30,RANDOLPH,NO DATA,Dry,Stop Sign,Cloudy,Not Worn
14142460,False,False,,Austin Police Department,True,,,143091083,False,No,0,0,1,1,0,Non-Incapacitating Injury,16:56:00,1,0,2014,Wednesday,Pedalcyclist,,W 21ST ST,Intersection,30.28380478,Daylight,-97.74191246,One Motor Vehicle - Turning Right,,Not Applicable,,Not Applicable,False,,,City Street,"Straight, Level",Main/Proper Lane,On Roadway,,35,GUADALUPE ST,2099,Wet,Bike Lane,Rain,Unknown If Worn
14153279,False,False,,Austin Police Department,False,,,143100480,False,No,0,0,1,1,0,Non-Incapacitating Injury,08:45:00,1,0,2014,Thursday,Pedalcyclist,,,Non Intersection,30.24050024,Daylight,-97.72734772,One Motor Vehicle - Going Straight,,Not Applicable,,Not Applicable,False,,,City Street,"Straight, Level",Main/Proper Lane,On Roadway,,35,E RIVERSIDE DR,NO DATA,Wet,Marked Lanes,Rain,Not Worn
14113583,False,False,,Austin Police Department,False,,,143111891,False,No,0,0,1,0,0,Non-Incapacitating Injury,20:27:00,1,1,2014,Friday,Pedalcyclist,,,Non Intersection,30.2584404,"Dark, Not Lighted",-97.74941438,One Motor Vehicle - Other,,Not Applicable,,Not Applicable,False,,,City Street,"Curve, Grade",Main/Proper Lane,On Roadway,,30,BARTON SPRINGS RD,NO DATA,Dry,None,Clear,Not Worn
14122718,False,False,,Austin Police Department,True,136130,,143110414,False,No,0,0,1,1,0,Non-Incapacitating Injury,07:05:00,1,0,2014,Friday,Pedalcyclist,Interstate,WELLS BRANCH PKWY,Intersection Related,30.440112,Daylight,-97.66855725,One Motor Vehicle - Going Straight,6,Not Applicable,10,Not Applicable,False,,300,Interstate,"Straight, Level",Service/Frontage Road,On Roadway,"4 Or More Lanes, Divided",55,IH0035,NO DATA,Dry,Crosswalk,Clear,Not Worn
14114328,False,False,,Austin Police Department,True,,,143121139,False,No,0,1,0,2,0,Incapacitating Injury,19:39:00,1,0,2014,Saturday,Pedalcyclist,,BARTON SPRINGS RD,Intersection Related,30.25890478,Daylight,-97.74621246,One Motor Vehicle - Going Straight,,"Slowing/Stopping - For Officer, Flagman, Or Traffic Control",,Not Applicable,False,,,City Street,"Straight, Level",Main/Proper Lane,On Roadway,,35,CONGRESS AVE S,301,Dry,Signal Light With Red Light Running Camera,Clear,Not Worn
14127542,False,False,,Austin Police Department,False,,,143151361,False,No,0,0,1,2,0,Non-Incapacitating Injury,19:35:00,1,0,2014,Tuesday,Pedalcyclist,,,Driveway Access,,"Dark, Lighted",,One Motor Vehicle - Turning Left,,One Vehicle Leaving Driveway,,Entrance To Or Exit From Private Property Or Driveway,False,,,US & State Highways,"Straight, Grade",Service/Frontage Road,On Roadway,,55,SL0001M,NO DATA,Dry,None,Clear,Not Worn
14127542,False,False,,Austin Police Department,False,,,143151361,False,No,0,0,1,2,0,Non-Incapacitating Injury,19:35:00,1,0,2014,Tuesday,Pedalcyclist,,,Driveway Access,,"Dark, Lighted",,One Motor Vehicle - Turning Left,,One Vehicle Leaving Driveway,,Entrance To Or Exit From Private Property Or Driveway,False,,,US & State Highways,"Straight, Grade",Service/Frontage Road,On Roadway,,55,SL0001M,NO DATA,Dry,None,Clear,Unknown If Worn
14161180,True,False,,Austin Police Department,True,,,143150952,False,No,0,0,1,1,0,Non-Incapacitating Injury,14:34:00,1,0,2014,Tuesday,Pedalcyclist,,E RIVERSIDE DR,Intersection,30.23356479,Daylight,-97.72378247,One Motor Vehicle - Turning Left,,Attention Diverted From Driving,,Not Applicable,False,,,City Street,"Straight, Grade",Main/Proper Lane,On Roadway,,35,S PLEASANT VALLEY RD,NO DATA,Dry,Signal Light,Clear,Not Worn
14127789,True,False,,Austin Police Department,False,,,143200750,False,No,0,1,0,1,0,Incapacitating Injury,12:28:00,1,0,2014,Sunday,Pedalcyclist,,,Driveway Access,30.35725814,Daylight,-97.73052356,One Motor Vehicle - Turning Right,,One Vehicle Entering Driveway,,Entrance To Or Exit From Private Property Or Driveway,False,,,City Street,"Straight, Level",Main/Proper Lane,On Roadway,,40,BURNET RD,7931,Wet,Marked Lanes,Cloudy,Not Worn
14139608,False,False,,Austin Police Department,True,,,143241472,False,No,0,0,1,1,0,Non-Incapacitating Injury,18:43:00,1,0,2014,Thursday,Pedalcyclist,,HARMON AVE,Intersection,30.31049477,"Dark, Not Lighted",-97.71193247,One Motor Vehicle - Going Straight,,Not Applicable,,Not Applicable,False,,,City Street,"Straight, Level",Main/Proper Lane,On Roadway,,-1,E 51ST ST,1000,Wet,Stop Sign,Rain,Not Worn
14176700,False,False,,Austin Police Department,True,,,143241558,False,No,0,0,1,1,0,Non-Incapacitating Injury,19:28:00,1,0,2014,Thursday,Pedalcyclist,,TRINITY ST,Intersection Related,30.26708478,"Dark, Lighted",-97.73933246,One Motor Vehicle - Turning Left,,Not Applicable,,Not Applicable,False,,,City Street,"Straight, Level",Main/Proper Lane,On Roadway,,-1,E 6TH ST,398,Wet,Signal Light,Rain,Unknown If Worn
14169210,False,False,,Austin Police Department,True,,,143250994,False,No,0,0,1,3,0,Non-Incapacitating Injury,12:18:00,1,0,2014,Friday,Pedalcyclist,,W 5TH ST,Intersection,30.26872478,Daylight,-97.74874246,One Motor Vehicle - Turning Right,,Not Applicable,,Not Applicable,False,,,City Street,"Straight, Level",Main/Proper Lane,On Roadway,,35,NUECES ST,499,Dry,Signal Light,Cloudy,"Worn, Not Damaged"
14138431,True,False,,Austin Police Department,False,,,143260688,False,No,0,0,1,1,1,Non-Incapacitating Injury,12:46:00,2,0,2014,Saturday,Pedalcyclist,,S 3RD ST,Intersection,,Daylight,,One Motor Vehicle - Going Straight,,"Lost Control Or Skidded (Icy Or Slick Road, etc.)",,Not Applicable,False,,,City Street,"Straight, Level",Main/Proper Lane,On Roadway,,30,W ST ELMO ST,NO DATA,Wet,None,Rain,Unknown If Worn
14138431,True,False,,Austin Police Department,False,,,143260688,False,No,0,0,1,1,1,Non-Incapacitating Injury,12:46:00,2,0,2014,Saturday,Pedalcyclist,,S 3RD ST,Intersection,,Daylight,,One Motor Vehicle - Going Straight,,"Lost Control Or Skidded (Icy Or Slick Road, etc.)",,Not Applicable,False,,,City Street,"Straight, Level",Main/Proper Lane,On Roadway,,30,W ST ELMO ST,NO DATA,Wet,None,Rain,"Worn, Unk Damage"
14140178,False,False,,Austin Police Department,True,,,143261589,False,No,0,0,1,2,0,Non-Incapacitating Injury,20:10:00,1,0,2014,Saturday,Pedalcyclist,,W 22ND ST,Intersection,30.28520478,"Dark, Lighted",-97.74492246,One Motor Vehicle - Turning Left,,Not Applicable,,Not Applicable,False,,,City Street,"Straight, Grade",Main/Proper Lane,On Roadway,,30,RIO GRANDE ST,2199,Wet,Bike Lane,Rain,Not Worn
14179500,False,False,,Austin Police Department,False,,,143271141,False,No,0,0,1,1,0,Non-Incapacitating Injury,15:16:00,1,0,2014,Sunday,Pedalcyclist,,UNKNOWN,Intersection Related,30.26603965,Daylight,-97.76804631,One Motor Vehicle - Turning Right,,Not Applicable,,Not Applicable,False,,,City Street,"Straight, Grade",Main/Proper Lane,Off Roadway,,35,BARTON SPRINGS RD,2200,Dry,Bike Lane,Clear,"Worn, Unk Damage"
14142580,False,False,,Austin Police Department,False,,,143281424,False,No,0,0,1,1,0,Non-Incapacitating Injury,17:35:00,1,0,2014,Monday,Pedalcyclist,,,Non Intersection,30.27704913,Dusk,-97.74332347,One Motor Vehicle - Turning Right,,Not Applicable,,Alley,False,,,City Street,"Straight, Level",Main/Proper Lane,On Roadway,,-1,GUADALUPE ST,1412,Dry,Marked Lanes,Clear,Not Worn
14181995,False,False,,Austin Police Department,False,,,143290995,False,No,0,0,0,1,1,Possible Injury,14:25:00,1,0,2014,Tuesday,Pedalcyclist,,,Driveway Access,30.2472711,Daylight,-97.7752607,One Motor Vehicle - Turning Right,,One Vehicle Entering Driveway,,Entrance To Or Exit From Private Property Or Driveway,False,,,County Road,"Straight, Level",Main/Proper Lane,Off Roadway,,40,S LAMAR BLVD,2301,Dry,Marked Lanes,Clear,"Worn, Not Damaged"
14185565,True,False,,Austin Police Department,False,,,143290420,False,No,0,1,0,1,0,Incapacitating Injury,08:44:00,1,0,2014,Tuesday,Pedalcyclist,,,Non Intersection,30.28730672,Daylight,-97.76654433,One Motor Vehicle - Going Straight,,Not Applicable,,Not Applicable,False,,,City Street,"Straight, Level",Main/Proper Lane,On Roadway,,35,ENFIELD RD,2167,Dry,None,Clear,"Worn, Not Damaged"
14149075,False,False,,Austin Police Department,True,,,143301102,False,No,0,0,1,1,0,Non-Incapacitating Injury,15:44:00,1,0,2014,Wednesday,Pedalcyclist,,JOLLYVILLE RD,Intersection,30.41001475,Daylight,-97.74757246,One Motor Vehicle - Turning Left,,Not Applicable,,Not Applicable,False,,,City Street,"Straight, Level",Main/Proper Lane,On Roadway,,-1,TAYLOR DRAPER LN,11201,Dry,Stop Sign,Cloudy,Unknown If Worn
14182027,False,False,,Austin Police Department,True,,,143301118,False,No,0,0,1,1,0,Non-Incapacitating Injury,15:51:00,1,0,2014,Wednesday,Pedalcyclist,,GUADALUPE ST,Intersection,30.26716478,Daylight,-97.74698246,One Motor Vehicle - Turning Right,,Not Applicable,,Not Applicable,False,,,City Street,Unknown,Main/Proper Lane,On Roadway,,35,W 4TH ST,400,Dry,Signal Light,Clear,"Worn, Damaged"
14185568,False,False,,Austin Police Department,False,,,143320210,False,No,0,0,0,1,1,Possible Injury,02:30:00,1,0,2014,Friday,Pedalcyclist,,,Non Intersection,30.26695416,"Dark, Lighted",-97.73938058,One Motor Vehicle - Going Straight,,Not Applicable,,Alley,False,,,City Street,"Straight, Grade",Main/Proper Lane,On Roadway,,30,TRINITY ST,586,Dry,Marked Lanes,Clear,"Worn, Not Damaged"
14161323,False,False,,Austin Police Department,True,,,143350289,False,No,0,0,1,1,0,Non-Incapacitating Injury,07:00:00,1,0,2014,Monday,Pedalcyclist,,CHICON ST,Intersection,30.28378478,"Dark, Lighted",-97.72206247,One Motor Vehicle - Turning Left,,Not Applicable,,Not Applicable,False,,,City Street,"Straight, Level",Main/Proper Lane,On Roadway,,35,MANOR RD,1819,Dry,Flashing Red Light,Cloudy,"Worn, Damaged"
14185772,False,False,,Austin Police Department,True,,,143351072,False,No,0,0,1,1,0,Non-Incapacitating Injury,16:02:00,1,0,2014,Monday,Pedalcyclist,,SAN ANTONIO ST ST,Intersection,,Daylight,,One Motor Vehicle - Going Straight,,Not Applicable,,Not Applicable,False,,,City Street,"Curve, Grade",Main/Proper Lane,On Roadway,,30,W W MARTIN LUTHER KING JR BLVD BLVD,NO DATA,Dry,Marked Lanes,Cloudy,Unknown If Worn
14188832,True,False,,Austin Police Department,True,,,143361338,False,No,0,0,1,1,0,Non-Incapacitating Injury,17:19:00,1,0,2014,Tuesday,Pedalcyclist,,W RIVERSIDE DR,Intersection,30.26028478,Daylight,-97.74963246,One Motor Vehicle - Turning Left,,Not Applicable,,Not Applicable,False,,,County Road,"Straight, Grade",Main/Proper Lane,On Roadway,,-1,S 1ST ST,NO DATA,Dry,Signal Light,Clear,"Worn, Not Damaged"
14209872,True,False,,Austin Police Department,False,,,143381198,False,No,0,1,0,5,0,Incapacitating Injury,15:35:00,1,0,2014,Thursday,Pedalcyclist,,,Non Intersection,30.35921069,Daylight,-97.69027745,One Motor Vehicle - Turning Left,,Not Applicable,,Not Applicable,False,,,City Street,"Straight, Level",Main/Proper Lane,On Roadway,,-1,E RUNDBERG LN,NO DATA,Wet,None,Rain,Not Worn
14161504,True,False,,Austin Police Department,False,,,143391270,False,No,0,0,1,1,0,Non-Incapacitating Injury,15:17:00,1,0,2014,Friday,Pedalcyclist,,,Driveway Access,,Daylight,,One Motor Vehicle - Turning Left,,One Vehicle Entering Driveway,,Entrance To Or Exit From Private Property Or Driveway,False,,,City Street,"Straight, Grade",Main/Proper Lane,Off Roadway,,30,W W MARTIN LUTHER KING JR BLVD BLVD,NO DATA,Dry,Marked Lanes,Clear,Not Worn
14161508,False,False,,Austin Police Department,False,,,143391424,False,No,0,0,0,2,0,Not Injured,16:31:00,0,0,2014,Friday,Pedalcyclist,,,Driveway Access,,Daylight,,One Motor Vehicle - Going Straight,,One Vehicle Leaving Driveway,,Entrance To Or Exit From Private Property Or Driveway,False,,,Non Trafficway,"Straight, Level",Service/Frontage Road,Not Applicable,,55,N N US 183 HWY SVRD SB,NO DATA,Dry,Marked Lanes,Clear,Not Worn
14194771,True,False,,Austin Police Department,True,,,143420365,False,No,0,0,1,1,0,Non-Incapacitating Injury,07:25:00,1,0,2014,Monday,Pedalcyclist,,W CESAR CHAVEZ ST,Intersection,30.26337478,Daylight,-97.74450246,One Motor Vehicle - Turning Left,,Not Applicable,,Not Applicable,False,,,City Street,"Straight, Level",Main/Proper Lane,On Roadway,,-1,CONGRESS AVE,NO DATA,Dry,Signal Light,Cloudy,"Worn, Not Damaged"
14165289,False,False,,Austin Police Department,True,,,143431633,False,No,0,0,0,0,1,Possible Injury,19:22:00,1,0,2014,Tuesday,Pedalcyclist,,,Non Intersection,30.24811478,"Dark, Lighted",-97.73578247,One Motor Vehicle - Going Straight,,Not Applicable,,Not Applicable,False,,,City Street,"Straight, Level",Service/Frontage Road,On Roadway,,40,S I 35,NO DATA,Dry,Signal Light,Clear,Not Worn
14236940,False,False,,Austin Police Department,False,,,143461532,False,No,0,1,0,1,0,Incapacitating Injury,17:50:00,1,0,2014,Friday,Pedalcyclist,,,Driveway Access,30.20077442,Dusk,-97.78548841,One Motor Vehicle - Turning Right,,One Vehicle Entering Driveway,,Entrance To Or Exit From Private Property Or Driveway,False,,,City Street,"Straight, Level",Main/Proper Lane,On Roadway,,30,S 1ST ST,6361,Dry,None,Clear,Unknown If Worn
14179793,False,False,,Austin Police Department,False,,,143480314,False,No,0,0,1,1,0,Non-Incapacitating Injury,02:12:00,1,0,2014,Sunday,Pedalcyclist,,,Non Intersection,30.26894085,"Dark, Lighted",-97.74952031,One Motor Vehicle - Going Straight,,Not Applicable,,Not Applicable,False,,,City Street,"Straight, Level",Main/Proper Lane,On Roadway,,-1,W 5TH ST,671,Dry,Marked Lanes,Clear,Unknown If Worn
14177087,False,False,,Austin Police Department,True,180878,,143501644,False,No,0,0,1,1,0,Non-Incapacitating Injury,19:07:00,1,0,2014,Tuesday,Pedalcyclist,Interstate,MANOR RD,Intersection,30.28311191,"Dark, Lighted",-97.72720994,One Motor Vehicle - Turning Left,8,Not Applicable,10,Not Applicable,False,,310,Interstate,"Straight, Level",Service/Frontage Road,On Roadway,"4 Or More Lanes, Divided",40,IH0035,NO DATA,Dry,Signal Light,Clear,Not Worn
14177150,False,False,,Austin Police Department,True,,,143501792,False,No,0,0,1,0,0,Non-Incapacitating Injury,20:33:00,1,0,2014,Tuesday,Pedalcyclist,,HANCOCK DR,Intersection,30.32198477,"Dark, Lighted",-97.73933246,One Motor Vehicle - Going Straight,,Not Applicable,,Not Applicable,False,,,City Street,"Straight, Grade",Main/Proper Lane,On Roadway,,35,BURNET RD,5011,Dry,Signal Light,Clear,Not Worn
14188997,False,False,,"Department Of Public Safety, State Of Texas",True,,,,False,No,0,0,0,2,0,Not Injured,07:58:00,0,0,2014,Tuesday,Pedalcyclist,,W 15TH ST,Intersection,30.27684478,Daylight,-97.73953246,One Motor Vehicle - Turning Left,,Not Applicable,,Not Applicable,False,,,City Street,"Straight, Level",Main/Proper Lane,On Roadway,,30,CONGRESS AVE,1499,Dry,Signal Light,Clear,Not Worn
14193424,False,False,,Austin Police Department,False,,,143520752,False,No,0,0,1,1,0,Non-Incapacitating Injury,12:44:00,1,0,2014,Thursday,Pedalcyclist,,,Non Intersection,,Daylight,,One Motor Vehicle - Going Straight,,One Vehicle Leaving Driveway,,In A Parking Lot,False,,,Non Trafficway,"Straight, Level",Main/Proper Lane,Not Applicable,,40,S CONGRESS AVE,NO DATA,Dry,Center Stripe/Divider,Cloudy,Unknown If Worn
14194950,False,False,,Austin Police Department,False,,,143521154,False,No,0,0,1,0,0,Non-Incapacitating Injury,09:00:00,1,1,2014,Thursday,Pedalcyclist,,,Non Intersection,30.37198108,Daylight,-97.75697929,One Motor Vehicle - Going Straight,,Not Applicable,,Not Applicable,False,,,City Street,"Straight, Level",Main/Proper Lane,On Roadway,,-1,MESA DR,8128,Dry,None,Clear,Not Worn
14201980,False,False,,Austin Police Department,True,,,143521781,False,No,0,0,1,0,0,Non-Incapacitating Injury,21:33:00,1,0,2014,Thursday,Pedalcyclist,,W KOENIG LN,Intersection Related,30.32589477,"Dark, Lighted",-97.72636246,One Motor Vehicle - Turning Left,,Not Applicable,,Not Applicable,False,,,City Street,"Straight, Level",Main/Proper Lane,On Roadway,,-1,N LAMAR BLVD,NO DATA,Dry,Signal Light,Cloudy,Not Worn
14187878,True,False,,Austin Police Department,False,,,143560628,False,No,0,0,1,1,0,Non-Incapacitating Injury,10:45:00,1,0,2014,Monday,Pedalcyclist,,,Non Intersection,30.39794983,Daylight,-97.74987573,One Motor Vehicle - Going Straight,,Attention Diverted From Driving,,Not Applicable,False,,,City Street,"Straight, Level",Main/Proper Lane,On Roadway,,45,JOLLYVILLE RD,10400,Dry,Bike Lane,Clear,"Worn, Not Damaged"
14211839,True,False,,Austin Police Department,False,,,143600669,False,No,0,0,1,2,0,Non-Incapacitating Injury,12:49:00,1,0,2014,Friday,Pedalcyclist,,,Non Intersection,30.19154294,Daylight,-97.75519031,One Motor Vehicle - Going Straight,,Attention Diverted From Driving,,Not Applicable,False,,,City Street,"Straight, Level",Main/Proper Lane,On Roadway,,30,WAGON CROSSING PATH,2308,Dry,None,Clear,Not Worn
14201421,False,False,,Austin Police Department,False,130691,,143610421,False,No,0,0,1,1,0,Non-Incapacitating Injury,07:18:00,1,0,2014,Saturday,Pedalcyclist,Interstate,,Non Intersection,30.33941184,Dawn,-97.69996749,One Motor Vehicle - Going Straight,6,Not Applicable,10,Not Applicable,False,,300,Interstate,"Straight, Grade",Service/Frontage Road,Off Roadway,"4 Or More Lanes, Divided",50,IH0035,NO DATA,Wet,Marked Lanes,Rain,"Worn, Not Damaged"
14233565,True,False,,Austin Police Department,True,,,150091769,False,No,0,0,1,0,0,Non-Incapacitating Injury,20:23:00,1,1,2015,Friday,Pedalcyclist,,,Non Intersection,30.26460478,"Dark, Lighted",-97.73784246,One Motor Vehicle - Going Straight,,Not Applicable,,Not Applicable,False,NONE,,City Street,"Straight, Level",Main/Proper Lane,On Roadway,,30,RED RIVER ST,399,Wet,Marked Lanes,Cloudy,Unknown If Worn
14251326,False,False,,Austin Police Department,True,,,150161439,False,No,0,0,1,2,0,Non-Incapacitating Injury,18:00:00,1,0,2015,Friday,Pedalcyclist,,TILLERY ST,Intersection,30.27338478,Daylight,-97.69914247,One Motor Vehicle - Turning Left,,Not Applicable,,Not Applicable,False,NONE,,City Street,"Straight, Level",Main/Proper Lane,On Roadway,,35,OAK SPRINGS DR,3105,Dry,Marked Lanes,Clear,"Worn, Not Damaged"
14359985,False,False,,Austin Police Department,False,,,150220263,False,No,0,0,0,1,1,Possible Injury,06:35:00,1,0,2015,Thursday,Pedalcyclist,,,Non Intersection,30.42728444,"Dark, Not Lighted",-97.67742598,One Motor Vehicle - Going Straight,,Not Applicable,,Not Applicable,False,NONE,,City Street,"Straight, Level",Other (Explain In Narrative),On Roadway,,50,W HOWARD LN,1648,Dry,Marked Lanes,Rain,Not Worn
14285346,True,False,,Austin Police Department,True,,,150230595,False,No,0,0,1,1,0,Non-Incapacitating Injury,10:51:00,1,0,2015,Friday,Pedalcyclist,,AIRPORT BLVD,Intersection,30.31206477,Daylight,-97.71535247,One Motor Vehicle - Turning Left,,Not Applicable,,Not Applicable,False,NONE,,City Street,"Straight, Level",Main/Proper Lane,On Roadway,,40,E 51ST ST,804,Wet,Signal Light With Red Light Running Camera,Rain,"Worn, Not Damaged"
14243394,True,False,,Austin Police Department,False,,,150240408,False,No,0,1,0,1,0,Incapacitating Injury,05:38:00,1,0,2015,Saturday,Pedalcyclist,,,Non Intersection,30.32689477,"Dark, Lighted",-97.72573519,One Motor Vehicle - Going Straight,,Attention Diverted From Driving,,Not Applicable,False,NONE,,City Street,"Straight, Level",Main/Proper Lane,On Roadway,,40,N LAMAR BLVD,5800,Dry,Marked Lanes,Clear,Not Worn
14266345,False,False,,Austin Police Department,False,,,150251273,False,No,0,0,1,2,0,Non-Incapacitating Injury,16:00:00,1,0,2015,Sunday,Pedalcyclist,,,Non Intersection,,Daylight,,One Motor Vehicle - Backing,,One Vehicle Backward From Parking,,In A Parking Lot,True,HUFFY PINK BICYCLE SN#SNHTC 12564792,,Non Trafficway,"Straight, Level",Other (Explain In Narrative),Not Applicable,,-1,BURNS ST,NO DATA,Dry,None,Clear,"Worn, Unk Damage"
14277440,True,False,,Austin Police Department,True,,,150250501,False,No,0,0,1,0,0,Non-Incapacitating Injury,08:10:00,1,3,2015,Sunday,Pedalcyclist,,WOODROW AVE,Intersection,30.32414477,Daylight,-97.73582246,One Motor Vehicle - Going Straight,,Not Applicable,,Not Applicable,False,NONE,,City Street,"Straight, Grade",Main/Proper Lane,On Roadway,,30,NORTHLOOP BLVD W,1400,Dry,Stop Sign,Clear,"Worn, Not Damaged"
14251491,False,False,,Austin Police Department,True,,,150260568,False,No,0,0,0,2,0,Not Injured,10:47:00,0,1,2015,Monday,Pedalcyclist,,LIGHTSEY RD,Intersection,30.23243479,Daylight,-97.76571246,One Motor Vehicle - Going Straight,,Not Applicable,,Not Applicable,False,NONE,,City Street,"Straight, Grade",Main/Proper Lane,On Roadway,,35,S 1ST ST,3301,Dry,Signal Light,Clear,Unknown If Worn
14245420,False,False,44197,Austin Police Department,True,44197,2014,150270997,False,No,0,1,0,1,0,Incapacitating Injury,15:25:00,1,0,2015,Tuesday,Pedalcyclist,State Loop,ARBORETUM BLVD,Intersection,30.3884096,Daylight,-97.7516787,One Motor Vehicle - Going Straight,4,Attention Diverted From Driving,10,Not Applicable,False,NONE,291,US & State Highways,"Straight, Grade",Main/Proper Lane,On Roadway,"4 Or More Lanes, Divided",-1,SL0360,NO DATA,Dry,Bike Lane,Clear,"Worn, Unk Damage"
14280356,True,False,,Austin Police Department,True,,,150280952,False,No,0,0,1,1,0,Non-Incapacitating Injury,14:19:00,1,0,2015,Wednesday,Pedalcyclist,,SAN JACINTO BLVD,Intersection,30.28930477,Daylight,-97.73460246,One Motor Vehicle - Going Straight,,Not Applicable,,Not Applicable,False,BLACK BICYCLE,,City Street,"Straight, Level",Main/Proper Lane,On Roadway,,30,W DEAN KEETON ST,398,Dry,Signal Light,Clear,"Worn, Damaged"
14247630,False,False,115456,Austin Police Department,True,115456,2014,150291054,False,No,0,0,0,1,1,Possible Injury,14:48:00,1,0,2015,Thursday,Pedalcyclist,US Highway,BURNET RD,Intersection Related,30.37323465,Daylight,-97.7264686,One Motor Vehicle - Turning Right,6,Not Applicable,10,Not Applicable,False,NONE,260,US & State Highways,"Straight, Level",Service/Frontage Road,On Roadway,"4 Or More Lanes, Divided",-1,US0183,NO DATA,Dry,Yield Sign,Clear,Not Worn