Crash ID,$1000 Damage to Any One Person's Property,Active School Zone Flag,Adjusted Average Daily Traffic Amount,Agency,At Intersection Flag,Average Daily Traffic Amount,Average Daily Traffic Year,Case ID,Construction Zone Flag,Construction Zone Workers Present Flag,Crash Death Count,Crash Incapacitating Injury Count,Crash Non-incapacitating Injury Count,Crash Not Injured Count,Crash Possible Injury Count,Crash Severity,Crash Time,Crash Total Injury Count,Crash Unknown Injury Count,Crash Year,Day of Week,First Harmful Event,Highway System,Intersecting Street Name,Intersection Related,Latitude,Light Condition,Longitude,Manner of Collision,Number of Lanes,Other Factor,Outside Shoulder Width on Divided Highway,Physical Feature 1,Private Drive Flag,Property Damages,Right of Way Usual Width,Road Class,Roadway Alignment,Roadway Part,Roadway Relation,Roadway Type,Speed Limit,Street Name,Street Number,Surface Condition,Traffic Control Type,Weather Condition,Person Helmet
14270598,False,False,,Austin Police Department,False,,,150290870,False,No,0,0,1,1,0,Non-Incapacitating Injury,12:56:00,1,0,2015,Thursday,Pedalcyclist,,,Driveway Access,30.27492768,Daylight,-97.7464413,One Motor Vehicle - Backing,,One Vehicle Leaving Driveway,,Entrance To Or Exit From Private Property Or Driveway,False,NONE,,City Street,"Straight, Level",Main/Proper Lane,On Roadway,,30,NUECES ST,1159,Dry,Marked Lanes,Clear,"Worn, Unk Damage"
14280271,True,False,,Austin Police Department,True,,,150300575,False,No,0,0,1,1,0,Non-Incapacitating Injury,09:40:00,1,0,2015,Friday,Pedalcyclist,,AVENUE B,Intersection,30.30772477,Daylight,-97.73254246,One Motor Vehicle - Going Straight,,Not Applicable,,Not Applicable,False,NONE,,City Street,"Straight, Level",Main/Proper Lane,On Roadway,,30,W 43RD ST,400,Dry,Yield Sign,Clear,Unknown If Worn
14280967,False,False,,Austin Police Department,True,,,150301504,False,No,0,0,0,1,1,Possible Injury,18:39:00,1,0,2015,Friday,Pedalcyclist,,BETHUNE AVE,Intersection,30.33010477,Dusk,-97.69829247,One Motor Vehicle - Going Straight,,Not Applicable,,Not Applicable,False,NONE,,City Street,"Straight, Level",Main/Proper Lane,On Roadway,,35,E ST JOHNS AVE,1012,Dry,Stop Sign,Clear,Unknown If Worn
14282623,False,False,,Austin Police Department,True,,,150321457,False,No,0,0,1,1,0,Non-Incapacitating Injury,16:00:00,1,0,2015,Sunday,Pedalcyclist,,BISSONET LN,Intersection,30.34191476,Daylight,-97.71248247,One Motor Vehicle - Turning Left,,Not Applicable,,Not Applicable,False,BICYCLE,,City Street,"Straight, Level",Main/Proper Lane,On Roadway,,30,GUADALUPE ST,7521,Dry,None,Clear,Not Worn
14290389,True,False,124466,Austin Police Department,True,124466,2014,150340613,False,No,0,0,1,1,0,Non-Incapacitating Injury,11:42:00,1,0,2015,Tuesday,Pedalcyclist,Interstate,MIDDLE FISKVILLE RD,Intersection Related,30.36993557,Daylight,-97.68065186,One Motor Vehicle - Turning Right,6,Not Applicable,10,Not Applicable,False,NONE,300,Interstate,"Curve, Level",Main/Proper Lane,On Roadway,"4 Or More Lanes, Divided",55,IH0035,NO DATA,Wet,Marked Lanes,Rain,Not Worn
14266466,False,False,,Austin Police Department,False,,,150381531,False,No,0,0,1,6,0,Non-Incapacitating Injury,20:32:00,1,0,2015,Saturday,Pedalcyclist,,,Non Intersection,30.40747114,"Dark, Lighted",-97.71568174,One Motor Vehicle - Going Straight,,Attention Diverted From Driving,,Not Applicable,False,NONE,,City Street,"Straight, Level",Main/Proper Lane,On Roadway,,40,DUVAL RD,3000,Dry,Center Stripe/Divider,Clear,Not Worn
14264102,True,False,,Austin Police Department,True,,,150391334,False,No,0,0,0,1,1,Possible Injury,18:30:00,1,0,2015,Sunday,Pedalcyclist,,AIRPORT BLVD,Intersection,30.31206477,"Dark, Lighted",-97.71535247,One Motor Vehicle - Turning Left,,Not Applicable,,Not Applicable,False,NONE,,City Street,"Straight, Level",Main/Proper Lane,On Roadway,,-1,E 51ST ST,804,Dry,Signal Light With Red Light Running Camera,Clear,Not Worn
14296292,True,False,,Austin Police Department,False,,,150400386,False,No,0,0,0,1,1,Possible Injury,08:30:00,1,0,2015,Monday,Pedalcyclist,,,Non Intersection,30.27940442,Daylight,-97.74463078,One Motor Vehicle - Going Straight,,Not Applicable,,Not Applicable,False,NONE,,City Street,"Straight, Level",Main/Proper Lane,On Roadway,,30,W 16TH ST,584,Dry,None,Clear,"Worn, Damaged"
14290543,False,False,22613,Austin Police Department,False,22613,2014,150421799,False,No,0,1,0,0,0,Incapacitating Injury,22:05:00,1,1,2015,Wednesday,Pedalcyclist,State Loop,,Non Intersection,30.2626694,"Dark, Lighted",-97.74180984,One Motor Vehicle - Going Straight,4,Not Applicable,10,Not Applicable,False,NONE,80,US & State Highways,"Straight, Level",Main/Proper Lane,On Roadway,"4 Or More Lanes, Undivided",-1,SL0343,327,Dry,None,Clear,Not Worn
14272258,False,False,,Austin Police Department,False,,,150430747,False,No,0,0,1,2,0,Non-Incapacitating Injury,11:19:00,1,0,2015,Thursday,Pedalcyclist,,,Driveway Access,30.35156478,Daylight,-97.77192245,One Motor Vehicle - Going Straight,,One Vehicle Leaving Driveway,,Entrance To Or Exit From Private Property Or Driveway,False,NONE,,City Street,"Straight, Level",Main/Proper Lane,On Roadway,,35,MESA DR,6400,Dry,Center Stripe/Divider,Clear,"Worn, Unk Damage"
14292891,False,False,,Austin Police Department,True,,,150440419,False,No,0,0,1,1,0,Non-Incapacitating Injury,07:56:00,1,0,2015,Friday,Pedalcyclist,,MARY ST E,Intersection,30.24515478,Daylight,-97.75132246,One Motor Vehicle - Turning Right,,Attention Diverted From Driving,,Not Applicable,False,NONE,,City Street,"Straight, Level",Main/Proper Lane,On Roadway,,35,CONGRESS AVE S,1899,Dry,Signal Light,Clear,"Worn, Unk Damage"
14306876,False,False,29304,Austin Police Department,True,29304,2014,150451377,False,No,0,0,1,1,0,Non-Incapacitating Injury,18:14:00,1,0,2015,Saturday,Pedalcyclist,State Loop,SANDRA MURAIDA WAY,Intersection Related,30.2664069,Dusk,-97.75552108,One Motor Vehicle - Going Straight,4,Not Applicable,7,Not Applicable,False,NONE,74,US & State Highways,"Straight, Level",Main/Proper Lane,On Roadway,"4 Or More Lanes, Undivided",32,SL0343,910,Dry,Marked Lanes,Clear,Not Worn
14282566,False,False,,Austin Police Department,False,,,150490487,False,No,0,0,1,1,0,Non-Incapacitating Injury,09:09:00,1,0,2015,Wednesday,Pedalcyclist,,,Driveway Access,30.25642363,Daylight,-97.74715288,One Motor Vehicle - Turning Right,,One Vehicle Entering Driveway,,Entrance To Or Exit From Private Property Or Driveway,False,NONE,,City Street,"Straight, Level",Main/Proper Lane,On Roadway,,35,CONGRESS AVE S,515,Dry,None,Clear,"Worn, Unk Damage"
14290259,False,False,,Austin Police Department,True,,,150520848,False,No,0,0,0,5,1,Possible Injury,12:15:00,1,0,2015,Saturday,Pedalcyclist,,MARY ST E,Intersection,30.24515478,Daylight,-97.75132246,One Motor Vehicle - Turning Right,,Not Applicable,,Not Applicable,False,NONE,,City Street,"Straight, Level",Main/Proper Lane,On Roadway,,35,CONGRESS AVE S,1899,Dry,Marked Lanes,Cloudy,"Worn, Not Damaged"
14290321,True,False,,Austin Police Department,False,,,150521513,False,No,0,0,1,1,0,Non-Incapacitating Injury,19:23:00,1,0,2015,Saturday,Pedalcyclist,,,Non Intersection,30.26163953,"Dark, Lighted",-97.72867576,One Motor Vehicle - Going Straight,,Swerved Or Veered-Reason Not Specified,,Not Applicable,False,NONE,,City Street,"Straight, Level",Main/Proper Lane,On Roadway,,35,E 4TH ST,1469,Dry,None,Clear,Not Worn
14298031,False,False,,Austin Police Department,False,,,150520881,False,No,0,1,0,3,0,Incapacitating Injury,12:35:00,1,0,2015,Saturday,Pedalcyclist,,,Non Intersection,30.32743477,Daylight,-97.69723921,One Motor Vehicle - Going Straight,,Not Applicable,,Not Applicable,False,NONE,,City Street,"Straight, Level",Main/Proper Lane,On Roadway,,25,MEADOR AVE,6991,Dry,None,Cloudy,Not Worn
14320678,False,False,,Austin Police Department,False,,,150580265,False,No,0,0,1,0,0,Non-Incapacitating Injury,05:02:00,1,1,2015,Friday,Pedalcyclist,,,Non Intersection,30.17108896,"Dark, Not Lighted",-97.62664111,One Motor Vehicle - Going Straight,,Attention Diverted From Driving,,Not Applicable,False,NONE,,City Street,"Straight, Level",Main/Proper Lane,On Roadway,,45,PEARCE LN,12451,Dry,None,Clear,Not Worn
14341167,False,False,,Austin Police Department,True,,,150621434,False,No,0,0,0,1,1,Possible Injury,19:57:00,1,0,2015,Tuesday,Pedalcyclist,,LEON ST,Intersection,30.28827478,"Dark, Lighted",-97.74933246,One Motor Vehicle - Turning Left,,Not Applicable,,Not Applicable,False,NONE,,City Street,"Straight, Hillcrest",Main/Proper Lane,On Roadway,,-1,W 24TH ST,1100,Wet,Marked Lanes,Cloudy,Unknown If Worn
14341227,False,False,34215,Austin Police Department,True,34215,2014,150641350,False,No,0,0,0,2,0,Not Injured,18:55:00,0,0,2015,Thursday,Pedalcyclist,State Loop,KINNEY RD,Intersection Related,30.2476193,"Dark, Lighted",-97.77293717,One Motor Vehicle - Turning Left,4,Attention Diverted From Driving,0,Not Applicable,False,BICYCLE,80,US & State Highways,"Straight, Grade",Main/Proper Lane,On Roadway,"4 Or More Lanes, Undivided",40,SL0343,2199,Dry,Stop Sign,Clear,"Worn, Not Damaged"
14326544,False,False,,Austin Police Department,False,,,150701969,False,No,0,1,0,2,0,Incapacitating Injury,22:59:00,1,0,2015,Wednesday,Pedalcyclist,,,Non Intersection,30.24271508,"Dark, Not Lighted",-97.71707976,One Motor Vehicle - Going Straight,,Not Applicable,,Not Applicable,False,NONE,,City Street,"Straight, Level",Main/Proper Lane,On Roadway,,45,S PLEASANT VALLEY RD,978,Dry,Marked Lanes,Clear,Not Worn
14326652,False,False,,Austin Police Department,True,,,150711786,False,No,0,0,1,1,0,Non-Incapacitating Injury,20:45:00,1,0,2015,Thursday,Pedalcyclist,,E 13TH ST,Intersection,30.27475478,"Dark, Lighted",-97.72011247,One Motor Vehicle - Turning Left,,Not Applicable,,Not Applicable,False,NONE,,City Street,"Straight, Level",Main/Proper Lane,On Roadway,,30,CHICON ST,1299,Dry,Marked Lanes,Clear,Not Worn
14326815,True,False,,Austin Police Department,False,,,150720923,False,No,0,1,0,1,0,Incapacitating Injury,12:29:00,1,0,2015,Friday,Pedalcyclist,,,Driveway Access,30.35923091,Daylight,-97.69443971,One Motor Vehicle - Turning Left,,One Vehicle Entering Driveway,,Entrance To Or Exit From Private Property Or Driveway,False,NONE,,City Street,"Straight, Level",Main/Proper Lane,On Roadway,,30,GEORGIAN DR,9208,Dry,Marked Lanes,Clear,Not Worn
14360137,False,False,,Austin Police Department,True,,,150731386,False,No,0,0,0,2,0,Not Injured,17:47:00,0,0,2015,Saturday,Pedalcyclist,,W 21ST ST,Intersection,30.28414478,Daylight,-97.74661246,One Motor Vehicle - Going Straight,,Not Applicable,,Not Applicable,False,NONE,,City Street,"Straight, Level",Main/Proper Lane,On Roadway,,25,PEARL ST,1999,Dry,Other (Explain In Narrative),Clear,Unknown If Worn
14334519,False,False,,Austin Police Department,False,,,150741265,False,No,0,0,1,1,0,Non-Incapacitating Injury,16:05:00,1,0,2015,Sunday,Pedalcyclist,,,Driveway Access,30.23719141,Daylight,-97.77616848,One Motor Vehicle - Turning Left,,One Vehicle Entering Driveway,,Entrance To Or Exit From Private Property Or Driveway,False,NONE,,City Street,"Straight, Level",Main/Proper Lane,On Roadway,,25,S OAK DR,3303,Dry,None,Cloudy,Unknown If Worn
14352259,True,False,,Austin Police Department,False,,,150740345,False,No,0,0,2,0,0,Non-Incapacitating Injury,02:31:00,2,1,2015,Sunday,Pedalcyclist,,E 4TH ST,Intersection Related,30.26115946,"Dark, Lighted",-97.72740462,One Motor Vehicle - Going Straight,,Not Applicable,,Not Applicable,False,NONE,,City Street,"Straight, Grade",Main/Proper Lane,On Roadway,,30,COMAL ST,390,Dry,Center Stripe/Divider,Clear,Not Worn
14352259,True,False,,Austin Police Department,False,,,150740345,False,No,0,0,2,0,0,Non-Incapacitating Injury,02:31:00,2,1,2015,Sunday,Pedalcyclist,,E 4TH ST,Intersection Related,30.26115946,"Dark, Lighted",-97.72740462,One Motor Vehicle - Going Straight,,Not Applicable,,Not Applicable,False,NONE,,City Street,"Straight, Grade",Main/Proper Lane,On Roadway,,30,COMAL ST,390,Dry,Center Stripe/Divider,Clear,Not Worn
14350640,False,False,130691,Austin Police Department,False,130691,2014,150751187,False,No,0,0,0,3,1,Possible Injury,16:10:00,1,0,2015,Monday,Pedalcyclist,Interstate,US0183,Intersection Related,30.3392898,Daylight,-97.70004109,One Motor Vehicle - Going Straight,6,Not Applicable,10,Not Applicable,False,NONE,300,Interstate,"Curve, Grade",Service/Frontage Road,On Roadway,"4 Or More Lanes, Divided",50,IH0035,NO DATA,Dry,Yield Sign,Clear,Not Worn
14334633,False,False,,Austin Police Department,True,,,150770848,False,No,0,0,1,1,0,Non-Incapacitating Injury,12:03:00,1,0,2015,Wednesday,Pedalcyclist,,E 2ND ST,Intersection,30.25870478,Daylight,-97.72622247,One Motor Vehicle - Going Straight,,Attention Diverted From Driving,,Not Applicable,False,NONE,,City Street,"Straight, Level",Main/Proper Lane,On Roadway,,30,CHALMERS AVE,201,Dry,Stop Sign,Clear,Unknown If Worn
14341444,True,False,,Austin Police Department,False,,,150770076,False,No,0,0,1,1,0,Non-Incapacitating Injury,00:36:00,1,0,2015,Wednesday,Pedalcyclist,,,Non Intersection,30.23246847,"Dark, Lighted",-97.73246977,One Motor Vehicle - Going Straight,,Not Applicable,,Not Applicable,False,NONE,,City Street,"Straight, Grade",Main/Proper Lane,On Roadway,,30,BURTON DR,2088,Wet,None,Clear,Not Worn
14360159,False,False,33647,Austin Police Department,True,33647,2014,150770924,False,No,0,0,1,1,0,Non-Incapacitating Injury,12:51:00,1,0,2015,Wednesday,Pedalcyclist,State Loop,W RIVERSIDE DR,Intersection,30.26449154,Daylight,-97.75711525,One Motor Vehicle - Going Straight,6,Not Applicable,0,Not Applicable,False,NONE,120,US & State Highways,"Straight, Level",Main/Proper Lane,On Roadway,"4 Or More Lanes, Divided",30,SL0343,NO DATA,Dry,Signal Light,Clear,Unknown If Worn
14334665,False,False,,Austin Police Department,False,,,150780059,False,No,0,0,0,2,0,Not Injured,00:30:00,0,1,2015,Thursday,Pedalcyclist,,,Non Intersection,30.23828517,"Dark, Lighted",-97.7620466,One Motor Vehicle - Going Straight,,Not Applicable,,Not Applicable,False,NONE,,City Street,"Straight, Level",Main/Proper Lane,On Roadway,,35,S 1ST ST,2691,Dry,Marked Lanes,Clear,Unknown If Worn
14347436,True,False,,Austin Police Department,True,,,150781985,False,No,0,1,0,1,0,Incapacitating Injury,21:05:00,1,0,2015,Thursday,Pedalcyclist,,W 35TH ST,Intersection,30.30507477,"Dark, Lighted",-97.74925246,One Motor Vehicle - Turning Left,,Not Applicable,,Not Applicable,False,NONE,,City Street,"Curve, Grade",Main/Proper Lane,On Roadway,,30,W 34TH ST,NO DATA,Dry,None,Clear,Not Worn
14360269,False,False,,Austin Police Department,False,,,150810386,False,No,0,0,0,5,0,Not Injured,02:51:00,0,0,2015,Sunday,Pedalcyclist,,,Non Intersection,30.26663764,Unknown,-97.74512103,One Motor Vehicle - Going Straight,,Attention Diverted From Driving,,Not Applicable,False,NONE,,City Street,Unknown,Main/Proper Lane,On Roadway,,30,W 4TH ST,204,Dry,None,Clear,Not Worn
14360269,False,False,,Austin Police Department,False,,,150810386,False,No,0,0,0,5,0,Not Injured,02:51:00,0,0,2015,Sunday,Pedalcyclist,,,Non Intersection,30.26663764,Unknown,-97.74512103,One Motor Vehicle - Going Straight,,Attention Diverted From Driving,,Not Applicable,False,NONE,,City Street,Unknown,Main/Proper Lane,On Roadway,,30,W 4TH ST,204,Dry,None,Clear,Not Worn
14392270,True,False,34215,Austin Police Department,True,34215,2014,150811421,False,No,0,0,2,1,0,Non-Incapacitating Injury,17:33:00,2,0,2015,Sunday,Pedalcyclist,State Loop,SL0360,Intersection,30.24729227,Daylight,-97.77525007,One Motor Vehicle - Turning Left,4,Not Applicable,0,Not Applicable,False,NONE,80,US & State Highways,"Straight, Level",Main/Proper Lane,On Roadway,"4 Or More Lanes, Undivided",45,SL0343,2301,Dry,Marked Lanes,Clear,Unknown If Worn
14392270,True,False,34215,Austin Police Department,True,34215,2014,150811421,False,No,0,0,2,1,0,Non-Incapacitating Injury,17:33:00,2,0,2015,Sunday,Pedalcyclist,State Loop,SL0360,Intersection,30.24729227,Daylight,-97.77525007,One Motor Vehicle - Turning Left,4,Not Applicable,0,Not Applicable,False,NONE,80,US & State Highways,"Straight, Level",Main/Proper Lane,On Roadway,"4 Or More Lanes, Undivided",45,SL0343,2301,Dry,Marked Lanes,Clear,Unknown If Worn
14351176,False,False,,Austin Police Department,True,,,150820834,False,No,0,0,1,0,0,Non-Incapacitating Injury,12:21:00,1,1,2015,Monday,Pedalcyclist,,WOODWARD ST,Intersection,30.22780479,Daylight,-97.75630246,One Motor Vehicle - Going Straight,,Not Applicable,,Not Applicable,False,NONE,,City Street,"Straight, Level",Main/Proper Lane,On Roadway,,25,WILLOW SPRINGS RD,3401,Dry,Bike Lane,Clear,Unknown If Worn
14355832,True,False,,Austin Police Department,True,,,150830353,False,No,0,0,1,1,0,Non-Incapacitating Injury,08:14:00,1,0,2015,Tuesday,Pedalcyclist,,E 5TH ST,Intersection,30.26215478,Daylight,-97.72695247,One Motor Vehicle - Going Straight,,Not Applicable,,Not Applicable,False,NONE,,City Street,"Straight, Level",Main/Proper Lane,On Roadway,,35,COMAL ST,499,Dry,Stop Sign,Clear,"Worn, Not Damaged"
14360349,False,False,,Austin Police Department,True,,,150831536,False,No,0,0,0,1,1,Possible Injury,19:12:00,1,0,2015,Tuesday,Pedalcyclist,,W 5TH ST,Intersection,30.26977478,Daylight,-97.75314246,One Motor Vehicle - Going Straight,,Not Applicable,,Not Applicable,False,NONE,,City Street,"Straight, Level",Main/Proper Lane,On Roadway,,-1,BOWIE ST,499,Dry,Signal Light,Clear,"Worn, Unk Damage"
14343526,True,False,,Austin Police Department,False,,,150840438,False,No,0,0,1,1,0,Non-Incapacitating Injury,08:51:00,1,0,2015,Wednesday,Pedalcyclist,,,Driveway Access,30.30407609,Daylight,-97.69876598,One Motor Vehicle - Turning Left,,One Vehicle Entering Driveway,,Entrance To Or Exit From Private Property Or Driveway,False,NONE,,City Street,"Straight, Grade",Main/Proper Lane,Off Roadway,,-1,BERKMAN DR,5115,Dry,Center Stripe/Divider,Clear,"Worn, Unk Damage"
14360371,False,False,,Austin Police Department,False,,,150840229,False,No,0,0,1,1,0,Non-Incapacitating Injury,05:45:00,1,0,2015,Wednesday,Pedalcyclist,,,Non Intersection,30.20422694,"Dark, Unknown Lighting",-97.71388055,One Motor Vehicle - Going Straight,,Not Applicable,,Not Applicable,False,NONE,,City Street,"Straight, Level",Main/Proper Lane,On Roadway,,45,BURLESON RD,6503,Dry,Marked Lanes,Clear,Not Worn
14360395,False,False,,Austin Police Department,True,,,150841408,False,No,0,0,1,1,0,Non-Incapacitating Injury,17:56:00,1,0,2015,Wednesday,Pedalcyclist,,ALOMAR CV,Intersection Related,30.16797479,Daylight,-97.6200825,One Motor Vehicle - Going Straight,,Not Applicable,,Not Applicable,False,NONE,,City Street,"Straight, Level",Main/Proper Lane,On Roadway,,45,PEARCE LN,13098,Dry,Stop Sign,Clear,Not Worn
14360399,False,False,,Austin Police Department,False,,,150840904,False,No,0,0,0,2,1,Possible Injury,13:19:00,1,0,2015,Wednesday,Pedalcyclist,,,Non Intersection,,Unknown,,One Motor Vehicle - Going Straight,,One Vehicle Leaving Driveway,,In A Parking Lot,False,NONE,,Non Trafficway,Unknown,Main/Proper Lane,Not Applicable,,35,BARTON SPRINGS RD,NO DATA,Dry,None,Unknown,Not Worn
14351679,False,False,,Austin Police Department,True,,,150861816,False,No,0,0,1,2,0,Non-Incapacitating Injury,20:16:00,1,0,2015,Friday,Pedalcyclist,,CHICON ST,Intersection Related,30.26969478,"Dark, Lighted",-97.71902247,One Motor Vehicle - Turning Left,,Not Applicable,,Not Applicable,False,NONE,,City Street,"Straight, Grade",Main/Proper Lane,On Roadway,,35,ROSEWOOD AVE,NO DATA,Dry,Signal Light With Red Light Running Camera,Clear,Not Worn
14372573,True,False,,Austin Police Department,True,,,150870964,False,No,0,0,0,1,1,Possible Injury,12:43:00,1,0,2015,Saturday,Pedalcyclist,,RICHARDINE AVE,Intersection,30.27193478,Daylight,-97.68563248,One Motor Vehicle - Going Straight,,Not Applicable,,Not Applicable,False,NONE,,City Street,"Straight, Grade",Main/Proper Lane,On Roadway,,30,LEDESMA RD,5200,Dry,Stop Sign,Clear,Unknown If Worn
14378437,True,False,,Austin Police Department,False,,,150871210,False,No,0,0,1,5,0,Non-Incapacitating Injury,15:25:00,1,0,2015,Saturday,Pedalcyclist,,,Non Intersection,30.18818155,Daylight,-97.76803608,One Motor Vehicle - Going Straight,,Not Applicable,,Not Applicable,False,NONE,,City Street,"Straight, Level",Main/Proper Lane,On Roadway,,40,BLUFF SPRINGS RD,6642,Dry,Center Stripe/Divider,Clear,Unknown If Worn
14372603,True,False,,Austin Police Department,False,,,150891426,False,No,0,0,0,2,3,Possible Injury,17:49:00,3,0,2015,Monday,Motor Vehicle In Transport,,,Non Intersection,30.32317477,Daylight,-97.72807245,Opposite Direction - Both Going Straight,,Not Applicable,,Not Applicable,False,NONE,,City Street,"Straight, Level",Main/Proper Lane,On Roadway,,45,N LAMAR BLVD,5500,Dry,Marked Lanes,Clear,Not Worn
14356260,False,False,,Austin Police Department,False,,,150910427,False,No,0,0,0,2,0,Not Injured,08:24:00,0,0,2015,Wednesday,Pedalcyclist,,,Driveway Access,30.25582206,Daylight,-97.74737139,One Motor Vehicle - Turning Left,,One Vehicle Entering Driveway,,Entrance To Or Exit From Private Property Or Driveway,False,NONE,,City Street,"Straight, Level",Main/Proper Lane,On Roadway,,35,CONGRESS AVE S,602,Dry,None,Cloudy,"Worn, Unk Damage"
14368486,True,False,197636,Austin Police Department,True,197636,2014,150911816,False,No,0,1,0,1,0,Incapacitating Injury,21:16:00,1,0,2015,Wednesday,Pedalcyclist,Interstate,SL0343,Intersection,30.24802183,"Dark, Lighted",-97.73534685,One Motor Vehicle - Going Straight,6,Not Applicable,10,Not Applicable,False,NONE,300,Interstate,"Straight, Level",Service/Frontage Road,On Roadway,"4 Or More Lanes, Divided",-1,IH0035,NO DATA,Dry,Signal Light,Clear,Not Worn
14362825,False,False,,Austin Police Department,False,,,150921400,False,No,0,1,0,3,0,Incapacitating Injury,17:31:00,1,0,2015,Thursday,Pedalcyclist,,,Non Intersection,30.27342205,Daylight,-97.69889224,One Motor Vehicle - Going Straight,,Not Applicable,,Not Applicable,False,NONE,,City Street,"Straight, Level",Main/Proper Lane,On Roadway,,30,OAK SPRINGS DR,3145,Dry,Bike Lane,Clear,Unknown If Worn
14392341,False,False,,Austin Police Department,True,,,150921604,False,No,0,0,0,5,1,Possible Injury,19:47:00,1,0,2015,Thursday,Pedalcyclist,,BARTON SPRINGS RD,Intersection Related,30.25890478,Daylight,-97.74621246,One Motor Vehicle - Turning Right,,Not Applicable,,Not Applicable,False,NONE,,City Street,"Straight, Grade",Main/Proper Lane,On Roadway,,40,CONGRESS AVE S,301,Dry,Bike Lane,Clear,"Worn, Not Damaged"
14378886,True,False,,Austin Police Department,True,,,150931659,False,No,0,0,1,1,0,Non-Incapacitating Injury,19:00:00,1,0,2015,Friday,Pedalcyclist,,DAWSON RD,Intersection,30.26032478,Daylight,-97.75569246,One Motor Vehicle - Turning Left,,Attention Diverted From Driving,,Not Applicable,False,NONE,,City Street,"Straight, Level",Main/Proper Lane,On Roadway,,30,BARTON SPRINGS RD,1100,Dry,Signal Light,Clear,Not Worn
14372893,True,False,,Austin Police Department,False,,,150941113,False,No,0,0,1,1,0,Non-Incapacitating Injury,15:49:00,1,0,2015,Saturday,Pedalcyclist,US Highway,,Non Intersection,,Daylight,,One Motor Vehicle - Going Straight,,One Vehicle Leaving Driveway,,Private Drive Or Road,False,NONE,,Non Trafficway,"Straight, Level",Service/Frontage Road,Not Applicable,,-1,US0290,NO DATA,Dry,None,Clear,Not Worn
14372956,False,False,148494,Austin Police Department,True,148494,2014,150960514,False,No,0,0,0,0,1,Possible Injury,09:20:00,1,1,2015,Monday,Pedalcyclist,Interstate,E 5TH ST,Intersection,30.26479309,Daylight,-97.73498848,One Motor Vehicle - Turning Right,6,Not Applicable,5,Not Applicable,False,NONE,300,Interstate,"Straight, Level",Main/Proper Lane,On Roadway,"4 Or More Lanes, Divided",30,IH0035,NO DATA,Dry,Stop Sign,Clear,Not Worn
14376114,False,False,,Austin Police Department,False,,,150961296,False,No,0,0,0,2,0,Not Injured,17:36:00,0,0,2015,Monday,Pedalcyclist,,,Non Intersection,,Daylight,,One Motor Vehicle - Going Straight,,One Vehicle Leaving Driveway,,Private Drive Or Road,True,NONE,,Non Trafficway,"Straight, Level",Other (Explain In Narrative),Not Applicable,,-1,W SLAUGHTER LN,NO DATA,Dry,Stop Sign,Clear,Unknown If Worn
14373018,False,False,,Austin Police Department,False,,,150970633,False,No,0,0,0,1,1,Possible Injury,10:10:00,1,0,2015,Tuesday,Pedalcyclist,,,Non Intersection,,Daylight,,One Motor Vehicle - Going Straight,,Not Applicable,,In A Parking Lot,True,NONE,,Non Trafficway,"Straight, Level",Main/Proper Lane,Not Applicable,,-1,E 6TH ST,NO DATA,Dry,None,Clear,Not Worn
14373020,False,False,,Austin Police Department,False,,,150971302,False,No,0,0,1,1,0,Non-Incapacitating Injury,16:12:00,1,0,2015,Tuesday,Pedalcyclist,,,Non Intersection,,Daylight,,One Motor Vehicle - Going Straight,,One Vehicle Leaving Driveway,,In A Parking Lot,False,NONE,,Non Trafficway,"Straight, Level",Main/Proper Lane,Not Applicable,,30,GUADALUPE ST,NO DATA,Dry,Marked Lanes,Clear,Not Worn
14378854,False,False,34215,Austin Police Department,False,34215,2014,150990951,False,No,0,0,0,1,1,Possible Injury,14:13:00,1,0,2015,Thursday,Pedalcyclist,State Loop,,Non Intersection,30.24772289,Daylight,-97.77247961,One Motor Vehicle - Going Straight,4,Attention Diverted From Driving,0,Not Applicable,False,NONE,80,US & State Highways,"Straight, Level",Main/Proper Lane,On Roadway,"4 Or More Lanes, Undivided",-1,SL0343,2174,Dry,Flashing Red Light,Clear,Unknown If Worn
14376267,False,False,,Austin Police Department,False,,,151001090,False,No,0,0,1,1,0,Non-Incapacitating Injury,14:31:00,1,0,2015,Friday,Pedalcyclist,,,Driveway Access,30.32584668,Daylight,-97.72639296,One Motor Vehicle - Turning Right,,One Vehicle Entering Driveway,,Entrance To Or Exit From Private Property Or Driveway,False,NONE,,Interstate,"Straight, Level",Main/Proper Lane,On Roadway,,-1,N LAMAR BLVD,NO DATA,Dry,None,Clear,Not Worn
14376354,False,False,,Austin Police Department,True,,,151001389,False,No,0,0,1,1,0,Non-Incapacitating Injury,15:30:00,1,0,2015,Friday,Pedalcyclist,,UNKNOWN,Intersection,30.31769477,Daylight,-97.72117247,One Motor Vehicle - Turning Right,,Not Applicable,,Not Applicable,False,NONE,,City Street,"Straight, Level",Main/Proper Lane,On Roadway,,35,E NORTH LOOP BLVD,198,Dry,Center Stripe/Divider,Clear,Not Worn