Crash ID,$1000 Damage to Any One Person's Property,Active School Zone Flag,Adjusted Average Daily Traffic Amount,Agency,At Intersection Flag,Average Daily Traffic Amount,Average Daily Traffic Year,Case ID,Construction Zone Flag,Construction Zone Workers Present Flag,Crash Death Count,Crash Incapacitating Injury Count,Crash Non-incapacitating Injury Count,Crash Not Injured Count,Crash Possible Injury Count,Crash Severity,Crash Time,Crash Total Injury Count,Crash Unknown Injury Count,Crash Year,Day of Week,First Harmful Event,Highway System,Intersecting Street Name,Intersection Related,Latitude,Light Condition,Longitude,Manner of Collision,Number of Lanes,Other Factor,Outside Shoulder Width on Divided Highway,Physical Feature 1,Private Drive Flag,Property Damages,Right of Way Usual Width,Road Class,Roadway Alignment,Roadway Part,Roadway Relation,Roadway Type,Speed Limit,Street Name,Street Number,Surface Condition,Traffic Control Type,Weather Condition,Person Helmet
14383969,False,False,,Austin Police Department,True,,,151001277,False,No,0,0,0,1,1,Possible Injury,16:21:00,1,0,2015,Friday,Pedalcyclist,,W 12TH ST,Intersection Related,30.27642478,Daylight,-97.74984246,One Motor Vehicle - Going Straight,,Not Applicable,,Not Applicable,False,NONE,,City Street,"Straight, Grade",Main/Proper Lane,On Roadway,,30,SHOAL CREEK BLVD,1199,Dry,Signal Light,Clear,Not Worn
14383973,False,False,,Austin Police Department,False,,,151001538,False,No,0,0,1,1,0,Non-Incapacitating Injury,18:22:00,1,0,2015,Friday,Pedalcyclist,,,Driveway Access,30.27208677,Daylight,-97.75544061,One Motor Vehicle - Turning Right,,One Vehicle Entering Driveway,,Entrance To Or Exit From Private Property Or Driveway,False,NONE,,City Street,"Straight, Level",Main/Proper Lane,On Roadway,,30,W 6TH ST,1109,Dry,Bike Lane,Clear,Unknown If Worn
14383990,False,False,,Austin Police Department,False,,,151010034,False,No,0,1,0,1,0,Incapacitating Injury,00:17:00,1,0,2015,Saturday,Pedalcyclist,,,Non Intersection,,"Dark, Lighted",,One Motor Vehicle - Going Straight,,Not Applicable,,In A Parking Lot,True,NONE,,Non Trafficway,"Straight, Level",Other (Explain In Narrative),Not Applicable,,-1,STONELAKE BLVD,NO DATA,Dry,None,Clear,Not Worn
14384049,False,False,,Austin Police Department,False,,,151021486,False,No,0,1,0,2,0,Incapacitating Injury,19:58:00,1,0,2015,Sunday,Pedalcyclist,,,Non Intersection,30.31161664,Daylight,-97.73429444,One Motor Vehicle - Going Straight,,Vehicle Changing Lanes,,Not Applicable,False,NONE,,City Street,"Straight, Level",Main/Proper Lane,On Roadway,,35,W 45TH ST,709,Dry,Marked Lanes,Cloudy,"Worn, Not Damaged"
14381370,True,False,,Austin Police Department,True,,,151041814,False,No,0,0,0,1,1,Possible Injury,21:42:00,1,0,2015,Tuesday,Pedalcyclist,,THUNDER CREEK RD,Intersection,30.41569475,"Dark, Lighted",-97.74835245,One Motor Vehicle - Turning Left,,Not Applicable,,Not Applicable,False,NONE,,City Street,"Straight, Level",Main/Proper Lane,On Roadway,,45,JOLLYVILLE RD,11581,Dry,Stop Sign,Clear,"Worn, Unk Damage"
14385413,False,False,,Austin Police Department,False,,,151040865,False,No,0,0,1,1,0,Non-Incapacitating Injury,13:13:00,1,0,2015,Tuesday,Pedalcyclist,,,Non Intersection,30.28919194,Daylight,-97.73039525,One Motor Vehicle - Going Straight,,One Vehicle Forward From Parking,,Parking Area Within Right Of Way,False,NONE,,City Street,"Straight, Grade",Main/Proper Lane,On Roadway,,35,E DEAN KEETON ST,805,Dry,None,Clear,Not Worn
14396455,False,False,,Austin Police Department,True,,,151041756,False,No,0,0,1,1,0,Non-Incapacitating Injury,23:00:00,1,0,2015,Tuesday,Pedalcyclist,,ROBERT E LEE RD,Intersection,30.26474478,"Dark, Lighted",-97.76495246,One Motor Vehicle - Going Straight,,Attention Diverted From Driving,,Not Applicable,False,NONE,,City Street,"Straight, Level",Main/Proper Lane,On Roadway,,35,BARTON SPRINGS RD,NO DATA,Dry,Bike Lane,Clear,"Worn, Not Damaged"
14392710,False,False,,Austin Police Department,True,,,151070400,False,No,0,0,0,2,0,Not Injured,07:06:00,0,0,2015,Friday,Pedalcyclist,,BOLM RD,Intersection Related,30.26110478,Daylight,-97.69611248,One Motor Vehicle - Going Straight,,Not Applicable,,Not Applicable,False,NONE,,City Street,"Straight, Level",Main/Proper Lane,On Roadway,,-1,MANSELL AVE,1099,Dry,Marked Lanes,Cloudy,Not Worn
14396681,True,False,,Austin Police Department,False,,,151071340,False,No,0,0,1,1,0,Non-Incapacitating Injury,17:13:00,1,0,2015,Friday,Pedalcyclist,,,Non Intersection,,Daylight,,One Motor Vehicle - Going Straight,,One Vehicle Leaving Driveway,,In A Parking Lot,False,NONE,,Non Trafficway,"Straight, Level",Main/Proper Lane,Not Applicable,,40,W BRAKER LN,NO DATA,Wet,Bike Lane,Rain,Unknown If Worn
14452962,False,False,,Austin Police Department,True,,,151071703,False,No,0,0,0,1,1,Possible Injury,20:37:00,1,0,2015,Friday,Pedalcyclist,,W 46TH ST,Intersection,30.31282477,"Dark, Lighted",-97.73164246,One Motor Vehicle - Going Straight,,Not Applicable,,Not Applicable,False,NONE,,City Street,"Straight, Level",Main/Proper Lane,On Roadway,,-1,GUADALUPE ST,4599,Wet,Stop Sign,Rain,"Worn, Not Damaged"
14498512,False,False,,Austin Police Department,False,,,151071058,False,No,0,0,1,2,0,Non-Incapacitating Injury,14:37:00,1,0,2015,Friday,Pedalcyclist,,NOT REPORTED,Driveway Access,30.25715478,Daylight,-97.74688246,One Motor Vehicle - Turning Right,,One Vehicle Entering Driveway,,Entrance To Or Exit From Private Property Or Driveway,False,NONE,,City Street,"Straight, Level",Main/Proper Lane,On Roadway,,45,CONGRESS AVE S,400,Dry,Center Stripe/Divider,Clear,Unknown If Worn
14394008,False,False,,Austin Police Department,False,,,151091220,False,No,0,0,0,3,0,Not Injured,17:31:00,0,0,2015,Sunday,Pedalcyclist,,NOT REPORTED,Non Intersection,,Daylight,,One Motor Vehicle - Going Straight,,Attention Diverted From Driving,,In A Parking Lot,False,NONE,,Non Trafficway,"Straight, Grade",Main/Proper Lane,Not Applicable,,-1,S GUADALUPE ST,NO DATA,Dry,None,Clear,Unknown If Worn
14394498,False,False,18049,Austin Police Department,True,18049,2014,151090920,False,No,0,0,1,1,0,Non-Incapacitating Injury,14:00:00,1,0,2015,Sunday,Pedalcyclist,Farm To Market,PARK AT WOODLANDS DR,Intersection,30.27309487,Daylight,-97.63434235,One Motor Vehicle - Turning Right,4,Not Applicable,0,One Or More Traffic Lanes Closed,False,NONE,100,Farm To Market,"Straight, Level",Main/Proper Lane,On Roadway,"4 Or More Lanes, Undivided",55,FM0969,9100,Dry,Marked Lanes,Clear,Unknown If Worn
14410648,False,False,,Austin Police Department,False,,,156900247,False,No,0,0,1,3,0,Non-Incapacitating Injury,02:30:00,1,0,2015,Tuesday,Pedalcyclist,,,Non Intersection,30.26894477,"Dark, Unknown Lighting",-97.73865246,One Motor Vehicle - Backing,,One Vehicle Backward From Parking,,Parking Area Within Right Of Way,False,NONE,,City Street,"Straight, Level",Main/Proper Lane,On Roadway,,35,TRINITY ST,800,Dry,None,Clear,Not Worn
14403173,False,False,,Austin Police Department,False,,,151141455,False,No,0,0,1,1,0,Non-Incapacitating Injury,18:07:00,1,0,2015,Friday,Pedalcyclist,,,Non Intersection,,Daylight,,One Motor Vehicle - Going Straight,,One Vehicle Leaving Driveway,,In A Parking Lot,True,NONE,,Non Trafficway,"Straight, Level",Other (Explain In Narrative),Not Applicable,,-1,WEST GATE BLVD,NO DATA,Dry,None,Clear,Not Worn
14530994,False,False,,Austin Police Department,False,,,151161352,False,No,0,0,0,1,1,Possible Injury,18:38:00,1,0,2015,Sunday,Pedalcyclist,,,Non Intersection,,Daylight,,One Motor Vehicle - Going Straight,,Attention Diverted From Driving,,In A Parking Lot,True,NONE,,Non Trafficway,"Straight, Level",Main/Proper Lane,Not Applicable,,-1,PARK PLAZA AVE,NO DATA,Dry,None,Clear,Not Worn
14414844,False,False,,Austin Police Department,True,,,151171004,False,No,0,0,0,1,1,Possible Injury,13:19:00,1,0,2015,Monday,Pedalcyclist,,,Non Intersection,,Daylight,,One Motor Vehicle - Going Straight,,One Vehicle Leaving Driveway,,In A Parking Lot,True,NONE,,Non Trafficway,"Straight, Level",Main/Proper Lane,Not Applicable,,10,W GUADALUPE ST,NO DATA,Dry,Stop Sign,Clear,Not Worn
14414901,False,False,,Austin Police Department,False,,,151171062,False,No,0,0,1,0,0,Non-Incapacitating Injury,13:49:00,1,0,2015,Monday,Pedalcyclist,,,Non Intersection,30.21789364,Daylight,-97.77488663,One Motor Vehicle - Going Straight,,Not Applicable,,Not Applicable,False,NONE,,City Street,"Straight, Level",Main/Proper Lane,On Roadway,,40,S 1ST ST,4542,Dry,Marked Lanes,Clear,Not Worn
14406825,True,False,,Austin Police Department,True,,,151180443,False,No,0,0,1,1,0,Non-Incapacitating Injury,08:43:00,1,0,2015,Tuesday,Pedalcyclist,,KRAMER LN,Intersection Related,30.39093475,Daylight,-97.71406246,One Motor Vehicle - Turning Right,,Attention Diverted From Driving,,Not Applicable,False,NONE,,City Street,"Curve, Grade",Main/Proper Lane,On Roadway,,45,W BRAKER LN,NO DATA,Wet,Warning Sign,Cloudy,"Worn, Not Damaged"
14406865,False,False,,Austin Police Department,False,,,151181118,False,No,0,0,0,3,0,Not Injured,15:30:00,0,0,2015,Tuesday,Pedalcyclist,,S PLEASANT VALLEY RD,Intersection Related,30.23442716,Daylight,-97.72406475,One Motor Vehicle - Turning Right,,Attention Diverted From Driving,,Not Applicable,False,NONE,,City Street,"Straight, Level",Main/Proper Lane,On Roadway,,-1,E RIVERSIDE DR,NO DATA,Dry,None,Cloudy,Unknown If Worn
14415179,True,False,,Austin Police Department,True,,,151211507,False,No,0,0,1,1,0,Non-Incapacitating Injury,19:28:00,1,0,2015,Friday,Pedalcyclist,,W WILLIAM CANNON DR,Intersection,30.22489479,Daylight,-97.85500243,One Motor Vehicle - Going Straight,,Attention Diverted From Driving,,Not Applicable,False,NONE,,City Street,"Straight, Level",Main/Proper Lane,On Roadway,,45,BECKETT RD,NO DATA,Dry,Signal Light,Clear,"Worn, Not Damaged"
14573910,True,False,,Austin Police Department,False,,,151231069,False,No,0,0,1,0,0,Non-Incapacitating Injury,11:00:00,1,1,2015,Friday,Pedalcyclist,,,Non Intersection,30.28768612,Daylight,-97.74159191,One Motor Vehicle - Turning Left,,Attention Diverted From Driving,,Not Applicable,False,NONE,,City Street,"Straight, Level",Main/Proper Lane,On Roadway,,-1,W 24TH ST,402,Dry,None,Clear,"Worn, Unk Damage"
14415232,True,False,,Austin Police Department,False,,,151221395,False,No,0,1,0,1,0,Incapacitating Injury,18:37:00,1,0,2015,Saturday,Pedalcyclist,,,Non Intersection,30.40071361,Daylight,-97.74757153,One Motor Vehicle - Going Straight,,Not Applicable,,Not Applicable,False,NONE,,City Street,"Straight, Level",Main/Proper Lane,On Roadway,,-1,W BRAKER LN,4851,Dry,None,Clear,"Worn, Damaged"
14415305,True,False,,Austin Police Department,False,,,151240302,False,No,0,0,1,0,0,Non-Incapacitating Injury,22:30:00,1,1,2015,Sunday,Pedalcyclist,,,Non Intersection,30.22163931,"Dark, Unknown Lighting",-97.74217315,One Motor Vehicle - Going Straight,,Attention Diverted From Driving,,Not Applicable,False,NONE,,City Street,"Straight, Level",Main/Proper Lane,On Roadway,,30,PARKER LN,3299,Dry,Marked Lanes,Unknown,Not Worn
14423495,True,False,,Austin Police Department,False,,,151250569,False,No,0,0,1,1,0,Non-Incapacitating Injury,08:15:00,1,0,2015,Tuesday,Pedalcyclist,,,Driveway Access,30.16713419,Daylight,-97.79092662,One Motor Vehicle - Turning Right,,One Vehicle Entering Driveway,,Entrance To Or Exit From Private Property Or Driveway,False,NONE,,Farm To Market,"Straight, Level",Other (Explain In Narrative),Off Roadway,,-1,W SLAUGHTER LN,NO DATA,Dry,None,Cloudy,Unknown If Worn
14419016,False,False,,Austin Police Department,False,,,151260274,False,No,0,0,1,1,0,Non-Incapacitating Injury,06:58:00,1,0,2015,Wednesday,Pedalcyclist,,,Non Intersection,30.34844706,Daylight,-97.67677062,One Motor Vehicle - Going Straight,,Not Applicable,,Not Applicable,False,NONE,,City Street,"Straight, Level",Main/Proper Lane,On Roadway,,-1,CAMERON RD,NO DATA,Dry,None,Clear,Not Worn
14431932,False,False,,Austin Police Department,False,,,151271130,False,No,0,0,1,1,0,Non-Incapacitating Injury,16:13:00,1,0,2015,Thursday,Pedalcyclist,,UNKNOWN,Intersection Related,30.19151666,Daylight,-97.77386149,One Motor Vehicle - Turning Left,,Not Applicable,,Not Applicable,False,NONE,,City Street,"Straight, Level",Other (Explain In Narrative),On Roadway,,15,E WILLIAM CANNON DR,NO DATA,Dry,Signal Light,Cloudy,Unknown If Worn
14429383,True,False,,Austin Police Department,False,,,151310831,False,No,0,0,0,2,1,Possible Injury,12:50:00,1,0,2015,Monday,Motor Vehicle In Transport,,GROVE BLVD,Intersection Related,30.22699801,Daylight,-97.70803027,Same Direction - One Straight-One Stopped,,"Slowing/Stopping-For Pedestrian, Pedalcyclist, etc. In Road",,Not Applicable,False,NONE,,City Street,"Straight, Level",Main/Proper Lane,On Roadway,,40,E RIVERSIDE DR,NO DATA,Wet,Signal Light With Red Light Running Camera,Rain,"Worn, Not Damaged"
14434091,True,False,,Austin Police Department,False,,,151331087,False,No,0,0,1,1,0,Non-Incapacitating Injury,15:46:00,1,0,2015,Wednesday,Pedalcyclist,,,Non Intersection,30.2735516,Daylight,-97.69092584,One Motor Vehicle - Going Straight,,Vision Obstructed By Moving Vehicle,,Not Applicable,False,NONE,,City Street,"Straight, Level",Main/Proper Lane,On Roadway,,25,OAK SPRINGS DR,3842,Wet,Marked Lanes,Rain,Not Worn
14452761,True,False,,Austin Police Department,True,,,151330728,False,No,0,0,0,1,1,Possible Injury,11:43:00,1,0,2015,Wednesday,Pedalcyclist,,WOODVIEW AVE,Intersection,30.32500477,Daylight,-97.74390246,One Motor Vehicle - Going Straight,,Not Applicable,,Not Applicable,False,NONE,,City Street,"Straight, Level",Main/Proper Lane,On Roadway,,35,HANCOCK DR,NO DATA,Wet,Bike Lane,Rain,Unknown If Worn
14457449,True,False,,Austin Police Department,False,,,151341841,False,No,0,0,0,1,1,Possible Injury,21:43:00,1,0,2015,Thursday,Pedalcyclist,,,Driveway Access,30.36137936,"Dark, Lighted",-97.72945924,One Motor Vehicle - Turning Left,,One Vehicle Entering Driveway,,Entrance To Or Exit From Private Property Or Driveway,False,NONE,,City Street,"Straight, Level",Main/Proper Lane,On Roadway,,30,BURNET RD,8190,Dry,Marked Lanes,Clear,Unknown If Worn
14457470,True,False,33647,Austin Police Department,True,33647,2014,151361390,False,No,0,0,1,1,0,Non-Incapacitating Injury,19:16:00,1,0,2015,Saturday,Pedalcyclist,State Loop,TREADWELL ST,Intersection,30.25603639,Daylight,-97.76151136,One Motor Vehicle - Turning Right,4,Attention Diverted From Driving,0,Not Applicable,False,NONE,80,US & State Highways,"Straight, Level",Main/Proper Lane,On Roadway,"4 Or More Lanes, Undivided",35,SL0343,999,Dry,None,Clear,Not Worn
14444084,True,False,20895,Austin Police Department,True,20895,2014,151381196,True,No,0,0,2,1,0,Non-Incapacitating Injury,15:35:00,2,1,2015,Monday,Motor Vehicle In Transport,State Loop,RED RIVER ST,Intersection,30.2618442,Daylight,-97.73886871,Same Direction - Both Going Straight-Rear End,4,Construction - Within Posted Road Construction Zone (Not Related To Crash),10,Not Applicable,False,NONE,80,US & State Highways,"Straight, Level",Main/Proper Lane,On Roadway,"4 Or More Lanes, Undivided",35,SL0343,598,Dry,Signal Light With Red Light Running Camera,Clear,Not Worn
14454525,True,False,,Austin Police Department,True,,,151411267,False,No,0,0,0,1,1,Possible Injury,16:54:00,1,0,2015,Thursday,Pedalcyclist,,E BEN WHITE BLVD,Intersection Related,30.22048479,Daylight,-97.75830246,One Motor Vehicle - Turning Right,,Not Applicable,,Not Applicable,False,NONE,,City Street,"Straight, Level",Main/Proper Lane,On Roadway,,45,WAREHOUSE ROW,4099,Dry,Stop Sign,Cloudy,Unknown If Worn
14453523,True,False,,Austin Police Department,True,,,151421605,False,No,0,0,1,1,0,Non-Incapacitating Injury,18:39:00,1,0,2015,Friday,Pedalcyclist,,SHEPARD DR,Intersection,30.35800476,Daylight,-97.69916247,One Motor Vehicle - Going Straight,,Attention Diverted From Driving,,Not Applicable,False,NONE,,City Street,"Straight, Level",Main/Proper Lane,On Roadway,,-1,CARPENTER AVE,706,Dry,None,Cloudy,Not Worn
14467010,True,False,,Austin Police Department,False,,,151421398,False,No,0,0,1,2,0,Non-Incapacitating Injury,16:55:00,1,0,2015,Friday,Pedalcyclist,,,Non Intersection,30.29601502,Daylight,-97.7424198,One Motor Vehicle - Turning Left,,Attention Diverted From Driving,,Not Applicable,False,NONE,,City Street,"Straight, Level",Main/Proper Lane,On Roadway,,35,GUADALUPE ST,2918,Dry,Bike Lane,Cloudy,Unknown If Worn
14663285,False,False,,Austin Police Department,True,,,151421501,False,No,0,0,1,3,0,Non-Incapacitating Injury,17:54:00,1,0,2015,Friday,Pedalcyclist,,BRANCHWOOD DR,Intersection,30.1799948,Daylight,-97.75977246,One Motor Vehicle - Going Straight,,Not Applicable,,Not Applicable,False,NONE,,City Street,"Straight, Level",Main/Proper Lane,On Roadway,,30,BLUE MEADOW DR,2598,Dry,Stop Sign,Cloudy,Unknown If Worn
14478649,False,False,,Austin Police Department,True,,,151481598,False,No,0,0,0,1,1,Possible Injury,18:43:00,1,0,2015,Thursday,Pedalcyclist,,COLORADO ST,Intersection,30.26466478,Daylight,-97.74552246,One Motor Vehicle - Turning Left,,Not Applicable,,Not Applicable,False,NONE,,City Street,"Straight, Level",Main/Proper Lane,On Roadway,,-1,W 2ND ST,200,Dry,Signal Light,Clear,"Worn, Unk Damage"
14465210,True,False,,"Department Of Public Safety, State Of Texas",True,,,,False,No,0,1,0,1,0,Incapacitating Injury,16:50:00,1,0,2015,Saturday,Pedalcyclist,,E 17TH ST,Intersection,30.27804478,Daylight,-97.73643246,One Motor Vehicle - Going Straight,,Attention Diverted From Driving,,Not Applicable,False,NONE,,City Street,"Straight, Level",Main/Proper Lane,On Roadway,,30,SAN JACINTO BLVD,1701,Wet,Bike Lane,Rain,Not Worn
14463444,False,False,,Austin Police Department,False,,,151510824,False,No,0,0,1,3,0,Non-Incapacitating Injury,12:38:00,1,0,2015,Sunday,Pedalcyclist,,,Driveway Access,30.26120886,Daylight,-97.6981663,One Motor Vehicle - Turning Left,,One Vehicle Entering Driveway,,Entrance To Or Exit From Private Property Or Driveway,False,NONE,,City Street,"Straight, Level",Main/Proper Lane,On Roadway,,30,BOLM RD,4611,Dry,Bike Lane,Clear,Unknown If Worn
14479310,True,False,,Austin Police Department,False,,,151511689,False,No,0,0,1,1,0,Non-Incapacitating Injury,21:09:00,1,0,2015,Sunday,Pedalcyclist,,,Non Intersection,30.26383478,"Dark, Lighted",-97.74435246,One Motor Vehicle - Going Straight,,Not Applicable,,Not Applicable,False,NONE,,City Street,"Straight, Level",Main/Proper Lane,On Roadway,,35,CONGRESS AVE,80,Dry,Marked Lanes,Clear,Not Worn
14465136,False,False,148494,Austin Police Department,True,148494,2014,151521280,False,No,0,0,1,1,0,Non-Incapacitating Injury,16:35:00,1,0,2015,Monday,Pedalcyclist,Interstate,E 4TH ST,Intersection Related,30.26390097,Daylight,-97.73535224,One Motor Vehicle - Going Straight,6,Attention Diverted From Driving,5,Not Applicable,False,NONE,300,Interstate,"Straight, Level",Main/Proper Lane,On Roadway,"4 Or More Lanes, Divided",30,IH0035,NO DATA,Dry,Stop Sign,Clear,Not Worn
14465342,False,False,122507,Austin Police Department,True,122507,2014,151530755,False,No,0,0,1,0,0,Non-Incapacitating Injury,11:17:00,1,2,2015,Tuesday,Pedalcyclist,US Highway,GREAT HILLS TRL,Intersection Related,30.39404956,Daylight,-97.74647834,One Motor Vehicle - Going Straight,6,Not Applicable,10,Not Applicable,False,NONE,260,US & State Highways,"Straight, Level",Main/Proper Lane,On Roadway,"4 Or More Lanes, Divided",35,US0183,NO DATA,Dry,Signal Light,Clear,Not Worn
14502768,True,False,,Austin Police Department,True,,,151531662,False,No,0,1,0,0,0,Incapacitating Injury,19:54:00,1,1,2015,Tuesday,Pedalcyclist,,KANDY DR,Intersection,30.21149479,Daylight,-97.83482244,One Motor Vehicle - Turning Left,,Attention Diverted From Driving,,Not Applicable,False,NONE,,City Street,"Straight, Level",Main/Proper Lane,On Roadway,,-1,CONVICT HILL RD,3776,Wet,Marked Lanes,Cloudy,Unknown If Worn
14469362,False,False,,Austin Police Department,True,,,151541345,False,No,0,0,0,0,2,Possible Injury,16:29:00,2,0,2015,Wednesday,Pedalcyclist,,AIRPORT BLVD,Intersection Related,30.33395477,Daylight,-97.71692247,One Motor Vehicle - Turning Right,,Not Applicable,,Not Applicable,False,NONE,,City Street,"Straight, Level",Main/Proper Lane,On Roadway,,-1,GUADALUPE ST,6799,Dry,Marked Lanes,Clear,"Worn, Not Damaged"
14479309,False,False,26658,Austin Police Department,True,26658,2014,151541564,False,No,0,0,0,3,1,Possible Injury,18:15:00,1,0,2015,Wednesday,Pedalcyclist,Ranch To Mkt,WOODROW AVE,Intersection,30.33088548,Daylight,-97.73154794,One Motor Vehicle - Turning Left,4,Attention Diverted From Driving,0,Not Applicable,False,NONE,70,Farm To Market,"Straight, Level",Main/Proper Lane,On Roadway,"4 Or More Lanes, Undivided",35,RM2222,1400,Dry,Signal Light,Clear,"Worn, Not Damaged"
14491791,False,False,,Austin Police Department,True,,,151551572,False,No,0,0,1,1,0,Non-Incapacitating Injury,18:32:00,1,0,2015,Thursday,Pedalcyclist,,UNKNOWN,Intersection,30.30059477,Daylight,-97.75916246,One Motor Vehicle - Turning Left,,Not Applicable,,Not Applicable,False,NONE,,US & State Highways,"Straight, Level",Main/Proper Lane,On Roadway,,35,WESTOVER RD,2100,Dry,Stop Sign,Clear,"Worn, Damaged"
14504718,True,False,,Austin Police Department,True,,,151550415,False,No,0,0,1,1,0,Non-Incapacitating Injury,07:49:00,1,0,2015,Thursday,Pedalcyclist,,CHICON ST,Intersection,30.27375478,Daylight,-97.71989247,One Motor Vehicle - Turning Left,,Attention Diverted From Driving,,Not Applicable,False,NONE,,City Street,"Straight, Level",Main/Proper Lane,On Roadway,,35,E 12TH ST,1901,Dry,Signal Light,Clear,"Worn, Not Damaged"
14481594,True,False,,Austin Police Department,False,,,151571536,False,No,1,0,0,2,0,Killed,18:34:00,0,0,2015,Saturday,Pedalcyclist,,,Non Intersection,30.29825668,Daylight,-97.64946172,One Motor Vehicle - Going Straight,,Not Applicable,,Not Applicable,False,NONE,,City Street,"Straight, Level",Main/Proper Lane,On Roadway,,30,JOHNNY MORRIS RD,6485,Dry,Center Stripe/Divider,Clear,Not Worn
14475244,False,False,,Austin Police Department,True,,,151580719,False,No,0,0,0,2,0,Not Injured,10:31:00,0,0,2015,Sunday,Pedalcyclist,,E 38TH ST,Intersection,30.29560477,Daylight,-97.72339247,One Motor Vehicle - Turning Right,,Not Applicable,,Not Applicable,False,NONE,,City Street,"Straight, Level",Main/Proper Lane,On Roadway,,35,RED RIVER ST,NO DATA,Dry,Stop Sign,Clear,Not Worn
14498737,True,False,,Austin Police Department,False,,,151580618,False,No,0,1,0,1,0,Incapacitating Injury,09:00:00,1,0,2015,Sunday,Pedalcyclist,,UNKNOWN,Intersection,30.15762554,Daylight,-97.74276327,One Motor Vehicle - Going Straight,,Attention Diverted From Driving,,Not Applicable,False,NONE,,City Street,"Curve, Grade",Main/Proper Lane,On Roadway,,30,THAXTON RD,8000,Dry,Marked Lanes,Clear,"Worn, Not Damaged"
14491956,False,False,,Austin Police Department,True,,,151591858,False,No,0,0,1,1,0,Non-Incapacitating Injury,21:58:00,1,0,2015,Monday,Pedalcyclist,,JAMES ST W,Intersection,30.25111478,"Dark, Lighted",-97.74912246,One Motor Vehicle - Going Straight,,Attention Diverted From Driving,,Not Applicable,False,NONE,,City Street,"Straight, Level",Main/Proper Lane,On Roadway,,-1,CONGRESS AVE S,1299,Dry,Signal Light,Clear,Unknown If Worn
14483564,False,False,,Austin Police Department,True,,,151600586,False,No,0,1,0,1,0,Incapacitating Injury,07:00:00,1,0,2015,Tuesday,Pedalcyclist,,MOUNTAINWOOD CIR,Intersection,30.37763476,Daylight,-97.74750245,One Motor Vehicle - Going Straight,,Attention Diverted From Driving,,Not Applicable,False,NONE,,City Street,"Straight, Level",Main/Proper Lane,On Roadway,,30,HYRIDGE DR,3898,Dry,Stop Sign,Clear,Not Worn
14481487,True,False,,Austin Police Department,True,,,151610219,False,No,0,0,1,1,0,Non-Incapacitating Injury,04:14:00,1,0,2015,Wednesday,Pedalcyclist,,LOYOLA LN,Intersection,30.30263477,"Dark, Lighted",-97.66109248,One Motor Vehicle - Going Straight,,Not Applicable,,Not Applicable,False,NONE,,City Street,"Straight, Level",Main/Proper Lane,On Roadway,,55,ED BLUESTEIN BLVD,NO DATA,Dry,Signal Light,Clear,Not Worn
14506372,False,False,,Austin Police Department,True,,,151680293,False,No,0,0,0,1,1,Possible Injury,07:35:00,1,0,2015,Wednesday,Pedalcyclist,,PONCA ST,Intersection Related,30.23757478,Daylight,-97.69533248,One Motor Vehicle - Going Straight,,Not Applicable,,Not Applicable,False,GREEN TREK BICYCLE,,City Street,"Straight, Level",Main/Proper Lane,On Roadway,,30,MONTOPOLIS DR,699,Dry,Signal Light,Cloudy,Not Worn
14506907,False,False,,Austin Police Department,True,,,151710852,False,No,0,0,1,1,0,Non-Incapacitating Injury,12:17:00,1,0,2015,Saturday,Pedalcyclist,,W ANDERSON LN,Intersection Related,30.35972476,Daylight,-97.73825246,One Motor Vehicle - Going Straight,,Not Applicable,,Not Applicable,False,NONE,,City Street,"Straight, Level",Main/Proper Lane,On Roadway,,30,ROCKWOOD LN,7901,Dry,Signal Light,Cloudy,Not Worn
14507081,False,False,,Austin Police Department,True,,,151740248,False,No,0,0,1,1,0,Non-Incapacitating Injury,05:09:00,1,0,2015,Tuesday,Pedalcyclist,,UNKNOWN,Intersection,30.39059474,"Dark, Lighted",-97.73946031,One Motor Vehicle - Going Straight,,Not Applicable,,Not Applicable,False,NONE,,US & State Highways,"Straight, Level",Main/Proper Lane,On Roadway,,45,N CAPITAL OF TEXAS HWY,9999,Dry,Marked Lanes,Clear,"Worn, Unk Damage"
14507156,False,False,113017,Austin Police Department,True,113017,2014,151761405,False,No,0,0,1,4,0,Non-Incapacitating Injury,17:30:00,1,0,2015,Thursday,Pedalcyclist,US Highway,IH0035,Intersection Related,30.21931084,Daylight,-97.7567846,One Motor Vehicle - Going Straight,6,Not Applicable,10,Not Applicable,False,NONE,380,US & State Highways,"Straight, Level",Service/Frontage Road,On Roadway,"4 Or More Lanes, Divided",-1,US0290,NO DATA,Dry,Stop Sign,Clear,Not Worn
14511893,False,False,22775,Austin Police Department,True,22775,2014,151801875,False,No,0,0,0,2,1,Possible Injury,22:50:00,1,0,2015,Monday,Pedalcyclist,State Loop,,Non Intersection,30.27356299,"Dark, Lighted",-97.69790834,One Motor Vehicle - Going Straight,4,Slowing/Stopping-For Traffic,2,Not Applicable,False,NONE,160,US & State Highways,"Straight, Grade",Main/Proper Lane,On Roadway,"4 Or More Lanes, Undivided",-1,SL0111,1149,Dry,Center Stripe/Divider,Clear,Unknown If Worn
14514210,True,False,41709,Austin Police Department,False,41709,2014,151820847,False,No,0,0,1,1,0,Non-Incapacitating Injury,12:24:00,1,0,2015,Wednesday,Pedalcyclist,Ranch To Mkt,,Driveway Access,30.42824354,Daylight,-97.84286352,One Motor Vehicle - Turning Left,4,One Vehicle Entering Driveway,8,Entrance To Or Exit From Private Property Or Driveway,False,NONE,120,Farm To Market,"Straight, Level",Main/Proper Lane,On Roadway,"4 Or More Lanes, Undivided",50,RM0620,NO DATA,Dry,Marked Lanes,Clear,"Worn, Unk Damage"