Crash ID,$1000 Damage to Any One Person's Property,Active School Zone Flag,Adjusted Average Daily Traffic Amount,Agency,At Intersection Flag,Average Daily Traffic Amount,Average Daily Traffic Year,Case ID,Construction Zone Flag,Construction Zone Workers Present Flag,Crash Death Count,Crash Incapacitating Injury Count,Crash Non-incapacitating Injury Count,Crash Not Injured Count,Crash Possible Injury Count,Crash Severity,Crash Time,Crash Total Injury Count,Crash Unknown Injury Count,Crash Year,Day of Week,First Harmful Event,Highway System,Intersecting Street Name,Intersection Related,Latitude,Light Condition,Longitude,Manner of Collision,Number of Lanes,Other Factor,Outside Shoulder Width on Divided Highway,Physical Feature 1,Private Drive Flag,Property Damages,Right of Way Usual Width,Road Class,Roadway Alignment,Roadway Part,Roadway Relation,Roadway Type,Speed Limit,Street Name,Street Number,Surface Condition,Traffic Control Type,Weather Condition,Person Helmet
14537097,False,False,,Austin Police Department,False,,,151831352,False,No,0,0,1,0,0,Non-Incapacitating Injury,17:06:00,1,1,2015,Thursday,Pedalcyclist,,,Driveway Access,30.36317322,Daylight,-97.69730305,One Motor Vehicle - Going Straight,,One Vehicle Leaving Driveway,,Entrance To Or Exit From Private Property Or Driveway,False,NONE,,City Street,"Straight, Level",Other (Explain In Narrative),On Roadway,,-1,W RUNDBERG LN,NO DATA,Dry,None,Clear,Not Worn
14520757,True,False,29839,Austin Police Department,True,29839,2014,151840908,False,No,0,0,1,1,0,Non-Incapacitating Injury,12:33:00,1,0,2015,Friday,Pedalcyclist,State Loop,W RUNDBERG LN,Intersection Related,30.3630463,Daylight,-97.69702522,One Motor Vehicle - Going Straight,4,Not Applicable,0,Not Applicable,False,NONE,125,US & State Highways,"Straight, Level",Main/Proper Lane,On Roadway,"4 Or More Lanes, Undivided",35,SL0275,NO DATA,Dry,Signal Light,Clear,Not Worn
14526736,False,False,,Austin Police Department,True,,,151871380,False,No,0,0,1,1,0,Non-Incapacitating Injury,18:06:00,1,0,2015,Monday,Pedalcyclist,,GREENWOOD AVE,Intersection,30.28819477,Daylight,-97.70032247,One Motor Vehicle - Going Straight,,Vision Obstructed By Other Visual Obstructions,,Not Applicable,False,NONE,,City Street,"Straight, Level",Main/Proper Lane,On Roadway,,35,MANOR RD,3499,Dry,Stop Sign,Clear,Not Worn
14528105,False,False,,Austin Police Department,False,,,151872038,False,No,0,0,0,1,1,Possible Injury,23:54:00,1,0,2015,Monday,Pedalcyclist,,WEST AVE,Intersection Related,30.27021631,"Dark, Lighted",-97.75054227,One Motor Vehicle - Going Straight,,Not Applicable,,Not Applicable,False,NONE,,City Street,"Straight, Grade",Main/Proper Lane,On Roadway,,30,W 6TH ST,795,Dry,Signal Light,Clear,Not Worn
14537152,False,False,,Austin Police Department,False,,,151881439,False,No,0,0,1,1,0,Non-Incapacitating Injury,17:32:00,1,0,2015,Tuesday,Pedalcyclist,,,Driveway Access,30.25867593,Daylight,-97.75100279,One Motor Vehicle - Turning Right,,One Vehicle Entering Driveway,,Entrance To Or Exit From Private Property Or Driveway,False,NONE,,City Street,"Straight, Level",Main/Proper Lane,On Roadway,,40,BARTON SPRINGS RD,681,Dry,Bike Lane,Clear,Not Worn
15585297,False,False,,Austin Police Department,False,,,151891420,False,No,0,0,0,1,1,Possible Injury,18:54:00,1,0,2015,Wednesday,Pedalcyclist,,,Driveway Access,30.2609257,Daylight,-97.75868461,One Motor Vehicle - Turning Left,,One Vehicle Entering Driveway,,Entrance To Or Exit From Private Property Or Driveway,False,NONE,,City Street,"Straight, Level",Main/Proper Lane,On Roadway,,30,BARTON SPRINGS RD,1325,Dry,None,Clear,"Worn, Not Damaged"
14531371,False,False,,Austin Police Department,False,,,151910895,False,No,0,0,1,1,0,Non-Incapacitating Injury,12:34:00,1,0,2015,Friday,Pedalcyclist,,,Driveway Access,30.42381144,Daylight,-97.7566332,One Motor Vehicle - Turning Right,,One Vehicle Entering Driveway,,Entrance To Or Exit From Private Property Or Driveway,False,NONE,,City Street,"Straight, Level",Other (Explain In Narrative),On Roadway,,45,JOLLYVILLE RD,11885,Dry,Marked Lanes,Cloudy,Not Worn
14537670,True,False,,Austin Police Department,False,,,151960357,False,No,0,0,1,1,0,Non-Incapacitating Injury,07:31:00,1,0,2015,Wednesday,Pedalcyclist,,,Non Intersection,30.43119157,Daylight,-97.766016,One Motor Vehicle - Going Straight,,Slowing/Stopping-Reason Not Specified,,Not Applicable,False,NONE,,City Street,"Straight, Level",Main/Proper Lane,On Roadway,,45,JOLLYVILLE RD,12207,Dry,Marked Lanes,Clear,"Worn, Not Damaged"
14537717,False,False,,Austin Police Department,True,,,151961509,False,No,0,0,1,1,0,Non-Incapacitating Injury,19:14:00,1,0,2015,Wednesday,Pedalcyclist,,WILLIAM BARTON DR,Intersection,30.26606478,Daylight,-97.76887246,One Motor Vehicle - Turning Left,,Vision Obstructed By Headlight Or Sun Glare,,Not Applicable,False,NONE,,City Street,"Curve, Level",Main/Proper Lane,On Roadway,,35,BARTON SPRINGS RD,NO DATA,Dry,Marked Lanes,Clear,"Worn, Damaged"
14539646,False,False,,Austin Police Department,True,,,151980484,False,No,0,0,0,1,1,Possible Injury,08:00:00,1,0,2015,Friday,Pedalcyclist,,W 2ND ST,Intersection,30.26429478,Daylight,-97.74420246,One Motor Vehicle - Turning Left,,Not Applicable,,Not Applicable,False,BICYCLE,,City Street,"Straight, Level",Main/Proper Lane,On Roadway,,30,CONGRESS AVE,199,Dry,Signal Light,Clear,"Worn, Unk Damage"
14539650,True,False,,Austin Police Department,True,,,151980454,False,No,0,0,0,1,1,Possible Injury,07:52:00,1,0,2015,Friday,Pedalcyclist,,,Driveway Access,30.40320475,Daylight,-97.74805246,One Motor Vehicle - Turning Right,,One Vehicle Leaving Driveway,,Entrance To Or Exit From Private Property Or Driveway,False,NONE,,City Street,"Straight, Level",Other (Explain In Narrative),On Roadway,,40,JOLLYVILLE RD,10927,Dry,Bike Lane,Clear,Not Worn
14555738,False,False,,Austin Police Department,True,,,151981544,False,No,0,0,0,4,0,Not Injured,18:56:00,0,0,2015,Friday,Pedalcyclist,,W 6TH ST,Intersection,30.26805478,Daylight,-97.74281246,One Motor Vehicle - Turning Left,,Not Applicable,,Not Applicable,False,NONE,,City Street,"Straight, Level",Main/Proper Lane,On Roadway,,35,CONGRESS AVE,599,Dry,Signal Light,Clear,"Worn, Not Damaged"
14595912,False,False,,Austin Police Department,True,,,152001753,False,No,0,0,1,1,0,Non-Incapacitating Injury,21:58:00,1,0,2015,Sunday,Pedalcyclist,,E OLTORF ST,Intersection Related,30.23093479,"Dark, Lighted",-97.73368247,One Motor Vehicle - Going Straight,,Not Applicable,,Not Applicable,False,NONE,,City Street,"Curve, Level",Main/Proper Lane,On Roadway,,-1,BURTON DR,2299,Dry,Crosswalk,Clear,Not Worn
14550464,False,False,,Austin Police Department,False,,,152040429,False,No,0,0,1,1,0,Non-Incapacitating Injury,07:33:00,1,0,2015,Wednesday,Pedalcyclist,,,Non Intersection,,Daylight,,One Motor Vehicle - Going Straight,,One Vehicle Leaving Driveway,,In A Parking Lot,False,NONE,,Non Trafficway,"Straight, Level",Main/Proper Lane,Not Applicable,,40,LAKELINE BLVD,NO DATA,Dry,Marked Lanes,Clear,"Worn, Unk Damage"
14550477,False,False,,Austin Police Department,False,,,152040435,False,No,0,0,1,1,0,Non-Incapacitating Injury,07:31:00,1,0,2015,Thursday,Pedalcyclist,,N LAMAR BLVD,Intersection Related,30.31343091,Daylight,-97.73750188,One Motor Vehicle - Turning Left,,Not Applicable,,Not Applicable,False,NONE,,City Street,"Straight, Level",Main/Proper Lane,On Roadway,,30,W 45TH ST,988,Dry,Marked Lanes,Cloudy,Unknown If Worn
14642011,True,False,,Austin Police Department,False,,,152081521,False,No,0,0,1,1,0,Non-Incapacitating Injury,21:39:00,1,0,2015,Monday,Pedalcyclist,,,Non Intersection,,Daylight,,One Motor Vehicle - Going Straight,,Not Applicable,,In A Parking Lot,True,NONE,,Non Trafficway,"Straight, Level",Main/Proper Lane,Not Applicable,,-1,DECKER LN,NO DATA,Dry,None,Clear,Not Worn
14567989,False,False,,Austin Police Department,False,,,152092034,False,No,0,0,1,1,0,Non-Incapacitating Injury,23:20:00,1,0,2015,Tuesday,Pedalcyclist,,,Non Intersection,30.44217039,"Dark, Not Lighted",-97.704339,One Motor Vehicle - Going Straight,,Not Applicable,,Not Applicable,False,NONE,,City Street,"Straight, Level",Main/Proper Lane,On Roadway,,45,W HOWARD LN,NO DATA,Dry,None,Clear,Not Worn
14569742,True,False,,Austin Police Department,True,,,152092087,False,No,0,0,1,1,0,Non-Incapacitating Injury,23:20:00,1,0,2015,Tuesday,Pedalcyclist,,,Non Intersection,,"Dark, Lighted",,One Motor Vehicle - Going Straight,,One Vehicle Leaving Driveway,,In A Parking Lot,True,NONE,,Non Trafficway,"Curve, Grade",Other (Explain In Narrative),Not Applicable,,-1,S LAMAR BLVD,NO DATA,Dry,Other (Explain In Narrative),Clear,"Worn, Unk Damage"
14569371,False,False,,Austin Police Department,True,,,152110392,False,No,0,0,1,1,0,Non-Incapacitating Injury,07:57:00,1,0,2015,Thursday,Pedalcyclist,,BURNET RD,Intersection,30.32582477,Daylight,-97.73962245,One Motor Vehicle - Turning Left,,Not Applicable,,Not Applicable,False,NONE,,City Street,"Straight, Level",Main/Proper Lane,On Roadway,,-1,W NORTH LOOP BLVD,2101,Dry,Signal Light,Clear,"Worn, Damaged"
14569927,False,False,,Austin Police Department,True,,,152111349,False,No,0,0,0,1,1,Possible Injury,17:18:00,1,0,2015,Thursday,Pedalcyclist,,UNKNOWN,Intersection,30.28063478,Daylight,-97.73808246,One Motor Vehicle - Turning Left,,Not Applicable,,Not Applicable,False,NONE,,City Street,"Straight, Level",Main/Proper Lane,On Roadway,,30,MARTIN LUTHER KING BLVD E,NO DATA,Dry,Signal Light,Clear,"Worn, Damaged"
14574401,False,False,,Austin Police Department,True,,,152121662,False,No,0,0,0,0,1,Possible Injury,18:00:00,1,1,2015,Friday,Pedalcyclist,,BLUMIE ST,Intersection Related,30.20504479,Daylight,-97.83621244,One Motor Vehicle - Going Straight,,Not Applicable,,Not Applicable,False,NONE,,City Street,"Straight, Level",Main/Proper Lane,On Roadway,,-1,BRODIE LN,NO DATA,Dry,Signal Light,Clear,Unknown If Worn
14572721,True,False,33647,Austin Police Department,False,33647,2014,152130836,False,No,0,0,0,1,1,Possible Injury,12:27:00,1,0,2015,Saturday,Pedalcyclist,State Loop,BARTON SPRINGS RD,Intersection Related,30.26092596,Daylight,-97.7584974,One Motor Vehicle - Going Straight,6,Not Applicable,0,Not Applicable,False,NONE,120,US & State Highways,"Straight, Level",Main/Proper Lane,On Roadway,"4 Or More Lanes, Divided",30,SL0343,495,Dry,Marked Lanes,Clear,"Worn, Unk Damage"
14574415,True,False,,Austin Police Department,False,,,152140466,False,No,0,0,0,1,2,Possible Injury,06:03:00,2,0,2015,Sunday,Pedalcyclist,,,Non Intersection,30.2571712,Dawn,-97.75076805,One Motor Vehicle - Going Straight,,Not Applicable,,Not Applicable,False,NONE,,City Street,"Straight, Grade",Main/Proper Lane,On Roadway,,35,S 1ST ST,550,Dry,Center Stripe/Divider,Clear,"Worn, Damaged"
14574415,True,False,,Austin Police Department,False,,,152140466,False,No,0,0,0,1,2,Possible Injury,06:03:00,2,0,2015,Sunday,Pedalcyclist,,,Non Intersection,30.2571712,Dawn,-97.75076805,One Motor Vehicle - Going Straight,,Not Applicable,,Not Applicable,False,NONE,,City Street,"Straight, Grade",Main/Proper Lane,On Roadway,,35,S 1ST ST,550,Dry,Center Stripe/Divider,Clear,"Worn, Damaged"
14582884,False,False,,Austin Police Department,False,,,152150831,False,No,0,0,1,1,0,Non-Incapacitating Injury,12:50:00,1,0,2015,Monday,Pedalcyclist,,,Driveway Access,30.3234181,Daylight,-97.7238658,One Motor Vehicle - Turning Left,,One Vehicle Entering Driveway,,Entrance To Or Exit From Private Property Or Driveway,False,NONE,,City Street,"Straight, Level",Main/Proper Lane,Off Roadway,,30,GUADALUPE ST,5586,Dry,None,Clear,Not Worn
14579657,True,False,,Austin Police Department,True,,,152161510,False,No,0,0,1,1,0,Non-Incapacitating Injury,19:26:00,1,0,2015,Tuesday,Pedalcyclist,,RABB GLEN ST,Intersection Related,30.24904478,Daylight,-97.77584246,One Motor Vehicle - Going Straight,,Not Applicable,,Not Applicable,False,NONE,,City Street,"Straight, Level",Main/Proper Lane,On Roadway,,30,BLUEBONNET LN,2207,Dry,Stop Sign,Clear,Unknown If Worn
14579715,False,False,,Austin Police Department,False,,,152180893,False,No,0,0,0,3,1,Possible Injury,12:48:00,1,0,2015,Thursday,Pedalcyclist,,SPICEWOOD SPRINGS RD,Intersection,30.36297063,Daylight,-97.74830578,One Motor Vehicle - Going Straight,,Attention Diverted From Driving,,Not Applicable,False,NONE,,City Street,"Straight, Level",Main/Proper Lane,On Roadway,,40,CEBERRY DR,7802,Dry,Stop Sign,Clear,Not Worn
14581268,False,False,,Austin Police Department,False,,,152190908,False,No,0,0,1,1,0,Non-Incapacitating Injury,13:15:00,1,0,2015,Friday,Pedalcyclist,,,Non Intersection,,Daylight,,One Motor Vehicle - Going Straight,,One Vehicle Leaving Driveway,,Private Drive Or Road,False,NONE,,Non Trafficway,"Straight, Level",Main/Proper Lane,Not Applicable,,30,BARTON SPRINGS RD,NO DATA,Dry,None,Clear,"Worn, Not Damaged"
14581342,False,False,,Austin Police Department,True,,,152191690,False,No,0,0,0,1,1,Possible Injury,19:33:00,1,0,2015,Friday,Pedalcyclist,,PECAN SPRINGS RD,Intersection,30.30100477,Daylight,-97.68507248,One Motor Vehicle - Going Straight,,Not Applicable,,Not Applicable,False,NONE,,City Street,"Straight, Level",Main/Proper Lane,On Roadway,,-1,MANOR RD,5401,Dry,Bike Lane,Clear,Not Worn
14733516,False,False,105589,Austin Police Department,False,105589,2014,151210351,False,No,0,0,0,0,1,Possible Injury,03:44:00,1,1,2015,Sunday,Pedalcyclist,US Highway,,Non Intersection,30.23326111,"Dark, Lighted",-97.79729462,One Motor Vehicle - Going Straight,7,Not Applicable,10,Not Applicable,False,NONE,380,US & State Highways,"Straight, Level",Main/Proper Lane,On Roadway,"4 Or More Lanes, Divided",35,US0290,NO DATA,Dry,None,Clear,"Worn, Unk Damage"
14582193,True,False,,Austin Police Department,False,,,152220560,False,No,0,0,1,3,0,Non-Incapacitating Injury,09:56:00,1,0,2015,Monday,Pedalcyclist,,,Non Intersection,30.26152478,Daylight,-97.75995246,One Motor Vehicle - Going Straight,,Not Applicable,,Not Applicable,False,NONE,,City Street,"Straight, Level",Main/Proper Lane,On Roadway,,30,BARTON SPRINGS RD,1500,Dry,Marked Lanes,Clear,"Worn, Damaged"
14587160,False,False,,Austin Police Department,False,,,152231561,False,No,0,0,1,1,0,Non-Incapacitating Injury,18:55:00,1,0,2015,Tuesday,Pedalcyclist,,,Driveway Access,30.36958586,Daylight,-97.74544021,One Motor Vehicle - Turning Left,,One Vehicle Entering Driveway,,Entrance To Or Exit From Private Property Or Driveway,False,NONE,,City Street,"Straight, Grade",Main/Proper Lane,On Roadway,,-1,STECK AVE,3638,Dry,Marked Lanes,Clear,"Worn, Not Damaged"
14590472,False,False,,Austin Police Department,True,,,152230724,False,No,0,0,0,1,0,Not Injured,10:15:00,0,1,2015,Tuesday,Pedalcyclist,,UNKNOWN,Intersection,30.36765476,Daylight,-97.68098247,One Motor Vehicle - Turning Left,,Not Applicable,,Not Applicable,False,NONE,,City Street,"Straight, Level",Main/Proper Lane,On Roadway,,-1,MIDDLE FISKVILLE RD,10399,Dry,Stop Sign,Clear,Unknown If Worn
14593111,False,False,,Austin Police Department,True,,,152231466,False,No,0,0,1,1,0,Non-Incapacitating Injury,17:58:00,1,0,2015,Tuesday,Pedalcyclist,,UNKNOWN,Intersection,30.21295479,Daylight,-97.81497245,One Motor Vehicle - Turning Right,,Attention Diverted From Driving,,Not Applicable,False,NONE,,City Street,"Straight, Level",Main/Proper Lane,On Roadway,,-1,DILLIONHILL DR,2800,Dry,Stop Sign,Clear,Not Worn
14607975,True,False,25277,Austin Police Department,True,25277,2014,152230455,False,No,0,1,0,1,0,Incapacitating Injury,08:25:00,1,0,2015,Tuesday,Pedalcyclist,State Loop,APPLEGATE DR W,Intersection Related,30.37354517,Daylight,-97.69107745,One Motor Vehicle - Going Straight,4,Attention Diverted From Driving,2,Not Applicable,False,NONE,100,US & State Highways,"Straight, Level",Main/Proper Lane,On Roadway,"4 Or More Lanes, Undivided",45,SL0275,10499,Dry,Stop Sign,Clear,Not Worn
14594740,False,False,68363,Austin Police Department,True,68363,2014,152252769,False,No,0,0,1,1,0,Non-Incapacitating Injury,17:22:00,1,0,2015,Thursday,Pedalcyclist,State Highway,IH0035,Intersection Related,30.21621469,Daylight,-97.74402355,One Motor Vehicle - Turning Right,6,Not Applicable,10,Not Applicable,False,NONE,350,US & State Highways,"Straight, Level",Main/Proper Lane,On Roadway,"4 Or More Lanes, Divided",40,SH0071,NO DATA,Dry,Signal Light,Clear,Unknown If Worn
14603701,False,False,,Austin Police Department,True,,,152252728,False,No,0,0,1,3,0,Non-Incapacitating Injury,16:58:00,1,0,2015,Thursday,Pedalcyclist,,,Non Intersection,30.24686479,Daylight,-97.89622243,One Motor Vehicle - Going Straight,,Slowing/Stopping-To Make Right Turn,,Not Applicable,False,RESIDENTIAL GARAGE DOOR,,City Street,"Straight, Grade",Main/Proper Lane,On Roadway,,35,COVERED BRIDGE DR,6901,Dry,None,Clear,"Worn, Damaged"
14594774,True,False,,Austin Police Department,True,,,152261621,False,No,0,1,0,0,0,Incapacitating Injury,19:23:00,1,1,2015,Friday,Pedalcyclist,,POQUITO ST,Intersection Related,30.27490478,Daylight,-97.71910247,One Motor Vehicle - Going Straight,,Not Applicable,,Not Applicable,False,NONE,,City Street,"Straight, Level",Main/Proper Lane,On Roadway,,-1,E 13TH ST,2001,Dry,Stop Sign,Clear,Not Worn
14608292,True,False,21351,Austin Police Department,True,21351,2014,152270083,False,No,0,0,1,1,0,Non-Incapacitating Injury,00:50:00,1,0,2015,Saturday,Pedalcyclist,State Loop,CONGRESS AVE,Intersection,30.26339563,"Dark, Lighted",-97.74449683,One Motor Vehicle - Going Straight,4,Not Applicable,10,Not Applicable,False,NONE,80,US & State Highways,"Straight, Level",Main/Proper Lane,On Roadway,"4 Or More Lanes, Undivided",30,SL0343,100,Dry,Signal Light,Clear,Not Worn
14601611,False,False,,Austin Police Department,False,,,152311092,False,No,0,0,0,1,1,Possible Injury,13:58:00,1,0,2015,Wednesday,Pedalcyclist,,,Non Intersection,30.29791096,Daylight,-97.74120985,One Motor Vehicle - Turning Right,,Not Applicable,,Not Applicable,False,NONE,,City Street,"Straight, Grade",Main/Proper Lane,On Roadway,,-1,GUADALUPE ST,3101,Dry,Bike Lane,Clear,Unknown If Worn
14606868,True,False,,Austin Police Department,False,,,152350804,False,No,0,0,0,1,1,Possible Injury,11:28:00,1,0,2015,Sunday,Pedalcyclist,,,Non Intersection,30.39914444,Daylight,-97.66948248,One Motor Vehicle - Going Straight,,Attention Diverted From Driving,,Not Applicable,False,NONE,,City Street,"Straight, Level",Main/Proper Lane,On Roadway,,-1,TECH RIDGE BLVD,NO DATA,Dry,Bike Lane,Clear,"Worn, Unk Damage"
14628750,False,False,,Austin Police Department,True,,,152351615,False,No,0,0,1,0,0,Non-Incapacitating Injury,22:14:00,1,1,2015,Sunday,Pedalcyclist,,W SLAUGHTER LN,Intersection Related,30.1671348,"Dark, Lighted",-97.79094246,One Motor Vehicle - Turning Right,,Not Applicable,,Not Applicable,False,NONE,,City Street,"Straight, Level",Main/Proper Lane,On Roadway,,30,CULLEN LN,NO DATA,Dry,Marked Lanes,Clear,Not Worn
14606886,False,False,,Austin Police Department,False,,,152360433,False,No,0,0,1,2,0,Non-Incapacitating Injury,08:22:00,1,0,2015,Monday,Pedalcyclist,,MARY ST E,Intersection,30.24514696,Daylight,-97.75132538,One Motor Vehicle - Turning Right,,Attention Diverted From Driving,,Not Applicable,False,NONE,,City Street,"Straight, Level",Main/Proper Lane,On Roadway,,35,CONGRESS AVE S,1902,Dry,Marked Lanes,Clear,Not Worn
14606934,False,False,,Austin Police Department,True,,,152360598,False,No,0,0,0,1,1,Possible Injury,09:18:00,1,0,2015,Monday,Pedalcyclist,,PARKER LN,Intersection Related,30.21961479,Daylight,-97.74393247,One Motor Vehicle - Turning Right,,Attention Diverted From Driving,,Not Applicable,False,NONE,,City Street,"Straight, Level",Main/Proper Lane,On Roadway,,35,WOODWARD ST,1900,Dry,Signal Light,Clear,Not Worn
14610533,False,False,,Austin Police Department,False,,,152361020,False,No,0,0,1,1,0,Non-Incapacitating Injury,08:35:00,1,0,2015,Monday,Pedalcyclist,,,Driveway Access,30.2623834,Daylight,-97.76197666,One Motor Vehicle - Turning Right,,One Vehicle Entering Driveway,,Entrance To Or Exit From Private Property Or Driveway,False,GREEN GIANT BICYCLE,,City Street,"Straight, Level",Main/Proper Lane,Off Roadway,,-1,BARTON SPRINGS RD,1600,Dry,Bike Lane,Clear,"Worn, Unk Damage"
14618022,False,False,,Austin Police Department,True,,,152361353,False,No,0,0,0,1,1,Possible Injury,16:38:00,1,0,2015,Monday,Pedalcyclist,,E 4TH ST,Intersection,30.26257478,Daylight,-97.73133247,One Motor Vehicle - Going Straight,,Attention Diverted From Driving,,Not Applicable,False,NONE,,City Street,"Straight, Level",Main/Proper Lane,On Roadway,,35,WALLER ST,401,Dry,Stop Sign,Clear,Not Worn
14633184,True,False,29839,Austin Police Department,True,29839,2014,152360003,False,No,0,0,0,1,0,Not Injured,00:01:00,0,1,2015,Monday,Pedalcyclist,State Loop,W RUNDBERG LN,Intersection Related,30.3630463,"Dark, Lighted",-97.69702522,One Motor Vehicle - Going Straight,4,Not Applicable,0,Not Applicable,False,NONE,125,US & State Highways,"Straight, Level",Main/Proper Lane,On Roadway,"4 Or More Lanes, Undivided",40,SL0275,NO DATA,Dry,Signal Light,Clear,Unknown If Worn
14608880,False,False,,Austin Police Department,False,,,152371448,False,No,0,0,1,0,0,Non-Incapacitating Injury,18:11:00,1,1,2015,Tuesday,Pedalcyclist,,,Non Intersection,30.34326951,Daylight,-97.68941208,One Motor Vehicle - Going Straight,,Not Applicable,,Not Applicable,False,NONE,,City Street,"Straight, Level",Main/Proper Lane,On Roadway,,25,FURNESS DR,8350,Dry,Marked Lanes,Cloudy,Unknown If Worn
14610632,False,False,,Austin Police Department,False,,,152381726,False,No,0,0,0,1,1,Possible Injury,20:36:00,1,0,2015,Wednesday,Pedalcyclist,,,Driveway Access,30.25935522,"Dark, Lighted",-97.71596069,One Motor Vehicle - Backing,,One Vehicle Entering Driveway,,Entrance To Or Exit From Private Property Or Driveway,False,NONE,,City Street,"Straight, Level",Main/Proper Lane,On Roadway,,30,E 6TH ST,2401,Dry,None,Clear,Unknown If Worn
14735722,False,False,,Austin Police Department,True,,,152401258,False,No,0,0,1,0,0,Non-Incapacitating Injury,17:05:00,1,1,2015,Friday,Pedalcyclist,,W WILLIAM CANNON DR,Intersection Related,30.20283479,Daylight,-97.80688245,One Motor Vehicle - Turning Right,,Not Applicable,,Not Applicable,False,NONE,,City Street,"Straight, Level",Main/Proper Lane,On Roadway,,35,MANCHACA RD,NO DATA,Dry,Crosswalk,Clear,Unknown If Worn
14620080,False,False,,Austin Police Department,False,,,152440699,False,No,0,0,1,0,0,Non-Incapacitating Injury,22:00:00,1,1,2015,Saturday,Pedalcyclist,,CONVICT HILL RD,Intersection Related,30.23075881,"Dark, Lighted",-97.87932821,One Motor Vehicle - Going Straight,,Not Applicable,,Not Applicable,False,NONE,,City Street,"Straight, Level",Main/Proper Lane,On Roadway,,50,W US 290,NO DATA,Dry,Signal Light,Clear,"Worn, Damaged"
14620419,False,False,,Austin Police Department,False,,,152451368,False,No,0,0,1,2,0,Non-Incapacitating Injury,17:31:00,1,0,2015,Wednesday,Pedalcyclist,,,Non Intersection,,Daylight,,One Motor Vehicle - Going Straight,,Attention Diverted From Driving,,In A Parking Lot,True,NONE,,Non Trafficway,"Straight, Level",Other (Explain In Narrative),Not Applicable,,10,E RIVERSIDE DR,NO DATA,Dry,Marked Lanes,Clear,Not Worn
14620439,False,False,,Austin Police Department,False,,,152451435,False,No,0,0,1,1,0,Non-Incapacitating Injury,18:03:00,1,0,2015,Wednesday,Pedalcyclist,,,Non Intersection,,Daylight,,One Motor Vehicle - Backing,,Not Applicable,,In A Parking Lot,True,NONE,,Non Trafficway,"Straight, Level",Main/Proper Lane,Not Applicable,,30,GUADALUPE ST,NO DATA,Dry,None,Clear,"Worn, Not Damaged"
14633387,False,False,,Austin Police Department,True,,,152501195,False,No,0,0,0,0,1,Possible Injury,15:00:00,1,1,2015,Thursday,Pedalcyclist,,W 51ST ST,Intersection Related,30.31764477,Daylight,-97.72846246,One Motor Vehicle - Going Straight,,Attention Diverted From Driving,,Not Applicable,False,NONE,,City Street,"Straight, Level",Main/Proper Lane,On Roadway,,35,GUADALUPE ST,5099,Dry,Signal Light,Clear,Unknown If Worn
14675711,False,False,,Austin Police Department,True,,,15-2461277,False,No,0,0,1,1,0,Non-Incapacitating Injury,17:07:00,1,0,2015,Thursday,Pedalcyclist,,W 30TH ST,Intersection Related,30.29649477,Daylight,-97.74211246,One Motor Vehicle - Going Straight,,Attention Diverted From Driving,,Not Applicable,False,NONE,,City Street,"Straight, Level",Main/Proper Lane,On Roadway,,-1,GUADALUPE ST,2933,Dry,Signal Light,Clear,Unknown If Worn
14633788,False,False,,Austin Police Department,True,,,152511582,False,No,0,0,1,1,0,Non-Incapacitating Injury,18:58:00,1,0,2015,Tuesday,Pedalcyclist,,UNKNOWN,Intersection Related,30.18567486,Daylight,-97.80436082,One Motor Vehicle - Going Straight,,Not Applicable,,Not Applicable,False,NONE,,City Street,"Straight, Hillcrest",Main/Proper Lane,On Roadway,,30,W DITTMAR RD,1273,Dry,Center Stripe/Divider,Clear,Not Worn
14634281,False,False,,Austin Police Department,True,,,152531794,False,No,0,0,1,1,0,Non-Incapacitating Injury,21:45:00,1,0,2015,Thursday,Pedalcyclist,,E RIVERSIDE DR,Intersection Related,30.22944479,"Dark, Lighted",-97.71265247,One Motor Vehicle - Going Straight,,Not Applicable,,Not Applicable,False,NONE,,City Street,"Straight, Level",Main/Proper Lane,On Roadway,,30,FARO DR,2001,Wet,Signal Light,Cloudy,Not Worn
14650768,False,False,,Austin Police Department,False,,,152531652,False,No,0,0,1,0,0,Non-Incapacitating Injury,20:24:00,1,1,2015,Thursday,Pedalcyclist,,,Driveway Access,30.2186437,"Dark, Lighted",-97.76659778,One Motor Vehicle - Turning Right,,One Vehicle Entering Driveway,,Entrance To Or Exit From Private Property Or Driveway,False,NONE,,City Street,"Straight, Level",Main/Proper Lane,Off Roadway,,-1,S CONGRESS AVE,4328,Wet,Marked Lanes,Cloudy,Not Worn
14640826,True,False,,Austin Police Department,True,,,152570418,False,No,0,0,1,4,0,Non-Incapacitating Injury,08:15:00,1,0,2015,Monday,Pedalcyclist,,UNKNOWN,Intersection,30.28724477,Daylight,-97.72671247,One Motor Vehicle - Turning Right,,Not Applicable,,Not Applicable,False,NONE,,City Street,"Straight, Grade",Main/Proper Lane,On Roadway,,35,E 26TH ST,928,Dry,Signal Light,Clear,Not Worn
14653110,True,False,,Austin Police Department,True,,,152590824,False,No,0,0,0,0,1,Possible Injury,12:04:00,1,1,2015,Wednesday,Pedalcyclist,,W 4TH ST,Intersection,30.26716478,Daylight,-97.74698246,One Motor Vehicle - Turning Right,,Not Applicable,,Not Applicable,False,NONE,,City Street,"Straight, Level",Main/Proper Lane,On Roadway,,30,GUADALUPE ST,401,Dry,Bike Lane,Cloudy,Not Worn