Crash ID,$1000 Damage to Any One Person's Property,Active School Zone Flag,Adjusted Average Daily Traffic Amount,Agency,At Intersection Flag,Average Daily Traffic Amount,Average Daily Traffic Year,Case ID,Construction Zone Flag,Construction Zone Workers Present Flag,Crash Death Count,Crash Incapacitating Injury Count,Crash Non-incapacitating Injury Count,Crash Not Injured Count,Crash Possible Injury Count,Crash Severity,Crash Time,Crash Total Injury Count,Crash Unknown Injury Count,Crash Year,Day of Week,First Harmful Event,Highway System,Intersecting Street Name,Intersection Related,Latitude,Light Condition,Longitude,Manner of Collision,Number of Lanes,Other Factor,Outside Shoulder Width on Divided Highway,Physical Feature 1,Private Drive Flag,Property Damages,Right of Way Usual Width,Road Class,Roadway Alignment,Roadway Part,Roadway Relation,Roadway Type,Speed Limit,Street Name,Street Number,Surface Condition,Traffic Control Type,Weather Condition,Person Helmet
14647651,False,False,,Austin Police Department,True,,,152601662,False,No,0,1,0,0,0,Incapacitating Injury,19:57:00,1,1,2015,Thursday,Pedalcyclist,,CHICON ST,Intersection Related,30.25891478,"Dark, Lighted",-97.72377247,One Motor Vehicle - Turning Right,,Not Applicable,,Not Applicable,False,NONE,,City Street,"Straight, Level",Main/Proper Lane,On Roadway,,30,E 3RD ST,1900,Dry,Stop Sign,Clear,"Worn, Damaged"
14655582,False,False,33647,Austin Police Department,False,33647,2014,152601894,False,No,0,1,0,1,0,Incapacitating Injury,22:09:00,1,0,2015,Thursday,Pedalcyclist,State Loop,,Non Intersection,30.24874884,"Dark, Lighted",-97.76894446,One Motor Vehicle - Going Straight,4,Not Applicable,0,Not Applicable,False,NONE,80,US & State Highways,"Straight, Level",Main/Proper Lane,On Roadway,"4 Or More Lanes, Undivided",35,SL0343,NO DATA,Dry,None,Clear,Not Worn
14667785,False,False,,Austin Police Department,False,,,152601520,False,No,0,0,2,0,0,Non-Incapacitating Injury,18:20:00,2,0,2015,Thursday,Pedalcyclist,,,Driveway Access,30.27777264,Daylight,-97.68553536,One Motor Vehicle - Turning Right,,One Vehicle Entering Driveway,,Entrance To Or Exit From Private Property Or Driveway,False,NONE,,City Street,"Straight, Level",Main/Proper Lane,On Roadway,,35,WEBBERVILLE RD,1166,Dry,None,Clear,Unknown If Worn
14735773,False,False,,Austin Police Department,True,,,152601632,False,No,0,0,0,1,1,Possible Injury,19:37:00,1,0,2015,Thursday,Pedalcyclist,,BOWIE ST,Intersection,30.27097478,Dusk,-97.75250246,One Motor Vehicle - Going Straight,,Not Applicable,,Not Applicable,False,NONE,,City Street,"Straight, Level",Main/Proper Lane,On Roadway,,35,W 6TH ST,844,Dry,Signal Light,Clear,"Worn, Not Damaged"
14650958,False,False,,Austin Police Department,True,,,152611819,False,No,0,0,0,2,1,Possible Injury,21:15:00,1,0,2015,Friday,Pedalcyclist,,FRUTH ST,Intersection,30.29420477,"Dark, Lighted",-97.74228246,One Motor Vehicle - Turning Left,,Attention Diverted From Driving,,Not Applicable,False,NONE,,City Street,"Curve, Level",Main/Proper Lane,On Roadway,,35,GUADALUPE ST,NO DATA,Dry,Stop Sign,Clear,"Worn, Damaged"
14651064,True,False,142526,Austin Police Department,False,142526,2014,152621159,False,No,0,0,1,1,0,Non-Incapacitating Injury,15:07:00,1,0,2015,Saturday,Pedalcyclist,Interstate,,Driveway Access,30.18811688,Daylight,-97.77224121,One Motor Vehicle - Going Straight,6,One Vehicle Leaving Driveway,10,Entrance To Or Exit From Private Property Or Driveway,False,NONE,300,Interstate,"Straight, Level",Service/Frontage Road,On Roadway,"4 Or More Lanes, Divided",50,IH0035,NO DATA,Dry,None,Clear,Not Worn
14667836,True,False,33647,Austin Police Department,True,33647,2014,152681496,False,No,0,0,0,1,1,Possible Injury,17:27:00,1,0,2015,Friday,Pedalcyclist,State Loop,COLLIER ST,Intersection,30.25122842,Daylight,-97.76515671,One Motor Vehicle - Going Straight,4,Not Applicable,0,Not Applicable,False,NONE,80,US & State Highways,"Straight, Level",Main/Proper Lane,On Roadway,"4 Or More Lanes, Undivided",-1,SL0343,1607,Wet,Stop Sign,Cloudy,"Worn, Damaged"
14665702,False,False,,Austin Police Department,True,,,152710546,False,No,0,0,1,1,0,Non-Incapacitating Injury,09:48:00,1,0,2015,Monday,Pedalcyclist,,W 22ND ST,Intersection Related,30.28497478,Daylight,-97.74181246,One Motor Vehicle - Turning Right,,Not Applicable,,Not Applicable,False,NONE,,City Street,"Straight, Level",Main/Proper Lane,On Roadway,,30,GUADALUPE ST,2199,Dry,Bike Lane,Clear,Not Worn
14679922,True,False,124466,Austin Police Department,True,124466,2014,152721859,False,No,0,0,1,1,0,Non-Incapacitating Injury,21:49:00,1,0,2015,Tuesday,Pedalcyclist,Interstate,E RUNDBERG LN,Intersection,30.35806933,"Dark, Not Lighted",-97.68814856,One Motor Vehicle - Going Straight,6,Not Applicable,10,Not Applicable,False,NONE,300,Interstate,"Straight, Level",Main/Proper Lane,On Roadway,"4 Or More Lanes, Divided",30,IH0035,NO DATA,Dry,Flashing Red Light,Clear,Not Worn
14684060,True,False,,Austin Police Department,True,,,152731496,False,No,0,0,0,4,2,Possible Injury,18:29:00,2,0,2015,Wednesday,Pedalcyclist,,SPRINGDALE RD,Intersection,30.26742478,Daylight,-97.69435248,One Motor Vehicle - Turning Left,,Not Applicable,,Not Applicable,False,"BICYCLE, BICYCLE",,City Street,"Straight, Level",Main/Proper Lane,On Roadway,,-1,GOODWIN AVE,3798,Dry,Stop Sign,Clear,Not Worn
14684060,True,False,,Austin Police Department,True,,,152731496,False,No,0,0,0,4,2,Possible Injury,18:29:00,2,0,2015,Wednesday,Pedalcyclist,,SPRINGDALE RD,Intersection,30.26742478,Daylight,-97.69435248,One Motor Vehicle - Turning Left,,Not Applicable,,Not Applicable,False,"BICYCLE, BICYCLE",,City Street,"Straight, Level",Main/Proper Lane,On Roadway,,-1,GOODWIN AVE,3798,Dry,Stop Sign,Clear,Not Worn
14675786,True,False,,Austin Police Department,True,,,152751770,False,No,0,0,1,1,0,Non-Incapacitating Injury,19:51:00,1,1,2015,Friday,Pedalcyclist,,W 14TH ST,Intersection Related,30.27664478,"Dark, Lighted",-97.74228246,One Motor Vehicle - Going Straight,,Attention Diverted From Driving,,Not Applicable,False,NONE,,City Street,"Straight, Level",Main/Proper Lane,On Roadway,,-1,LAVACA ST,1399,Dry,Marked Lanes,Clear,Not Worn
14675786,True,False,,Austin Police Department,True,,,152751770,False,No,0,0,1,1,0,Non-Incapacitating Injury,19:51:00,1,1,2015,Friday,Pedalcyclist,,W 14TH ST,Intersection Related,30.27664478,"Dark, Lighted",-97.74228246,One Motor Vehicle - Going Straight,,Attention Diverted From Driving,,Not Applicable,False,NONE,,City Street,"Straight, Level",Main/Proper Lane,On Roadway,,-1,LAVACA ST,1399,Dry,Marked Lanes,Clear,Not Worn
14679925,False,False,,Austin Police Department,True,,,152751237,False,No,0,0,1,1,0,Non-Incapacitating Injury,15:06:00,1,0,2015,Friday,Pedalcyclist,,RED RIVER ST,Intersection,30.26928478,Daylight,-97.73614246,One Motor Vehicle - Going Straight,,Not Applicable,,Not Applicable,False,NONE,,City Street,"Straight, Hillcrest",Main/Proper Lane,On Roadway,,30,E 9TH ST,598,Dry,Stop Sign,Clear,Not Worn
14719547,False,False,118604,Austin Police Department,True,118604,2014,152752207,False,No,0,0,0,4,0,Not Injured,23:04:00,0,0,2015,Friday,Pedalcyclist,State Loop,RM2244,Intersection,30.26073929,"Dark, Lighted",-97.79349199,One Motor Vehicle - Going Straight,6,Not Applicable,10,Not Applicable,False,BICYCLE,610,US & State Highways,"Straight, Level",Main/Proper Lane,On Roadway,"4 Or More Lanes, Divided",35,SL0001,NO DATA,Dry,Stop Sign,Clear,Not Worn
14675851,True,False,,Austin Police Department,True,,,152760694,False,No,0,0,0,1,1,Possible Injury,10:00:00,1,0,2015,Saturday,Pedalcyclist,,UNKNOWN,Intersection,30.29552477,Daylight,-97.73181246,One Motor Vehicle - Turning Left,,Not Applicable,,Not Applicable,False,NONE,,City Street,"Straight, Level",Other (Explain In Narrative),On Roadway,,35,DUVAL ST,3301,Dry,Marked Lanes,Clear,"Worn, Not Damaged"
14677730,False,False,,Austin Police Department,False,,,152760944,False,No,0,0,0,2,0,Not Injured,13:04:00,0,0,2015,Saturday,Pedalcyclist,,UNKNOWN,Intersection Related,30.2176571,Daylight,-97.74388936,One Motor Vehicle - Other,,"Slowing/Stopping - For Officer, Flagman, Or Traffic Control",,Not Applicable,False,NONE,,City Street,Unknown,Main/Proper Lane,On Roadway,,-1,WOODWARD ST,2000,Dry,None,Clear,Unknown If Worn
14679930,False,False,,Austin Police Department,True,,,152761106,False,No,0,0,1,1,0,Non-Incapacitating Injury,14:47:00,1,0,2015,Saturday,Pedalcyclist,,STERZING ST,Intersection Related,30.26370478,Daylight,-97.76371246,One Motor Vehicle - Turning Left,,Attention Diverted From Driving,,One Or More Traffic Lanes Closed,False,NONE,,City Street,"Straight, Level",Main/Proper Lane,On Roadway,,30,BARTON SPRINGS RD,NO DATA,Dry,None,Clear,Not Worn
14688160,True,False,,Austin Police Department,True,,,152781584,False,No,0,0,1,0,0,Non-Incapacitating Injury,19:39:00,1,1,2015,Monday,Pedalcyclist,,BLUE STEM TRL,Intersection,30.24801479,Dusk,-97.88301243,One Motor Vehicle - Going Straight,,Attention Diverted From Driving,,Not Applicable,False,NONE,,City Street,"Straight, Hillcrest",Main/Proper Lane,On Roadway,,-1,KIDNEYWOOD TRL,6199,Dry,None,Clear,Not Worn
14693261,True,False,,"Department Of Public Safety, State Of Texas",False,,,,False,No,0,0,1,1,0,Non-Incapacitating Injury,14:15:00,1,0,2015,Tuesday,Pedalcyclist,,,Non Intersection,,Daylight,,One Motor Vehicle - Going Straight,,One Vehicle Leaving Driveway,,In A Parking Lot,True,PATROL BICYCLE - $258 DAMAGE,,Non Trafficway,"Straight, Level",Other (Explain In Narrative),Not Applicable,,5,E 16TH ST,NO DATA,Dry,Other (Explain In Narrative),Clear,"Worn, Not Damaged"
14679970,False,False,,Austin Police Department,True,,,152800237,False,No,0,0,1,1,0,Non-Incapacitating Injury,06:56:00,1,0,2015,Wednesday,Pedalcyclist,,E 11TH ST,Intersection Related,30.27114478,"Dark, Not Lighted",-97.73545246,One Motor Vehicle - Turning Right,,Not Applicable,,Not Applicable,False,NONE,,City Street,"Straight, Level",Main/Proper Lane,On Roadway,,30,RED RIVER ST,NO DATA,Dry,Signal Light,Clear,"Worn, Damaged"
14684291,False,False,,Austin Police Department,False,,,152801111,False,No,0,0,0,1,0,Not Injured,16:51:00,0,1,2015,Wednesday,Pedalcyclist,,,Non Intersection,30.35812348,Daylight,-97.68784991,One Motor Vehicle - Going Straight,,Attention Diverted From Driving,,Not Applicable,False,NONE,,City Street,"Straight, Level",Main/Proper Lane,On Roadway,,35,E RUNDBERG LN,NO DATA,Dry,Marked Lanes,Clear,Unknown If Worn
14688975,True,False,,Austin Police Department,False,,,152821310,False,No,0,0,1,2,0,Non-Incapacitating Injury,17:17:00,1,0,2015,Friday,Pedalcyclist,,,Driveway Access,30.22707413,Daylight,-97.76170279,One Motor Vehicle - Turning Left,,One Vehicle Entering Driveway,,Entrance To Or Exit From Private Property Or Driveway,False,NONE,,City Street,"Straight, Level",Main/Proper Lane,On Roadway,,-1,S CONGRESS AVE,3638,Dry,Other (Explain In Narrative),Clear,"Worn, Damaged"
14714881,False,False,,Austin Police Department,True,,,152821320,False,No,0,0,1,0,0,Non-Incapacitating Injury,17:11:00,1,1,2015,Friday,Pedalcyclist,,W 11TH ST,Intersection,30.27367478,Daylight,-97.74456246,One Motor Vehicle - Turning Right,,Not Applicable,,Not Applicable,False,NONE,,City Street,"Straight, Grade",Main/Proper Lane,On Roadway,,30,GUADALUPE ST,1101,Dry,Bike Lane,Clear,Unknown If Worn
14697546,True,False,,Austin Police Department,True,,,152861646,False,No,0,0,1,1,0,Non-Incapacitating Injury,19:32:00,1,0,2015,Tuesday,Pedalcyclist,,UNKNOWN,Intersection,30.3539655,"Dark, Not Lighted",-97.76001801,One Motor Vehicle - Turning Left,,Not Applicable,,Not Applicable,False,NONE,,City Street,"Straight, Grade",Main/Proper Lane,On Roadway,,30,N HILLS DR,3800,Dry,Center Stripe/Divider,Clear,"Worn, Damaged"
14695961,False,False,,Austin Police Department,True,,,152880501,False,No,0,0,1,1,0,Non-Incapacitating Injury,09:35:00,1,0,2015,Thursday,Pedalcyclist,,,Driveway Access,30.25584921,Daylight,-97.74736164,One Motor Vehicle - Turning Left,,One Vehicle Entering Driveway,,Entrance To Or Exit From Private Property Or Driveway,False,NONE,,City Street,"Straight, Level",Main/Proper Lane,On Roadway,,-1,S CONGRESS AVE,600,Dry,Center Stripe/Divider,Clear,Not Worn
14697651,False,False,,Austin Police Department,False,,,152881102,False,No,0,0,1,1,0,Non-Incapacitating Injury,14:54:00,1,0,2015,Thursday,Pedalcyclist,,,Non Intersection,,Daylight,,One Motor Vehicle - Going Straight,,Not Applicable,,Private Drive Or Road,True,NONE,,Non Trafficway,"Straight, Level",Main/Proper Lane,Not Applicable,,-1,BRACKENRIDGE PRIVATE DRIVE,NO DATA,Dry,Center Stripe/Divider,Clear,"Worn, Not Damaged"
14706345,False,False,,Austin Police Department,True,,,152891139,False,No,0,0,1,1,0,Non-Incapacitating Injury,15:19:00,1,0,2015,Friday,Pedalcyclist,,W 38TH ST,Intersection Related,30.30274477,Daylight,-97.73815246,One Motor Vehicle - Turning Left,,Not Applicable,,Not Applicable,False,NONE,,City Street,"Straight, Level",Main/Proper Lane,On Roadway,,-1,GUADALUPE ST,3801,Dry,Signal Light,Clear,Not Worn
14701697,True,False,,Austin Police Department,False,,,152901526,False,No,0,0,1,1,0,Non-Incapacitating Injury,19:30:00,1,0,2015,Saturday,Pedalcyclist,,,Non Intersection,30.23483483,"Dark, Lighted",-97.72209744,One Motor Vehicle - Going Straight,,Not Applicable,,Not Applicable,False,NONE,,City Street,"Straight, Level",Main/Proper Lane,On Roadway,,35,S PLEASANT VALLEY RD,NO DATA,Dry,Signal Light,Clear,Not Worn
14735811,False,False,,Austin Police Department,True,,,152910712,False,No,0,0,1,1,0,Non-Incapacitating Injury,10:45:00,1,0,2015,Sunday,Pedalcyclist,,DAVIS LN,Intersection,30.21168479,Daylight,-97.87647243,One Motor Vehicle - Turning Right,,Not Applicable,,Not Applicable,False,NONE,,City Street,"Straight, Level",Main/Proper Lane,On Roadway,,40,ESCARPMENT BLVD,8799,Dry,Bike Lane,Clear,"Worn, Damaged"
14728169,False,False,,Austin Police Department,False,,,152951633,False,No,0,0,0,2,0,Not Injured,20:00:00,0,0,2015,Thursday,Pedalcyclist,,,Non Intersection,30.26373918,"Dark, Lighted",-97.73079909,One Motor Vehicle - Turning Left,,Not Applicable,,Alley,False,NONE,,City Street,"Straight, Grade",Main/Proper Lane,On Roadway,,25,WALLER ST,526,Dry,None,Clear,Not Worn
14710508,True,False,,Austin Police Department,True,,,152960608,False,No,0,0,1,1,0,Non-Incapacitating Injury,10:04:00,1,0,2015,Friday,Pedalcyclist,,S 1ST ST,Intersection,30.1724048,Daylight,-97.79957245,One Motor Vehicle - Going Straight,,Not Applicable,,Not Applicable,False,KENT 21 SPEED ROAD BICYCLE,,City Street,"Straight, Level",Main/Proper Lane,On Roadway,,45,W SLAUGHTER LN,NO DATA,Wet,Signal Light,Rain,Not Worn
14731348,False,False,,Austin Police Department,False,,,152970629,False,No,0,0,0,1,1,Possible Injury,08:58:00,1,0,2015,Saturday,Pedalcyclist,,,Driveway Access,30.23551479,Daylight,-97.79011745,One Motor Vehicle - Turning Left,,One Vehicle Entering Driveway,,Entrance To Or Exit From Private Property Or Driveway,False,NONE,,City Street,"Straight, Level",Main/Proper Lane,On Roadway,,35,VICTORY DR,4000,Wet,None,Rain,"Worn, Not Damaged"
14717864,False,False,,Austin Police Department,False,,,152990735,False,No,0,0,1,1,0,Non-Incapacitating Injury,12:01:00,1,0,2015,Monday,Pedalcyclist,,,Non Intersection,,Daylight,,One Motor Vehicle - Going Straight,,One Vehicle Leaving Driveway,,Private Drive Or Road,False,NONE,,Non Trafficway,"Straight, Level",Other (Explain In Narrative),Not Applicable,,45,N N LAMAR BLVD,NO DATA,Dry,None,Clear,Not Worn
14719764,True,False,,Austin Police Department,True,,,153000446,False,No,0,0,1,2,0,Non-Incapacitating Injury,09:03:00,1,0,2015,Tuesday,Pedalcyclist,,S LAKESHORE BLVD,Intersection Related,30.24247478,Daylight,-97.71723247,One Motor Vehicle - Going Straight,,Attention Diverted From Driving,,Not Applicable,False,NONE,,City Street,"Straight, Level",Main/Proper Lane,On Roadway,,35,S PLEASANT VALLEY RD,1009,Dry,Signal Light,Clear,"Worn, Damaged"
14728305,False,False,,Austin Police Department,False,,,153011244,False,No,0,0,0,2,1,Possible Injury,15:56:00,1,0,2015,Wednesday,Pedalcyclist,,IH0035,Intersection Related,30.32577446,Daylight,-97.70551931,One Motor Vehicle - Going Straight,,Attention Diverted From Driving,,Not Applicable,False,NONE,,Interstate,"Straight, Level",Main/Proper Lane,On Roadway,,-1,LA POSADA DR,NO DATA,Dry,Stop Sign,Cloudy,Not Worn
14728376,False,False,,Austin Police Department,False,,,153021191,False,No,0,0,1,1,0,Non-Incapacitating Injury,16:01:00,1,0,2015,Thursday,Pedalcyclist,,E 45TH ST,Intersection,30.30295354,Daylight,-97.7164986,One Motor Vehicle - Going Straight,,Attention Diverted From Driving,,Not Applicable,False,NONE,,City Street,"Straight, Level",Main/Proper Lane,On Roadway,,-1,CLARKSON AVE,4415,Dry,Signal Light,Clear,Not Worn
14731414,True,False,,Austin Police Department,False,,,153041805,False,No,0,0,0,1,1,Possible Injury,22:54:00,1,0,2015,Friday,Pedalcyclist,,,Driveway Access,30.29142023,"Dark, Lighted",-97.73511422,One Motor Vehicle - Backing,,One Vehicle Leaving Driveway,,Entrance To Or Exit From Private Property Or Driveway,False,NONE,,City Street,"Curve, Grade",Main/Proper Lane,On Roadway,,25,SAN JACINTO BLVD,2905,Dry,Bike Lane,Cloudy,Not Worn
14728542,True,False,122507,Austin Police Department,True,122507,2014,153051569,False,No,0,1,0,2,0,Incapacitating Injury,17:30:00,1,0,2015,Sunday,Pedalcyclist,US Highway,SL0360,Intersection Related,30.38954926,Daylight,-97.74504852,One Motor Vehicle - Going Straight,6,Not Applicable,10,Not Applicable,False,NONE,260,US & State Highways,"Straight, Level",Service/Frontage Road,On Roadway,"4 Or More Lanes, Divided",50,US0183,NO DATA,Dry,Marked Lanes,Clear,Not Worn
14735870,False,False,,Austin Police Department,False,,,153051127,False,No,0,0,1,1,0,Non-Incapacitating Injury,11:47:00,1,0,2015,Sunday,Pedalcyclist,,,Non Intersection,30.35756979,Daylight,-97.74950743,One Motor Vehicle - Going Straight,,Not Applicable,,Not Applicable,False,NONE,,City Street,"Straight, Level",Main/Proper Lane,On Roadway,,30,SHADOW HILL DR,7445,Dry,None,Cloudy,Not Worn
14748054,True,False,,Austin Police Department,True,,,153070442,False,No,0,1,0,1,0,Incapacitating Injury,08:54:00,1,0,2015,Tuesday,Pedalcyclist,,GIBSON ST E,Intersection,30.24984478,Dusk,-97.74959246,One Motor Vehicle - Going Straight,,Attention Diverted From Driving,,Not Applicable,False,NONE,,City Street,"Straight, Grade",Main/Proper Lane,On Roadway,,35,CONGRESS AVE S,1399,Dry,None,Clear,"Worn, Damaged"
14748621,False,False,,Austin Police Department,True,,,153070623,False,No,0,0,1,1,0,Non-Incapacitating Injury,11:02:00,1,0,2015,Tuesday,Pedalcyclist,,BLARWOOD DR,Intersection,30.21431479,Daylight,-97.81271245,One Motor Vehicle - Going Straight,,Not Applicable,,Not Applicable,False,NONE,,City Street,"Straight, Hillcrest",Main/Proper Lane,On Roadway,,35,BERKETT DR,2700,Dry,Stop Sign,Clear,Not Worn
14894374,False,False,,Austin Police Department,True,,,153080841,False,No,0,0,1,1,0,Non-Incapacitating Injury,12:55:00,1,0,2015,Wednesday,Pedalcyclist,,UNKNOWN,Intersection,30.41266975,Daylight,-97.73185246,One Motor Vehicle - Turning Left,,Not Applicable,,Not Applicable,False,NONE,,City Street,"Straight, Level",Main/Proper Lane,On Roadway,,35,DUVAL RD,4400,Dry,Marked Lanes,Cloudy,"Worn, Not Damaged"
14768434,True,False,,Austin Police Department,True,,,153120499,False,No,0,0,1,1,0,Non-Incapacitating Injury,10:52:00,1,0,2015,Sunday,Pedalcyclist,,LOYOLA LN,Intersection Related,30.31009477,Daylight,-97.66720248,One Motor Vehicle - Going Straight,,Not Applicable,,Not Applicable,False,NONE,,City Street,"Straight, Grade",Main/Proper Lane,On Roadway,,35,MANOR RD,NO DATA,Dry,Signal Light,Clear,Not Worn
14742876,False,False,,Austin Police Department,True,,,153130920,False,No,0,0,0,1,1,Possible Injury,13:49:00,1,0,2015,Monday,Pedalcyclist,,AVENUE B,Intersection,30.30772477,Daylight,-97.73254246,One Motor Vehicle - Going Straight,,Not Applicable,,Not Applicable,False,NONE,,City Street,"Straight, Level",Main/Proper Lane,On Roadway,,30,W 43RD ST,400,Dry,Yield Sign,Clear,Not Worn
14744787,False,False,,Austin Police Department,False,,,153131280,False,No,0,0,0,1,1,Possible Injury,17:34:00,1,0,2015,Monday,Pedalcyclist,,,Driveway Access,30.32344143,Daylight,-97.72384913,One Motor Vehicle - Turning Left,,One Vehicle Leaving Driveway,,Entrance To Or Exit From Private Property Or Driveway,False,NONE,,City Street,"Straight, Level",Main/Proper Lane,On Roadway,,-1,GUADALUPE ST,5593,Dry,Bike Lane,Clear,"Worn, Unk Damage"
14748454,True,False,,Austin Police Department,False,,,153140424,True,No,0,0,1,1,0,Non-Incapacitating Injury,08:46:00,1,0,2015,Tuesday,Pedalcyclist,,,Driveway Access,30.2381331,Daylight,-97.75410771,One Motor Vehicle - Going Straight,,Construction - Within Posted Road Construction Zone (Not Related To Crash),,Entrance To Or Exit From Private Property Or Driveway,False,NONE,,City Street,"Straight, Level",Main/Proper Lane,Off Roadway,,40,S CONGRESS AVE,2439,Dry,Bike Lane,Cloudy,Unknown If Worn
14757224,True,False,,Austin Police Department,True,,,153161895,False,No,0,0,2,1,0,Non-Incapacitating Injury,23:00:00,2,0,2015,Thursday,Pedalcyclist,,UNKNOWN,Intersection Related,30.27157131,"Dark, Not Lighted",-97.75398449,One Motor Vehicle - Going Straight,,Not Applicable,,Not Applicable,False,NONE,,City Street,"Straight, Level",Main/Proper Lane,On Roadway,,35,N LAMAR BLVD,601,Dry,Signal Light,Clear,"Worn, Not Damaged"
14761921,False,False,,Austin Police Department,True,,,153211351,False,No,0,0,1,1,0,Non-Incapacitating Injury,17:51:00,1,0,2015,Tuesday,Pedalcyclist,,UNKNOWN,Intersection,30.27940478,Dusk,-97.72316247,One Motor Vehicle - Turning Left,,Not Applicable,,Not Applicable,False,NONE,,City Street,"Straight, Level",Main/Proper Lane,On Roadway,,25,LEONA ST,1900,Dry,Stop Sign,Clear,"Worn, Unk Damage"
14767893,False,False,,Austin Police Department,True,,,153261067,False,No,0,0,0,2,0,Not Injured,15:37:00,0,0,2015,Sunday,Pedalcyclist,,UNKNOWN,Intersection Related,30.32780477,Daylight,-97.72516246,One Motor Vehicle - Turning Right,,Not Applicable,,Not Applicable,False,BLUE BICYCLE,,City Street,"Straight, Level",Main/Proper Lane,On Roadway,,40,N LAMAR BLVD,5900,Dry,Stop Sign,Clear,Not Worn
14767896,False,False,,Austin Police Department,False,,,153261239,False,No,0,0,1,1,0,Non-Incapacitating Injury,17:48:00,1,0,2015,Sunday,Pedalcyclist,,,Non Intersection,30.28117167,Dusk,-97.71254673,One Motor Vehicle - Going Straight,,Not Applicable,,Not Applicable,False,NONE,,City Street,"Straight, Level",Main/Proper Lane,On Roadway,,35,E MARTIN LUTHER KING JR BLVD,2790,Dry,None,Clear,"Worn, Unk Damage"
14778710,False,False,,Austin Police Department,True,,,153261240,False,No,0,1,0,2,0,Incapacitating Injury,17:49:00,1,0,2015,Sunday,Pedalcyclist,,UNKNOWN,Intersection Related,30.33706477,Daylight,-97.69530247,One Motor Vehicle - Going Straight,,Attention Diverted From Driving,,Not Applicable,False,NONE,,City Street,"Straight, Level",Main/Proper Lane,On Roadway,,35,CLOCK TOWER DR,7800,Dry,Marked Lanes,Clear,Not Worn
14784752,True,False,,Austin Police Department,False,,,153271440,False,No,0,1,0,1,0,Incapacitating Injury,19:51:00,1,0,2015,Monday,Pedalcyclist,,,Non Intersection,30.26386305,"Dark, Lighted",-97.74289348,One Motor Vehicle - Going Straight,,Not Applicable,,Not Applicable,False,NONE,,City Street,"Straight, Level",Main/Proper Lane,On Roadway,,-1,BRAZOS ST,194,Dry,Signal Light,Clear,"Worn, Damaged"
14778835,False,False,,Austin Police Department,True,,,153291419,False,No,0,0,0,1,1,Possible Injury,21:00:00,1,0,2015,Wednesday,Pedalcyclist,,S LAKESHORE BLVD,Intersection Related,30.24247478,"Dark, Lighted",-97.71723247,One Motor Vehicle - Turning Left,,Attention Diverted From Driving,,Not Applicable,False,NONE,,City Street,"Straight, Level",Main/Proper Lane,On Roadway,,40,S PLEASANT VALLEY RD,1009,Dry,Crosswalk,Clear,"Worn, Not Damaged"
14793162,False,False,,Austin Police Department,True,,,153290981,False,No,0,0,0,2,0,Not Injured,14:59:00,0,0,2015,Wednesday,Pedalcyclist,,W 5TH ST,Intersection Related,30.26711478,Daylight,-97.74316246,One Motor Vehicle - Turning Left,,Not Applicable,,Not Applicable,False,NONE,,City Street,"Straight, Level",Main/Proper Lane,On Roadway,,30,CONGRESS AVE,499,Dry,Signal Light,Cloudy,"Worn, Not Damaged"
14793164,False,False,,Austin Police Department,True,,,153300370,False,No,0,0,1,0,0,Non-Incapacitating Injury,07:00:00,1,1,2015,Thursday,Pedalcyclist,,N LAMAR BLVD,Intersection Related,30.27036478,Daylight,-97.75469246,One Motor Vehicle - Going Straight,,Not Applicable,,Not Applicable,False,NONE,,City Street,"Straight, Level",Main/Proper Lane,On Roadway,,30,W 5TH ST,1002,Wet,Signal Light,Rain,Unknown If Worn
14792833,False,False,,Austin Police Department,True,,,153340893,False,No,0,0,0,1,1,Possible Injury,14:50:00,1,0,2015,Monday,Pedalcyclist,,W 24TH ST,Intersection,30.28793478,"Dark, Not Lighted",-97.74463246,One Motor Vehicle - Going Straight,,Attention Diverted From Driving,,Not Applicable,False,NONE,,City Street,"Straight, Level",Main/Proper Lane,On Roadway,,30,RIO GRANDE ST,2399,Dry,Signal Light,Clear,Not Worn
14792834,False,False,,Austin Police Department,False,,,153341031,False,No,0,0,0,1,1,Possible Injury,16:37:00,1,0,2015,Monday,Pedalcyclist,,,Driveway Access,30.37552679,Daylight,-97.75464908,One Motor Vehicle - Turning Left,,One Vehicle Entering Driveway,,Entrance To Or Exit From Private Property Or Driveway,False,NONE,,City Street,"Straight, Level",Main/Proper Lane,On Roadway,,25,MESA DR,8360,Dry,Marked Lanes,Clear,"Worn, Not Damaged"
14792837,False,False,,Austin Police Department,False,,,153351580,False,No,0,0,0,1,1,Possible Injury,20:30:00,1,0,2015,Tuesday,Pedalcyclist,,PLEASANT VALLEY RD N,Intersection,30.2566424,"Dark, Lighted",-97.71125127,One Motor Vehicle - Turning Left,,Not Applicable,,Not Applicable,False,NONE,,City Street,"Straight, Level",Main/Proper Lane,On Roadway,,30,E 5TH ST,2774,Dry,Marked Lanes,Clear,Not Worn
14788588,False,False,,Austin Police Department,True,,,153371171,False,No,0,0,1,2,0,Non-Incapacitating Injury,16:29:00,1,0,2015,Thursday,Pedalcyclist,,TILLERY ST,Intersection,30.27338478,Daylight,-97.69914247,One Motor Vehicle - Turning Left,,Not Applicable,,Not Applicable,False,NONE,,City Street,"Straight, Level",Main/Proper Lane,On Roadway,,35,OAK SPRINGS DR,3105,Dry,None,Clear,Not Worn