Crash ID,$1000 Damage to Any One Person's Property,Active School Zone Flag,Adjusted Average Daily Traffic Amount,Agency,At Intersection Flag,Average Daily Traffic Amount,Average Daily Traffic Year,Case ID,Construction Zone Flag,Construction Zone Workers Present Flag,Crash Death Count,Crash Incapacitating Injury Count,Crash Non-incapacitating Injury Count,Crash Not Injured Count,Crash Possible Injury Count,Crash Severity,Crash Time,Crash Total Injury Count,Crash Unknown Injury Count,Crash Year,Day of Week,First Harmful Event,Highway System,Intersecting Street Name,Intersection Related,Latitude,Light Condition,Longitude,Manner of Collision,Number of Lanes,Other Factor,Outside Shoulder Width on Divided Highway,Physical Feature 1,Private Drive Flag,Property Damages,Right of Way Usual Width,Road Class,Roadway Alignment,Roadway Part,Roadway Relation,Roadway Type,Speed Limit,Street Name,Street Number,Surface Condition,Traffic Control Type,Weather Condition,Person Helmet
14809433,True,False,,Austin Police Department,False,,,153400749,False,No,0,0,1,0,0,Non-Incapacitating Injury,15:00:00,1,1,2015,Saturday,Pedalcyclist,,,Non Intersection,,Daylight,,One Motor Vehicle - Going Straight,,Attention Diverted From Driving,,In A Parking Lot,True,NONE,,Non Trafficway,"Straight, Level",Other (Explain In Narrative),Not Applicable,,-1,WICKERSHAM LN,NO DATA,Dry,None,Clear,Not Worn
14798767,False,False,,Austin Police Department,True,,,153420218,False,No,0,0,1,1,0,Non-Incapacitating Injury,05:54:00,1,0,2015,Tuesday,Pedalcyclist,,PLEASANT VALLEY RD N,Intersection,30.25659478,"Dark, Lighted",-97.71110247,One Motor Vehicle - Turning Left,,Attention Diverted From Driving,,Not Applicable,False,NONE,,City Street,"Straight, Level",Main/Proper Lane,On Roadway,,-1,E 5TH ST,2798,Dry,Signal Light,Clear,Unknown If Worn
14802480,False,False,,Austin Police Department,True,,,153420360,False,No,0,0,0,1,1,Possible Injury,08:02:00,1,0,2015,Tuesday,Pedalcyclist,,BROWNIE DR,Intersection Related,30.36676476,Dawn,-97.68485247,One Motor Vehicle - Going Straight,,Not Applicable,,Not Applicable,False,NONE,,City Street,"Straight, Grade",Main/Proper Lane,On Roadway,,30,DIAMONDBACK TRL,10117,Dry,Marked Lanes,Clear,"Worn, Not Damaged"
14892747,True,False,,Austin Police Department,True,,,153420598,False,No,0,0,0,0,1,Possible Injury,10:01:00,1,1,2015,Tuesday,Pedalcyclist,,W CESAR CHAVEZ ST,Intersection Related,30.26406477,"Dark, Not Lighted",-97.74711246,One Motor Vehicle - Turning Right,,Not Applicable,,Not Applicable,False,NONE,,City Street,"Straight, Level",Main/Proper Lane,On Roadway,,30,LAVACA ST,NO DATA,Dry,Signal Light,Clear,"Worn, Not Damaged"
14800311,False,False,,Austin Police Department,False,,,153431571,False,No,0,0,0,1,1,Possible Injury,18:38:00,1,0,2015,Wednesday,Pedalcyclist,,,Driveway Access,30.35651921,"Dark, Lighted",-97.75115999,One Motor Vehicle - Turning Left,,One Vehicle Entering Driveway,,Entrance To Or Exit From Private Property Or Driveway,False,NONE,,City Street,"Straight, Grade",Main/Proper Lane,On Roadway,,35,WOOD HOLLOW DR,7343,Dry,Center Stripe/Divider,Clear,Not Worn
14836511,False,False,172066,Austin Police Department,True,172066,2014,153450752,False,No,0,0,0,2,0,Not Injured,12:06:00,0,0,2015,Friday,Pedalcyclist,Interstate,REINLI ST,Intersection Related,30.31866845,Daylight,-97.70725807,One Motor Vehicle - Going Straight,8,Not Applicable,10,Not Applicable,False,NONE,300,Interstate,"Straight, Level",Service/Frontage Road,On Roadway,"4 Or More Lanes, Divided",55,IH0035,NO DATA,Dry,Stop Sign,Clear,Not Worn
14809695,False,False,,Austin Police Department,False,,,153481289,False,No,0,0,1,1,0,Non-Incapacitating Injury,17:47:00,1,0,2015,Monday,Pedalcyclist,,,Driveway Access,30.28307941,"Dark, Lighted",-97.77671675,One Motor Vehicle - Turning Left,,One Vehicle Entering Driveway,,Entrance To Or Exit From Private Property Or Driveway,False,NONE,,City Street,"Straight, Level",Main/Proper Lane,On Roadway,,35,LAKE AUSTIN BLVD,2682,Dry,Center Stripe/Divider,Clear,"Worn, Unk Damage"
14816388,False,False,,Austin Police Department,False,,,153490025,False,No,0,0,0,0,1,Possible Injury,00:15:00,1,1,2015,Tuesday,Pedalcyclist,,,Non Intersection,30.21251499,"Dark, Lighted",-97.80226816,One Motor Vehicle - Going Straight,,Attention Diverted From Driving,,Not Applicable,False,BICYCLE,,City Street,"Straight, Level",Main/Proper Lane,On Roadway,,35,MANCHACA RD,6032,Dry,Marked Lanes,Clear,Unknown If Worn
14816416,False,False,,Austin Police Department,False,,,153401373,False,No,0,0,1,0,0,Non-Incapacitating Injury,23:56:00,1,1,2015,Tuesday,Pedalcyclist,,,Non Intersection,30.22727603,"Dark, Lighted",-97.76160372,One Motor Vehicle - Going Straight,,Not Applicable,,Not Applicable,False,NONE,,City Street,"Straight, Level",Other (Explain In Narrative),Off Roadway,,-1,S CONGRESS AVE,NO DATA,Dry,Center Stripe/Divider,Clear,Not Worn
14816455,False,False,,Austin Police Department,True,,,153510852,False,No,0,0,0,1,1,Possible Injury,12:53:00,1,0,2015,Thursday,Pedalcyclist,,E 30TH ST,Intersection,30.29172477,Daylight,-97.73424246,One Motor Vehicle - Going Straight,,Not Applicable,,Not Applicable,False,NONE,,City Street,"Straight, Grade",Main/Proper Lane,On Roadway,,30,DUVAL ST,2907,Dry,Marked Lanes,Clear,Not Worn
14844698,True,False,,Austin Police Department,False,,,153560291,False,No,1,0,0,1,0,Killed,06:31:00,0,0,2015,Tuesday,Pedalcyclist,,,Non Intersection,30.18089481,Dawn,-97.85150569,One Motor Vehicle - Going Straight,,Not Applicable,,Not Applicable,False,NONE,,City Street,"Straight, Level",Main/Proper Lane,On Roadway,,40,BRODIE LN,10119,Dry,None,Clear,Not Worn
14836519,False,False,,Austin Police Department,False,,,153570730,False,No,0,0,1,1,0,Non-Incapacitating Injury,12:09:00,1,0,2015,Wednesday,Pedalcyclist,US Highway,,Non Intersection,,Daylight,,One Motor Vehicle - Going Straight,,Not Applicable,,In A Parking Lot,True,NONE,,Non Trafficway,"Straight, Level",Main/Proper Lane,Not Applicable,,40,US0183,NO DATA,Dry,Marked Lanes,Clear,Not Worn
14831401,False,False,,Austin Police Department,True,,,153581295,False,No,0,0,0,3,0,Not Injured,19:07:00,0,1,2015,Thursday,Pedalcyclist,,UNKNOWN,Intersection Related,30.2280511,"Dark, Lighted",-97.77795807,One Motor Vehicle - Going Straight,,Attention Diverted From Driving,,Not Applicable,False,NONE,,City Street,"Straight, Level",Service/Frontage Road,On Roadway,,-1,W BEN WHITE BLVD,1200,Dry,Signal Light,Clear,Not Worn
14850767,True,False,,Austin Police Department,False,,,153651102,False,No,0,0,1,1,0,Non-Incapacitating Injury,16:30:00,1,0,2015,Thursday,Pedalcyclist,,,Driveway Access,30.23262325,Daylight,-97.79092861,One Motor Vehicle - Going Straight,,One Vehicle Leaving Driveway,,Entrance To Or Exit From Private Property Or Driveway,False,NONE,,City Street,"Straight, Level",Main/Proper Lane,On Roadway,,35,VICTORY DR,4300,Dry,Marked Lanes,Clear,"Worn, Not Damaged"
14859694,True,True,,Austin Police Department,False,,,153650681,False,No,0,1,0,1,0,Incapacitating Injury,12:31:00,1,0,2015,Thursday,Pedalcyclist,,,Driveway Access,30.25584921,Daylight,-97.74736164,One Motor Vehicle - Turning Left,,One Vehicle Entering Driveway,,Entrance To Or Exit From Private Property Or Driveway,False,NONE,,City Street,"Straight, Grade",Main/Proper Lane,On Roadway,,35,S CONGRESS AVE,600,Dry,Center Stripe/Divider,Clear,Not Worn
14857286,True,False,,Austin Police Department,True,,,160090714,False,No,0,0,1,1,0,Non-Incapacitating Injury,11:34:00,1,0,2016,Saturday,Pedalcyclist,,W 47TH ST,Intersection,30.32021477,Daylight,-97.74435246,One Motor Vehicle - Turning Left,,Not Applicable,,Not Applicable,False,NONE,,City Street,"Curve, Level",Main/Proper Lane,On Roadway,,30,SHOAL CREEK BLVD,4799,Dry,Marked Lanes,Clear,"Worn, Not Damaged"
14857295,False,False,,Austin Police Department,True,,,160091362,False,No,0,0,1,1,0,Non-Incapacitating Injury,19:41:00,1,0,2016,Saturday,Pedalcyclist,,BAYLOR ST,Intersection,30.27718478,"Dark, Lighted",-97.75239246,One Motor Vehicle - Turning Left,,Not Applicable,,Not Applicable,False,NONE,,City Street,"Straight, Grade",Main/Proper Lane,On Roadway,,30,W 12TH ST,1010,Dry,Center Stripe/Divider,Clear,Not Worn
14857383,False,False,,Austin Police Department,False,,,160111537,False,No,0,0,1,1,0,Non-Incapacitating Injury,21:15:00,1,0,2016,Monday,Pedalcyclist,,,Non Intersection,30.40035474,"Dark, Lighted",-97.74473126,One Motor Vehicle - Going Straight,,Not Applicable,,Not Applicable,False,NONE,,City Street,"Straight, Level",Main/Proper Lane,On Roadway,,40,W BRAKER LN,4626,Dry,Marked Lanes,Clear,Not Worn
14857413,True,False,,Austin Police Department,True,,,160120296,False,No,0,0,0,1,1,Possible Injury,07:30:00,1,0,2016,Tuesday,Pedalcyclist,,GREAT OAKS PKWY,Intersection,30.31869477,Dawn,-97.74531246,One Motor Vehicle - Going Straight,,Not Applicable,,Not Applicable,False,NONE,,City Street,"Curve, Level",Main/Proper Lane,On Roadway,,30,SHOAL CREEK BLVD,4597,Dry,Stop Sign,Clear,Not Worn
14859731,True,False,,Austin Police Department,True,,,160120405,False,No,0,1,0,1,0,Incapacitating Injury,08:37:00,1,0,2016,Tuesday,Pedalcyclist,,UNKNOWN,Intersection Related,30.32206477,Daylight,-97.68453248,One Motor Vehicle - Turning Right,,Not Applicable,,Not Applicable,False,NONE,,US & State Highways,"Straight, Hillcrest",Main/Proper Lane,On Roadway,,30,CREEKSIDE DR,7000,Dry,Stop Sign,Clear,Not Worn
14859752,True,False,,Austin Police Department,True,,,160120921,False,No,0,0,1,3,0,Non-Incapacitating Injury,14:21:00,1,0,2016,Tuesday,Pedalcyclist,,E RIVERSIDE DR,Intersection Related,30.24029478,Daylight,-97.72699247,One Motor Vehicle - Going Straight,,Attention Diverted From Driving,,Not Applicable,False,NONE,,City Street,"Straight, Level",Main/Proper Lane,On Roadway,,35,TINNIN FORD RD,1599,Dry,Yield Sign,Clear,Not Worn
14875389,False,False,,Austin Police Department,False,,,160131391,False,No,0,0,1,1,0,Non-Incapacitating Injury,17:55:00,1,0,2016,Wednesday,Pedalcyclist,,RIO GRANDE ST,Intersection Related,30.26991613,Dusk,-97.74947234,One Motor Vehicle - Turning Right,,Not Applicable,,Not Applicable,False,NONE,,City Street,"Straight, Grade",Main/Proper Lane,On Roadway,,-1,W 6TH ST,695,Dry,Signal Light,Clear,Not Worn
14875516,True,False,,Austin Police Department,True,,,160200398,False,No,0,0,1,1,0,Non-Incapacitating Injury,08:15:00,1,0,2016,Wednesday,Pedalcyclist,,S CONGRESS AVE,Intersection,30.20389479,Daylight,-97.77516246,One Motor Vehicle - Going Straight,,Not Applicable,,Not Applicable,False,NONE,,City Street,"Straight, Level",Main/Proper Lane,On Roadway,,30,SANDRA ST,100,Dry,Stop Sign,Cloudy,"Worn, Not Damaged"
14875518,False,False,,Austin Police Department,False,,,160200395,False,No,0,0,0,1,1,Possible Injury,08:15:00,1,0,2016,Wednesday,Pedalcyclist,,,Driveway Access,30.32122491,Daylight,-97.72966277,One Motor Vehicle - Going Straight,,One Vehicle Leaving Driveway,,Entrance To Or Exit From Private Property Or Driveway,False,NONE,,City Street,"Straight, Level",Main/Proper Lane,Off Roadway,,30,W NORTH LOOP BLVD,816,Dry,Marked Lanes,Clear,"Worn, Not Damaged"
14875535,False,False,,Austin Police Department,True,,,160200607,False,No,0,0,1,1,0,Non-Incapacitating Injury,10:37:00,1,0,2016,Wednesday,Pedalcyclist,,W 38TH ST,Intersection Related,30.30274477,Daylight,-97.73815246,One Motor Vehicle - Turning Left,,Not Applicable,,Not Applicable,False,NONE,,City Street,"Straight, Level",Main/Proper Lane,On Roadway,,40,GUADALUPE ST,3801,Dry,Signal Light,Clear,Not Worn
14892164,False,False,,Austin Police Department,False,,,160221233,False,No,0,0,1,1,0,Non-Incapacitating Injury,16:55:00,1,0,2016,Friday,Pedalcyclist,,,Non Intersection,,Daylight,,One Motor Vehicle - Going Straight,,One Vehicle Leaving Driveway,,Private Drive Or Road,True,NONE,,Non Trafficway,"Straight, Level",Other (Explain In Narrative),Not Applicable,,-1,S 1ST ST,NO DATA,Dry,None,Clear,Not Worn
14896487,False,False,,Austin Police Department,False,,,160230696,False,No,0,0,0,2,1,Possible Injury,12:09:00,1,0,2016,Saturday,Pedalcyclist,,,Non Intersection,,Daylight,,One Motor Vehicle - Going Straight,,Not Applicable,,In A Parking Lot,False,NONE,,Non Trafficway,"Straight, Level",Main/Proper Lane,Not Applicable,,35,E WILLIAM CANNON DR,NO DATA,Dry,None,Clear,Not Worn
14907811,False,False,,Austin Police Department,True,,,160281118,False,No,0,0,0,1,1,Possible Injury,14:02:00,1,0,2016,Thursday,Pedalcyclist,,CRAWFORD ST,Intersection Related,30.30720477,Daylight,-97.74942246,One Motor Vehicle - Turning Left,,Not Applicable,,Not Applicable,False,NONE,,City Street,"Straight, Grade",Main/Proper Lane,On Roadway,,35,W 35TH STREET CUTOFF,NO DATA,Dry,Center Stripe/Divider,Clear,"Worn, Not Damaged"
14907814,False,False,22775,Austin Police Department,True,22775,2014,160290154,False,No,0,0,1,1,0,Non-Incapacitating Injury,02:13:00,1,0,2016,Friday,Pedalcyclist,State Loop,SPRINGDALE RD,Intersection,30.26562982,"Dark, Lighted",-97.69552869,One Motor Vehicle - Going Straight,4,Not Applicable,2,Not Applicable,False,NONE,160,US & State Highways,"Straight, Level",Main/Proper Lane,On Roadway,"4 Or More Lanes, Undivided",35,SL0111,NO DATA,Dry,Signal Light,Clear,Unknown If Worn
14905850,False,False,33647,Austin Police Department,False,33647,2014,160301151,False,No,0,0,1,1,0,Non-Incapacitating Injury,16:15:00,1,0,2016,Saturday,Pedalcyclist,State Loop,,Driveway Access,30.24894263,Daylight,-97.76844337,One Motor Vehicle - Going Straight,4,One Vehicle Leaving Driveway,0,Entrance To Or Exit From Private Property Or Driveway,False,NONE,80,US & State Highways,"Straight, Grade",Main/Proper Lane,On Roadway,"4 Or More Lanes, Undivided",45,SL0343,NO DATA,Dry,Marked Lanes,Clear,Not Worn
14942936,False,False,,Austin Police Department,False,,,160321544,False,No,0,0,0,5,0,Not Injured,19:18:00,0,0,2016,Monday,Pedalcyclist,,NOT REPORTED,Non Intersection,,"Dark, Lighted",,One Motor Vehicle - Going Straight,,One Vehicle Leaving Driveway,,Private Drive Or Road,True,NONE,,Non Trafficway,"Straight, Level",Other (Explain In Narrative),Not Applicable,,-1,N LAMAR BLVD,NO DATA,Dry,None,Clear,Not Worn
14896429,False,False,,Austin Police Department,False,,,160340752,False,No,0,0,1,1,0,Non-Incapacitating Injury,11:34:00,1,0,2016,Wednesday,Pedalcyclist,,,Non Intersection,30.29944406,Daylight,-97.7378697,One Motor Vehicle - Going Straight,,Vehicle Passing Or Attempting To Pass On Left,,Not Applicable,False,NONE,,City Street,"Straight, Level",Main/Proper Lane,On Roadway,,30,W 34TH ST,391,Dry,None,Clear,Not Worn
14896703,False,False,164391,Austin Police Department,False,164391,2014,160341313,False,No,0,0,0,1,1,Possible Injury,16:36:00,1,0,2016,Wednesday,Pedalcyclist,Interstate,,Driveway Access,30.26866239,Daylight,-97.73356901,One Motor Vehicle - Turning Right,6,One Vehicle Entering Driveway,5,Entrance To Or Exit From Private Property Or Driveway,False,NONE,300,Interstate,"Straight, Grade",Service/Frontage Road,Off Roadway,"4 Or More Lanes, Divided",45,IH0035,NO DATA,Dry,Marked Lanes,Clear,Not Worn
14896709,False,False,,Austin Police Department,False,,,160341406,False,No,0,1,0,2,0,Incapacitating Injury,17:24:00,1,0,2016,Wednesday,Pedalcyclist,,UNKNOWN,Intersection Related,30.41320475,Daylight,-97.72101246,One Motor Vehicle - Going Straight,,Attention Diverted From Driving,,Not Applicable,False,NONE,,City Street,"Straight, Level",Main/Proper Lane,On Roadway,,35,ETON LN,3700,Dry,Warning Sign,Clear,Not Worn
14898441,True,False,,Austin Police Department,False,,,160360358,False,No,0,0,0,1,1,Possible Injury,07:34:00,1,0,2016,Friday,Pedalcyclist,,,Driveway Access,30.30723646,Daylight,-97.72442267,One Motor Vehicle - Turning Left,,One Vehicle Entering Driveway,,Entrance To Or Exit From Private Property Or Driveway,False,NONE,,City Street,"Straight, Level",Main/Proper Lane,Off Roadway,,35,DUVAL ST,4505,Dry,Marked Lanes,Clear,"Worn, Not Damaged"
14902783,True,False,,Austin Police Department,True,,,160370630,False,No,0,0,0,1,1,Possible Injury,09:58:00,1,0,2016,Saturday,Pedalcyclist,,PARK VILLAGE DR,Intersection,30.36634476,Daylight,-97.69923247,One Motor Vehicle - Going Straight,,Not Applicable,,Not Applicable,False,NONE,,City Street,"Straight, Level",Main/Proper Lane,On Roadway,,-1,RUTLAND DR,912,Dry,None,Clear,Not Worn
14909161,False,False,,Austin Police Department,True,,,160391241,False,No,0,0,0,1,1,Possible Injury,17:44:00,1,0,2016,Monday,Pedalcyclist,,E 51ST ST,Intersection,30.31220477,Daylight,-97.71577247,One Motor Vehicle - Going Straight,,Not Applicable,,Not Applicable,False,NONE,,City Street,"Straight, Level",Main/Proper Lane,On Roadway,,25,CLARKSON AVE,5099,Dry,Marked Lanes,Clear,Not Worn
14917566,True,False,,Austin Police Department,True,,,160421357,False,No,0,1,0,1,0,Incapacitating Injury,16:31:00,1,0,2016,Thursday,Pedalcyclist,,FAR WEST BLVD,Intersection Related,30.35967476,Daylight,-97.76664245,One Motor Vehicle - Going Straight,,Not Applicable,,Not Applicable,False,NONE,,City Street,"Straight, Grade",Main/Proper Lane,On Roadway,,35,MESA DR,7101,Dry,Stop Sign,Clear,"Worn, Not Damaged"
15512698,False,False,,Austin Police Department,False,,,160430409,False,No,0,0,1,1,0,Non-Incapacitating Injury,08:06:00,1,0,2016,Friday,Pedalcyclist,,,Non Intersection,,Daylight,,One Motor Vehicle - Turning Right,,One Vehicle Leaving Driveway,,In A Parking Lot,False,NONE,,Non Trafficway,"Straight, Level",Main/Proper Lane,Not Applicable,,45,AIRPORT BLVD BLVD,NO DATA,Dry,Marked Lanes,Clear,"Worn, Not Damaged"
14917658,True,False,,Austin Police Department,True,,,160441206,False,No,0,0,1,1,0,Non-Incapacitating Injury,16:22:00,1,0,2016,Saturday,Pedalcyclist,,MUELLER BLVD,Intersection,30.30577477,Daylight,-97.70289247,One Motor Vehicle - Turning Left,,Not Applicable,,Not Applicable,False,NONE,,City Street,"Straight, Level",Main/Proper Lane,On Roadway,,30,E 51ST ST,1498,Dry,Signal Light,Clear,"Worn, Not Damaged"
14923720,False,False,,Austin Police Department,False,,,160441061,False,No,0,0,1,0,0,Non-Incapacitating Injury,14:46:00,1,1,2016,Saturday,Pedalcyclist,,WEST GATE BLVD,Intersection Related,30.22559609,Daylight,-97.80384525,One Motor Vehicle - Turning Right,,Not Applicable,,Not Applicable,False,NONE,,City Street,"Straight, Level",Main/Proper Lane,On Roadway,,35,JONES RD,2700,Dry,Signal Light,Clear,Not Worn
14920143,True,False,148494,Austin Police Department,True,148494,2014,160470327,False,No,0,1,0,1,0,Incapacitating Injury,07:54:00,1,0,2016,Tuesday,Pedalcyclist,Interstate,E 6TH ST,Intersection,30.26574519,Daylight,-97.73465308,One Motor Vehicle - Turning Left,6,Not Applicable,5,Not Applicable,False,NONE,300,Interstate,"Straight, Grade",Main/Proper Lane,On Roadway,"4 Or More Lanes, Divided",30,IH0035,NO DATA,Dry,Signal Light,Clear,"Worn, Unk Damage"
15585501,False,False,,Austin Police Department,True,,,160480959,False,No,0,0,1,2,0,Non-Incapacitating Injury,14:11:00,1,0,2016,Wednesday,Pedalcyclist,,W 6TH ST,Intersection Related,30.26805478,Daylight,-97.74281246,One Motor Vehicle - Going Straight,,Attention Diverted From Driving,,Not Applicable,False,NONE,,City Street,"Straight, Level",Main/Proper Lane,On Roadway,,30,CONGRESS AVE,599,Dry,Signal Light,Clear,Unknown If Worn
14930525,False,False,,Austin Police Department,True,,,160501177,False,No,0,0,1,1,0,Non-Incapacitating Injury,15:15:00,1,0,2016,Friday,Pedalcyclist,,S LAKESHORE BLVD,Intersection Related,30.24247478,Daylight,-97.71723247,One Motor Vehicle - Turning Right,,Vision Obstructed By Moving Vehicle,,Not Applicable,False,NONE,,City Street,"Straight, Grade",Main/Proper Lane,On Roadway,,40,S PLEASANT VALLEY RD,1009,Dry,Signal Light,Clear,Not Worn
14941785,False,False,,Austin Police Department,False,,,160530437,False,No,0,0,0,2,0,Not Injured,08:35:00,0,0,2016,Monday,Pedalcyclist,,,Driveway Access,30.23835308,Daylight,-97.75391838,One Motor Vehicle - Turning Left,,One Vehicle Entering Driveway,,Entrance To Or Exit From Private Property Or Driveway,False,NONE,,City Street,"Straight, Level",Main/Proper Lane,On Roadway,,35,S CONGRESS AVE,2424,Dry,None,Clear,"Worn, Unk Damage"
14935198,True,False,,Austin Police Department,True,,,160550592,False,No,0,0,1,1,0,Non-Incapacitating Injury,10:23:00,1,0,2016,Wednesday,Pedalcyclist,,E RIVERSIDE DR,Intersection Related,30.22698479,Daylight,-97.70800247,One Motor Vehicle - Turning Right,,Attention Diverted From Driving,,Not Applicable,False,NONE,,City Street,"Straight, Level",Main/Proper Lane,On Roadway,,35,GROVE BLVD,NO DATA,Dry,Crosswalk,Clear,Not Worn
14935218,False,False,,Austin Police Department,False,,,160551725,False,No,0,0,1,0,0,Non-Incapacitating Injury,22:21:00,1,1,2016,Wednesday,Pedalcyclist,,,Non Intersection,30.31051019,"Dark, Lighted",-97.70558107,One Motor Vehicle - Other,,Not Applicable,,Not Applicable,False,GREEN BICYCLE,,City Street,"Curve, Level",Main/Proper Lane,On Roadway,,25,WESTMOOR DR,1149,Dry,None,Clear,Not Worn
14945134,True,False,,Austin Police Department,True,,,160581308,False,No,0,0,1,2,0,Non-Incapacitating Injury,17:05:00,1,0,2016,Thursday,Pedalcyclist,,MILTON ST W,Intersection Related,30.24702478,Daylight,-97.75061246,One Motor Vehicle - Turning Right,,Vehicle Changing Lanes,,Not Applicable,False,DAMAGE TO RECUMBENT BICYCLE IN COLLISION,,City Street,"Straight, Grade",Main/Proper Lane,On Roadway,,35,CONGRESS AVE S,1699,Dry,Signal Light,Clear,"Worn, Not Damaged"
14941915,True,False,,Austin Police Department,True,,,160580719,False,No,0,0,1,0,0,Non-Incapacitating Injury,10:25:00,1,1,2016,Saturday,Pedalcyclist,,GOODWIN AVE,Intersection Related,30.26742478,Daylight,-97.69435248,One Motor Vehicle - Going Straight,,Not Applicable,,Not Applicable,False,NONE,,City Street,"Straight, Level",Main/Proper Lane,On Roadway,,35,SPRINGDALE RD,1017,Dry,Stop Sign,Clear,Unknown If Worn
14941924,True,False,,Austin Police Department,True,,,160581500,False,No,0,0,1,1,0,Non-Incapacitating Injury,19:00:00,1,0,2016,Saturday,Pedalcyclist,,UNKNOWN,Intersection Related,30.28720028,"Dark, Not Lighted",-97.7265264,One Motor Vehicle - Going Straight,,Not Applicable,,Not Applicable,False,NONE,,City Street,"Curve, Grade",Entrance/On Ramp,On Roadway,,35,E DEAN KEETON ST,1000,Dry,Bike Lane,Clear,Not Worn
14942958,False,False,,Austin Police Department,True,,,160581943,False,No,0,1,0,0,0,Incapacitating Injury,22:48:00,1,0,2016,Saturday,Pedalcyclist,,ELMONT DR,Intersection Related,30.23876478,"Dark, Lighted",-97.71957247,One Motor Vehicle - Going Straight,,Not Applicable,,Not Applicable,False,NONE,,City Street,"Straight, Level",Main/Proper Lane,On Roadway,,45,S PLEASANT VALLEY RD,1403,Dry,Signal Light,Clear,"Worn, Damaged"
14946657,False,False,,Austin Police Department,False,,,160580686,False,No,0,0,1,1,0,Non-Incapacitating Injury,10:09:00,1,0,2016,Saturday,Pedalcyclist,,VARGAS RD,Intersection Related,30.22953644,Daylight,-97.69698081,One Motor Vehicle - Going Straight,,Attention Diverted From Driving,,Not Applicable,False,NONE,,City Street,"Straight, Level",Main/Proper Lane,On Roadway,,-1,PORTER ST,6601,Dry,None,Clear,Not Worn
14970513,True,False,,Austin Police Department,False,,,160580706,False,No,0,0,0,1,1,Possible Injury,10:20:00,1,0,2016,Saturday,Pedalcyclist,,,Non Intersection,30.29728477,Daylight,-97.72297247,One Motor Vehicle - Going Straight,,"Lost Control Or Skidded (Icy Or Slick Road, etc.)",,Not Applicable,False,NONE,,City Street,"Curve, Grade",Main/Proper Lane,On Roadway,,-1,RED RIVER ST,3900,Other (Explain In Narrative),Marked Lanes,Other (Explain In Narrative),"Worn, Damaged"
14941993,False,False,,Austin Police Department,True,,,160590735,False,No,0,0,0,1,1,Possible Injury,12:06:00,1,0,2016,Sunday,Pedalcyclist,,EDGECLIFF TER,Intersection Related,30.24923478,Daylight,-97.73731247,One Motor Vehicle - Turning Right,,Attention Diverted From Driving,,Not Applicable,False,NONE,,City Street,"Curve, Level",Main/Proper Lane,On Roadway,,35,E RIVERSIDE DR,1018,Dry,Stop Sign,Cloudy,"Worn, Not Damaged"
14942036,False,False,,Austin Police Department,True,,,160600841,False,No,0,0,0,1,1,Possible Injury,13:02:00,1,0,2016,Monday,Pedalcyclist,,UNKNOWN,Intersection,30.32620477,Daylight,-97.74833246,One Motor Vehicle - Going Straight,,Vehicle Passing Or Attempting To Pass On Left,,Not Applicable,False,NONE,,City Street,"Straight, Level",Main/Proper Lane,On Roadway,,30,FINLEY DR,4999,Dry,None,Clear,"Worn, Unk Damage"
14943028,False,False,,Austin Police Department,True,,,160601739,False,No,0,0,0,1,1,Possible Injury,22:17:00,1,0,2016,Monday,Pedalcyclist,,GUADALUPE ST,Intersection,30.28768478,"Dark, Lighted",-97.74157246,One Motor Vehicle - Turning Left,,Not Applicable,,Not Applicable,False,NONE,,City Street,"Straight, Grade",Main/Proper Lane,On Roadway,,30,W 24TH ST,400,Dry,Signal Light,Clear,Not Worn
14945144,True,False,52868,Austin Police Department,False,52868,2014,160610257,False,No,0,1,0,1,0,Incapacitating Injury,06:26:00,1,0,2016,Tuesday,Pedalcyclist,Farm To Market,,Non Intersection,30.42055904,"Dark, Not Lighted",-97.7044984,One Motor Vehicle - Going Straight,6,Not Applicable,10,Not Applicable,False,NONE,200,Farm To Market,"Straight, Level",Main/Proper Lane,On Roadway,"4 Or More Lanes, Divided",55,FM0734,NO DATA,Dry,None,Clear,Not Worn
14970523,True,False,,Austin Police Department,False,,,160611192,False,No,0,0,1,1,0,Non-Incapacitating Injury,16:53:00,1,0,2016,Tuesday,Pedalcyclist,,,Non Intersection,30.28971648,Daylight,-97.74140901,One Motor Vehicle - Going Straight,,Not Applicable,,Not Applicable,False,NONE,,City Street,"Straight, Level",Main/Proper Lane,On Roadway,,35,GUADALUPE ST,2521,Dry,Marked Lanes,Clear,Not Worn
14946391,True,False,,Austin Police Department,True,,,160621287,False,No,0,0,1,1,0,Non-Incapacitating Injury,17:12:00,1,0,2016,Wednesday,Pedalcyclist,,UNKNOWN,Intersection,30.35244428,Daylight,-97.75101136,One Motor Vehicle - Turning Left,,Vision Obstructed By Headlight Or Sun Glare,,Not Applicable,False,NONE,,City Street,"Straight, Grade",Main/Proper Lane,On Roadway,,35,FAR WEST BLVD,3434,Dry,Marked Lanes,Clear,"Worn, Unk Damage"
14976201,False,False,,Austin Police Department,False,,,160621892,False,No,0,0,1,1,0,Non-Incapacitating Injury,23:11:00,1,0,2016,Wednesday,Pedalcyclist,,UNKNOWN,Intersection Related,30.23876566,"Dark, Lighted",-97.71957192,One Motor Vehicle - Going Straight,,Attention Diverted From Driving,,Not Applicable,False,NONE,,City Street,"Straight, Level",Main/Proper Lane,On Roadway,,-1,S PLEASANT VALLEY RD,1405,Dry,Signal Light,Clear,Unknown If Worn