Crash ID,$1000 Damage to Any One Person's Property,Active School Zone Flag,Adjusted Average Daily Traffic Amount,Agency,At Intersection Flag,Average Daily Traffic Amount,Average Daily Traffic Year,Case ID,Construction Zone Flag,Construction Zone Workers Present Flag,Crash Death Count,Crash Incapacitating Injury Count,Crash Non-incapacitating Injury Count,Crash Not Injured Count,Crash Possible Injury Count,Crash Severity,Crash Time,Crash Total Injury Count,Crash Unknown Injury Count,Crash Year,Day of Week,First Harmful Event,Highway System,Intersecting Street Name,Intersection Related,Latitude,Light Condition,Longitude,Manner of Collision,Number of Lanes,Other Factor,Outside Shoulder Width on Divided Highway,Physical Feature 1,Private Drive Flag,Property Damages,Right of Way Usual Width,Road Class,Roadway Alignment,Roadway Part,Roadway Relation,Roadway Type,Speed Limit,Street Name,Street Number,Surface Condition,Traffic Control Type,Weather Condition,Person Helmet
14948061,False,False,,Austin Police Department,True,,,160631141,False,No,0,0,2,1,0,Non-Incapacitating Injury,15:19:00,2,1,2016,Thursday,Pedalcyclist,,N HAMPTON DR,Intersection Related,30.31160477,Daylight,-97.68521248,One Motor Vehicle - Turning Left,,Attention Diverted From Driving,,Not Applicable,False,NONE,,City Street,"Straight, Level",Main/Proper Lane,On Roadway,,30,WHELESS LN,2200,Dry,Marked Lanes,Clear,Unknown If Worn
14948061,False,False,,Austin Police Department,True,,,160631141,False,No,0,0,2,1,0,Non-Incapacitating Injury,15:19:00,2,1,2016,Thursday,Pedalcyclist,,N HAMPTON DR,Intersection Related,30.31160477,Daylight,-97.68521248,One Motor Vehicle - Turning Left,,Attention Diverted From Driving,,Not Applicable,False,NONE,,City Street,"Straight, Level",Main/Proper Lane,On Roadway,,30,WHELESS LN,2200,Dry,Marked Lanes,Clear,Unknown If Worn
14948061,False,False,,Austin Police Department,True,,,160631141,False,No,0,0,2,1,0,Non-Incapacitating Injury,15:19:00,2,1,2016,Thursday,Pedalcyclist,,N HAMPTON DR,Intersection Related,30.31160477,Daylight,-97.68521248,One Motor Vehicle - Turning Left,,Attention Diverted From Driving,,Not Applicable,False,NONE,,City Street,"Straight, Level",Main/Proper Lane,On Roadway,,30,WHELESS LN,2200,Dry,Marked Lanes,Clear,Unknown If Worn
14948661,False,False,,Austin Police Department,False,,,160640474,False,No,0,0,1,1,0,Non-Incapacitating Injury,08:27:00,1,0,2016,Friday,Pedalcyclist,,,Non Intersection,,Daylight,,One Motor Vehicle - Going Straight,,One Vehicle Leaving Driveway,,Private Drive Or Road,False,NONE,,Non Trafficway,"Straight, Level",Main/Proper Lane,Not Applicable,,35,S CONGRESS AVE,NO DATA,Dry,Bike Lane,Clear,Unknown If Worn
14956656,False,False,,Austin Police Department,True,,,160671354,False,No,0,0,1,1,0,Non-Incapacitating Injury,17:08:00,1,0,2016,Monday,Pedalcyclist,,,Non Intersection,30.28192478,Daylight,-97.74266246,One Motor Vehicle - Turning Left,,Attention Diverted From Driving,,Alley,False,NONE,,City Street,"Straight, Level",Main/Proper Lane,On Roadway,,30,MARTIN LUTHER KING BLVD W,414,Dry,None,Cloudy,Not Worn
14956661,True,False,,Austin Police Department,True,,,160671326,False,No,0,0,0,1,1,Possible Injury,16:53:00,1,0,2016,Monday,Pedalcyclist,,BLUE VALLEY DR,Intersection,30.1828048,Daylight,-97.79344245,One Motor Vehicle - Going Straight,,Not Applicable,,Not Applicable,False,NONE,,City Street,"Straight, Level",Main/Proper Lane,On Roadway,,35,S 1ST ST,8003,Wet,No Passing Zone,Rain,Not Worn
14968063,False,False,,Austin Police Department,True,,,160721248,False,No,0,0,1,1,0,Non-Incapacitating Injury,16:21:00,1,0,2016,Saturday,Pedalcyclist,,CAMACHO ST,Intersection Related,30.29562477,Daylight,-97.70109247,One Motor Vehicle - Turning Left,,Not Applicable,,Not Applicable,False,NONE,,City Street,"Straight, Level",Main/Proper Lane,On Roadway,,30,THREADGILL ST,4299,Dry,Stop Sign,Clear,"Worn, Damaged"
14970306,False,False,25507,Austin Police Department,False,25507,2014,160750318,False,No,0,1,0,1,0,Incapacitating Injury,05:30:00,1,0,2016,Tuesday,Pedalcyclist,Farm To Market,,Non Intersection,30.16283841,"Dark, Lighted",-97.83145686,One Motor Vehicle - Going Straight,4,Not Applicable,10,Not Applicable,False,NONE,100,Farm To Market,"Straight, Level",Main/Proper Lane,Shoulder,"4 Or More Lanes, Undivided",55,FM2304,10758,Dry,Marked Lanes,Fog,Not Worn
14993471,False,False,,Austin Police Department,True,,,160751219,True,Yes,0,0,0,1,0,Not Injured,15:35:00,0,1,2016,Tuesday,Pedalcyclist,,W WILLIAM CANNON DR,Intersection,30.20415479,Daylight,-97.80989245,One Motor Vehicle - Going Straight,,Construction - Within Posted Road Construction Zone (Not Related To Crash),,Not Applicable,False,NONE,,City Street,"Straight, Level",Main/Proper Lane,On Roadway,,25,WHISPERING OAKS DR,6901,Dry,Stop Sign,Clear,Unknown If Worn
14976316,False,False,,Austin Police Department,True,,,160761787,False,No,0,0,0,1,1,Possible Injury,20:35:00,1,0,2016,Wednesday,Pedalcyclist,,ANGELINA ST,Intersection,30.26759478,"Dark, Lighted",-97.72490247,One Motor Vehicle - Turning Left,,Attention Diverted From Driving,,Not Applicable,False,NONE,,City Street,"Straight, Level",Main/Proper Lane,On Roadway,,-1,E 11TH ST,1506,Dry,Marked Lanes,Clear,Not Worn
14979712,False,False,,Austin Police Department,False,,,160781921,False,No,0,0,1,1,0,Non-Incapacitating Injury,20:20:00,1,0,2016,Friday,Pedalcyclist,,,Non Intersection,30.26936617,"Dark, Lighted",-97.74751375,One Motor Vehicle - Going Straight,,Attention Diverted From Driving,,Not Applicable,False,NONE,,City Street,"Straight, Grade",Main/Proper Lane,On Roadway,,-1,W 6TH ST,514,Wet,None,Rain,Not Worn
14979773,False,False,,Austin Police Department,False,,,160791298,False,No,0,0,0,1,1,Possible Injury,15:53:00,1,0,2016,Saturday,Pedalcyclist,,,Driveway Access,30.25584921,Daylight,-97.74736164,One Motor Vehicle - Turning Right,,One Vehicle Entering Driveway,,Entrance To Or Exit From Private Property Or Driveway,False,NONE,,City Street,"Straight, Level",Main/Proper Lane,On Roadway,,-1,S CONGRESS AVE,600,Dry,Marked Lanes,Clear,"Worn, Not Damaged"
14998088,False,False,,Austin Police Department,True,,,160821349,False,No,0,0,0,1,1,Possible Injury,17:11:00,1,0,2016,Tuesday,Pedalcyclist,,W 6TH ST,Intersection,30.26901478,"Dark, Not Lighted",-97.74629246,One Motor Vehicle - Turning Right,,Not Applicable,,Not Applicable,False,NONE,,City Street,"Straight, Level",Main/Proper Lane,On Roadway,,30,GUADALUPE ST,599,Dry,Signal Light,Clear,"Worn, Not Damaged"
14987617,True,False,,Austin Police Department,True,,,160840783,False,No,0,0,1,1,0,Non-Incapacitating Injury,11:14:00,1,0,2016,Thursday,Pedalcyclist,,W 22ND ST,Intersection,30.28497478,Daylight,-97.74181246,One Motor Vehicle - Turning Right,,Not Applicable,,Not Applicable,False,NONE,,City Street,"Straight, Level",Main/Proper Lane,On Roadway,,30,GUADALUPE ST,2199,Dry,Bike Lane,Clear,Not Worn
14988958,True,False,,Austin Police Department,False,,,160841162,False,No,0,0,0,1,1,Possible Injury,15:10:00,1,0,2016,Thursday,Pedalcyclist,,,Non Intersection,30.41704682,Daylight,-97.74982253,One Motor Vehicle - Going Straight,,Swerved Or Veered-Reason Not Specified,,Not Applicable,False,NONE,,City Street,"Straight, Level",Main/Proper Lane,Off Roadway,,40,JOLLYVILLE RD,11609,Dry,None,Clear,"Worn, Damaged"
14988965,False,False,,Austin Police Department,True,,,160841319,False,No,0,0,1,1,0,Non-Incapacitating Injury,16:42:00,1,0,2016,Thursday,Pedalcyclist,,PEDERNALES ST,Intersection,30.25793478,Daylight,-97.71507247,One Motor Vehicle - Turning Left,,Attention Diverted From Driving,,Not Applicable,False,NONE,,City Street,"Straight, Level",Main/Proper Lane,On Roadway,,35,E 5TH ST,2500,Dry,None,Clear,Unknown If Worn
14998058,False,False,,Austin Police Department,False,,,160850407,False,No,0,0,0,1,1,Possible Injury,08:15:00,1,0,2016,Friday,Pedalcyclist,,,Driveway Access,30.27347839,Daylight,-97.74463291,One Motor Vehicle - Turning Right,,One Vehicle Entering Driveway,,Entrance To Or Exit From Private Property Or Driveway,False,NONE,,City Street,"Straight, Level",Main/Proper Lane,On Roadway,,30,GUADALUPE ST,1078,Dry,None,Clear,Not Worn
14998152,False,False,,Austin Police Department,True,,,160880640,False,No,0,0,0,0,1,Possible Injury,20:30:00,1,2,2016,Friday,Pedalcyclist,,S CONGRESS AVE,Intersection Related,30.1670448,"Dark, Lighted",-97.78851246,One Motor Vehicle - Turning Right,,Attention Diverted From Driving,,Not Applicable,False,NONE,,City Street,"Straight, Level",Main/Proper Lane,On Roadway,,35,W SLAUGHTER LN,NO DATA,Dry,Signal Light,Clear,Not Worn
14993656,False,False,,Austin Police Department,True,,,160870745,False,No,0,0,0,3,0,Not Injured,13:15:00,0,0,2016,Sunday,Pedalcyclist,,S 1ST ST,Intersection Related,30.22688479,Daylight,-97.76922246,One Motor Vehicle - Going Straight,,Attention Diverted From Driving,,Not Applicable,False,NONE,,City Street,"Straight, Level",Main/Proper Lane,On Roadway,,50,W BEN WHITE BLVD,580,Dry,Crosswalk,Clear,Not Worn
15003136,False,False,33647,Austin Police Department,False,33647,2014,160880321,False,No,0,0,0,1,1,Possible Injury,07:40:00,1,0,2016,Monday,Pedalcyclist,State Loop,IH0035,Intersection Related,30.26084555,Daylight,-97.758526,One Motor Vehicle - Going Straight,6,"Lost Control Or Skidded (Icy Or Slick Road, etc.)",0,Not Applicable,False,NONE,120,US & State Highways,"Straight, Level",Main/Proper Lane,On Roadway,"4 Or More Lanes, Divided",45,SL0343,NO DATA,Dry,Crosswalk,Clear,"Worn, Not Damaged"
15015703,True,False,,Austin Police Department,True,,,160891703,False,No,0,1,0,1,0,Incapacitating Injury,22:04:00,1,0,2016,Tuesday,Pedalcyclist,,AIRPORT BLVD,Intersection Related,30.28253477,"Dark, Lighted",-97.70395247,One Motor Vehicle - Going Straight,,Slowing/Stopping-To Make Left Turn,,Not Applicable,False,NONE,,City Street,"Straight, Level",Main/Proper Lane,On Roadway,,-1,E MARTIN LUTHER KING JR BLVD,3099,Wet,Signal Light,Cloudy,Not Worn
15593655,False,False,34215,Austin Police Department,False,34215,2014,160890685,False,No,0,0,0,1,1,Possible Injury,11:29:00,1,0,2016,Tuesday,Pedalcyclist,State Loop,,Non Intersection,30.2338598,Daylight,-97.79666822,One Motor Vehicle - Going Straight,2,Not Applicable,8,Not Applicable,False,NONE,150,US & State Highways,"Straight, Level",Entrance/On Ramp,On Roadway,Other Road Type,35,SL0343,NO DATA,Dry,Other (Explain In Narrative),Cloudy,Unknown If Worn
15000228,True,False,30932,Austin Police Department,True,30932,2014,160901629,False,No,0,0,0,1,1,Possible Injury,21:15:00,1,0,2016,Wednesday,Pedalcyclist,State Loop,BEAVER ST,Intersection,30.35448114,"Dark, Lighted",-97.70404981,One Motor Vehicle - Turning Left,4,Not Applicable,0,Not Applicable,False,NONE,125,US & State Highways,"Straight, Level",Main/Proper Lane,On Roadway,"4 Or More Lanes, Undivided",-1,SL0275,8599,Dry,Marked Lanes,Clear,"Worn, Unk Damage"
15097902,True,False,,Austin Police Department,True,,,160901061,False,No,0,0,0,2,0,Not Injured,15:53:00,0,0,2016,Wednesday,Pedalcyclist,,INDEPENDENCE LOOP,Intersection,30.1753948,Daylight,-97.81409245,One Motor Vehicle - Turning Left,,Attention Diverted From Driving,,Not Applicable,False,NONE,,City Street,"Straight, Level",Main/Proper Lane,On Roadway,,25,TEXAS OAKS DR,9399,Wet,Stop Sign,Cloudy,"Worn, Unk Damage"
15000235,True,False,,Austin Police Department,True,,,160910323,False,No,0,0,1,2,0,Non-Incapacitating Injury,07:05:00,1,0,2016,Thursday,Pedalcyclist,,W 12TH ST,Intersection,30.27686478,"Dark, Lighted",-97.75139246,One Motor Vehicle - Turning Left,,Not Applicable,,Not Applicable,False,NONE,,City Street,"Straight, Level",Main/Proper Lane,On Roadway,,35,N LAMAR BLVD,1199,Dry,Signal Light,Cloudy,"Worn, Not Damaged"
15024748,False,False,,Austin Police Department,True,,,160930711,False,No,0,0,1,1,0,Non-Incapacitating Injury,11:55:00,1,0,2016,Saturday,Pedalcyclist,,S 1ST ST,Intersection Related,30.20843479,Daylight,-97.78153246,One Motor Vehicle - Going Straight,,Not Applicable,,Not Applicable,False,NONE,,City Street,"Straight, Level",Main/Proper Lane,On Roadway,,35,W STASSNEY LN,NO DATA,Dry,Signal Light,Clear,Not Worn
15007071,False,False,,Austin Police Department,False,,,160941384,False,No,0,0,1,2,0,Non-Incapacitating Injury,18:00:00,1,0,2016,Sunday,Pedalcyclist,,,Non Intersection,30.25108873,Daylight,-97.74913232,One Motor Vehicle - Backing,,Not Applicable,,Parking Area Within Right Of Way,False,NONE,,City Street,"Straight, Grade",Main/Proper Lane,On Roadway,,-1,CONGRESS AVE S,1302,Dry,Marked Lanes,Clear,Not Worn
15010762,False,False,,Austin Police Department,False,,,160941199,False,No,0,0,0,2,0,Not Injured,15:22:00,0,0,2016,Sunday,Pedalcyclist,,,Driveway Access,30.23396617,Daylight,-97.72314152,One Motor Vehicle - Turning Right,,One Vehicle Entering Driveway,,Entrance To Or Exit From Private Property Or Driveway,False,NONE,,City Street,"Straight, Level",Main/Proper Lane,On Roadway,,45,S PLEASANT VALLEY RD,NO DATA,Dry,Marked Lanes,Clear,Not Worn
15025115,True,False,,Austin Police Department,True,,,160961253,False,No,0,1,0,1,0,Incapacitating Injury,16:44:00,1,0,2016,Tuesday,Pedalcyclist,,TERI RD,Intersection,30.19656479,Daylight,-97.74343247,One Motor Vehicle - Turning Left,,Attention Diverted From Driving,,Not Applicable,False,NONE,,City Street,"Straight, Level",Main/Proper Lane,On Roadway,,35,PAR CV,5101,Dry,Marked Lanes,Clear,Not Worn
15032782,True,False,,"Department Of Public Safety, State Of Texas",True,,,,False,No,0,0,1,1,0,Non-Incapacitating Injury,18:05:00,1,0,2016,Tuesday,Pedalcyclist,,N CONGRESS AVE,Intersection,30.28063478,Daylight,-97.73808246,One Motor Vehicle - Turning Left,,Not Applicable,,Not Applicable,False,DIAMOND BACK BICYCLE,,City Street,"Straight, Grade",Main/Proper Lane,On Roadway,,35,W MARTIN LUTHER KING JR BLVD,NO DATA,Dry,Signal Light,Clear,"Worn, Damaged"
15024902,True,False,,Austin Police Department,True,,,160981452,False,No,0,0,1,1,0,Non-Incapacitating Injury,18:30:00,1,0,2016,Thursday,Pedalcyclist,,TOWN CREEK DR,Intersection,30.24479478,Daylight,-97.72547247,One Motor Vehicle - Turning Left,,Not Applicable,,Not Applicable,False,NONE,,City Street,"Straight, Level",Main/Proper Lane,On Roadway,,-1,S LAKESHORE BLVD,2000,Dry,Marked Lanes,Clear,Unknown If Worn
15025000,False,False,,Austin Police Department,True,,,160991381,False,No,0,0,1,1,0,Non-Incapacitating Injury,17:50:00,1,0,2016,Friday,Pedalcyclist,,FRUTH ST,Intersection,30.29420477,Daylight,-97.74228246,One Motor Vehicle - Turning Left,,Not Applicable,,Not Applicable,False,NONE,,City Street,"Straight, Level",Main/Proper Lane,On Roadway,,35,GUADALUPE ST,NO DATA,Dry,Marked Lanes,Clear,"Worn, Damaged"
15025002,True,False,,Austin Police Department,True,,,160991297,False,No,0,0,1,0,0,Non-Incapacitating Injury,17:10:00,1,1,2016,Friday,Pedalcyclist,,DENTON DR,Intersection,30.38507475,Daylight,-97.71256247,One Motor Vehicle - Turning Left,,Attention Diverted From Driving,,Not Applicable,False,NONE,,City Street,"Straight, Level",Main/Proper Lane,On Roadway,,-1,METRIC BLVD,10607,Dry,None,Clear,Unknown If Worn
15025199,False,False,,Austin Police Department,False,,,161021922,False,No,0,0,1,2,0,Non-Incapacitating Injury,23:08:00,1,0,2016,Monday,Pedalcyclist,,,Non Intersection,30.25965277,"Dark, Not Lighted",-97.73842614,One Motor Vehicle - Going Straight,,Not Applicable,,Not Applicable,False,NONE,,City Street,"Straight, Level",Main/Proper Lane,On Roadway,,30,RAINEY ST,84,Dry,Marked Lanes,Clear,"Worn, Damaged"
15028186,False,False,,Austin Police Department,False,,,161030790,False,No,0,0,1,0,0,Non-Incapacitating Injury,08:00:00,1,1,2016,Monday,Pedalcyclist,,,Non Intersection,,Unknown,,One Motor Vehicle - Going Straight,,One Vehicle Leaving Driveway,,In A Parking Lot,False,NONE,,Non Trafficway,"Straight, Level",Main/Proper Lane,Not Applicable,,-1,W HOWARD LN,NO DATA,Unknown,None,Unknown,Not Worn
15080187,False,False,,Austin Police Department,False,,,161020052,False,No,0,0,0,4,1,Possible Injury,00:31:00,1,0,2016,Monday,Pedalcyclist,,E 6TH ST,Intersection Related,30.2672928,"Dark, Lighted",-97.74042408,One Motor Vehicle - Turning Right,,Attention Diverted From Driving,,Not Applicable,False,NONE,,City Street,"Straight, Level",Other (Explain In Narrative),On Roadway,,-1,SAN JACINTO BLVD,590,Dry,Signal Light,Clear,Not Worn
15175108,False,False,,Austin Police Department,True,,,161021338,False,No,0,1,1,1,1,Incapacitating Injury,17:42:00,3,0,2016,Monday,Pedalcyclist,,GREAT BRITAIN BLVD,Intersection,30.1806848,Daylight,-97.80248245,One Motor Vehicle - Going Straight,,Not Applicable,,Not Applicable,False,NONE,,City Street,"Straight, Grade",Main/Proper Lane,On Roadway,,30,PALACE PKWY,8513,Dry,Stop Sign,Clear,Not Worn
15175108,False,False,,Austin Police Department,True,,,161021338,False,No,0,1,1,1,1,Incapacitating Injury,17:42:00,3,0,2016,Monday,Pedalcyclist,,GREAT BRITAIN BLVD,Intersection,30.1806848,Daylight,-97.80248245,One Motor Vehicle - Going Straight,,Not Applicable,,Not Applicable,False,NONE,,City Street,"Straight, Grade",Main/Proper Lane,On Roadway,,30,PALACE PKWY,8513,Dry,Stop Sign,Clear,Not Worn
15028277,False,False,,Austin Police Department,True,,,161031381,False,No,0,0,0,4,0,Not Injured,17:56:00,0,0,2016,Tuesday,Pedalcyclist,,W 4TH ST,Intersection Related,30.26777478,Daylight,-97.74911246,One Motor Vehicle - Turning Right,,Not Applicable,,Not Applicable,False,NONE,,City Street,"Straight, Level",Main/Proper Lane,On Roadway,,25,NUECES ST,399,Dry,Stop Sign,Cloudy,Not Worn
15039551,False,False,,Austin Police Department,False,,,161100385,False,No,0,0,1,0,0,Non-Incapacitating Injury,08:32:00,1,1,2016,Tuesday,Pedalcyclist,,W ANDERSON LN,Intersection Related,30.35390337,Daylight,-97.72592285,One Motor Vehicle - Turning Left,,Not Applicable,,Not Applicable,False,NONE,,City Street,"Straight, Level",Main/Proper Lane,On Roadway,,-1,MULLEN DR,7903,Dry,None,Cloudy,Not Worn
15079962,True,False,,Austin Police Department,True,,,161120981,False,No,0,0,1,0,0,Non-Incapacitating Injury,14:38:00,1,1,2016,Thursday,Pedalcyclist,,W 5TH ST,Intersection Related,30.26872478,Daylight,-97.74874246,One Motor Vehicle - Turning Left,,Not Applicable,,Not Applicable,False,BLUE SE LAGER BICYCLE,,City Street,"Straight, Level",Main/Proper Lane,On Roadway,,35,NUECES ST,499,Dry,Signal Light,Clear,"Worn, Unk Damage"
15049990,False,False,,Austin Police Department,True,,,161130796,False,No,0,0,1,1,0,Non-Incapacitating Injury,12:20:00,1,0,2016,Friday,Pedalcyclist,,W 5TH ST,Intersection,30.26812478,Daylight,-97.74663246,One Motor Vehicle - Going Straight,,Not Applicable,,Not Applicable,False,NONE,,City Street,"Straight, Level",Main/Proper Lane,On Roadway,,35,GUADALUPE ST,501,Dry,Signal Light,Clear,Not Worn
15050036,True,False,,Austin Police Department,False,,,161140913,False,No,0,0,1,1,0,Non-Incapacitating Injury,13:08:00,1,0,2016,Saturday,Overturned,,,Non Intersection,30.41999156,Daylight,-97.75281789,One Motor Vehicle - Going Straight,,Swerved Or Veered-Avoiding Vehicle Stopped Or Moving Slowly In Traffic Lane,,Not Applicable,False,NONE,,City Street,"Straight, Level",Main/Proper Lane,Off Roadway,,45,JOLLYVILLE RD,11737,Dry,Marked Lanes,Clear,"Worn, Not Damaged"
15053893,True,False,,Austin Police Department,False,,,161160112,False,No,0,0,0,0,1,Possible Injury,01:52:00,1,1,2016,Monday,Pedalcyclist,,,Non Intersection,30.20194628,"Dark, Lighted",-97.71013045,One Motor Vehicle - Going Straight,,Not Applicable,,Not Applicable,False,NONE,,City Street,"Straight, Level",Other (Explain In Narrative),On Roadway,,45,BURLESON RD,6725,Dry,Center Stripe/Divider,Clear,Not Worn
15053312,True,False,116198,Austin Police Department,False,116198,2014,161171142,False,No,0,0,1,1,0,Non-Incapacitating Injury,16:11:00,1,0,2016,Tuesday,Pedalcyclist,US Highway,,Non Intersection,30.34476753,Daylight,-97.7066161,One Motor Vehicle - Going Straight,6,Attention Diverted From Driving,10,Not Applicable,False,NONE,260,US & State Highways,"Straight, Level",Main/Proper Lane,On Roadway,"4 Or More Lanes, Divided",35,US0183,230,Dry,Marked Lanes,Cloudy,Not Worn
15053973,False,False,179906,Austin Police Department,False,179906,2014,161170365,False,No,0,0,0,1,1,Possible Injury,08:00:00,1,0,2016,Tuesday,Pedalcyclist,Interstate,,Driveway Access,30.33307335,Daylight,-97.70397365,One Motor Vehicle - Going Straight,8,One Vehicle Leaving Driveway,10,Entrance To Or Exit From Private Property Or Driveway,False,NONE,300,Interstate,"Straight, Level",Service/Frontage Road,On Roadway,"4 Or More Lanes, Divided",-1,IH0035,NO DATA,Dry,Marked Lanes,Cloudy,Not Worn
15084909,True,False,,Austin Police Department,False,,,161190459,False,No,0,0,1,1,0,Non-Incapacitating Injury,08:17:00,1,0,2016,Thursday,Pedalcyclist,,UNKNOWN,Intersection,30.26560478,Daylight,-97.73417246,One Motor Vehicle - Going Straight,,"Vision Obstructed By Trees, Shrubs, Weeds, etc.",,Not Applicable,False,NONE,,City Street,"Straight, Level",Main/Proper Lane,On Roadway,,-1,E 6TH ST,800,Dry,None,Clear,Not Worn
15084953,True,False,,Austin Police Department,False,,,161191278,False,No,0,0,0,1,1,Possible Injury,16:55:00,1,0,2016,Thursday,Pedalcyclist,,,Non Intersection,,Daylight,,One Motor Vehicle - Going Straight,,Not Applicable,,Not Applicable,False,NONE,,City Street,"Straight, Hillcrest",Main/Proper Lane,On Roadway,,30,E 1327 TO IH 35 NB RAMP ST,NO DATA,Wet,Marked Lanes,Clear,Not Worn
15270971,True,False,,Austin Police Department,True,,,161191062,False,No,0,1,0,0,0,Incapacitating Injury,14:15:00,1,1,2016,Thursday,Pedalcyclist,,W 18TH ST,Intersection Related,30.28061478,Daylight,-97.74198246,One Motor Vehicle - Turning Right,,Not Applicable,,Not Applicable,False,NONE,,City Street,"Straight, Grade",Main/Proper Lane,On Roadway,,35,GUADALUPE ST,1801,Dry,Stop Sign,Clear,Not Worn
15072684,True,False,,Austin Police Department,True,,,161210840,False,No,0,0,0,1,1,Possible Injury,11:06:00,1,0,2016,Saturday,Pedalcyclist,,ZACH SCOTT ST,Intersection,30.29427477,Daylight,-97.70024247,One Motor Vehicle - Going Straight,,Not Applicable,,Not Applicable,False,NONE,,City Street,"Straight, Level",Main/Proper Lane,On Roadway,,-1,BERKMAN DR,4199,Dry,Marked Lanes,Clear,"Worn, Unk Damage"
15072697,False,False,,Austin Police Department,True,,,161211007,False,No,0,0,0,2,0,Not Injured,12:55:00,0,0,2016,Saturday,Pedalcyclist,,UNKNOWN,Intersection,30.32109477,Daylight,-97.72938246,One Motor Vehicle - Turning Left,,Attention Diverted From Driving,,Not Applicable,False,SCHWINN BICYCLE,,City Street,"Straight, Level",Main/Proper Lane,On Roadway,,-1,N LAMAR BLVD,5299,Dry,Signal Light,Clear,"Worn, Not Damaged"
15072774,False,False,,Austin Police Department,True,,,161221577,False,No,0,0,1,0,0,Non-Incapacitating Injury,20:47:00,1,1,2016,Sunday,Pedalcyclist,,WEBBERVILLE RD,Intersection Related,30.27644478,"Dark, Lighted",-97.68857248,One Motor Vehicle - Turning Right,,Not Applicable,,Not Applicable,False,NONE,,City Street,"Curve, Grade",Main/Proper Lane,On Roadway,,35,SPRINGDALE RD,1153,Dry,Bike Lane,Cloudy,Not Worn
15092508,False,False,,Austin Police Department,False,,,161231489,False,No,0,0,0,1,1,Possible Injury,20:00:00,1,0,2016,Monday,Pedalcyclist,,,Non Intersection,,"Dark, Lighted",,One Motor Vehicle - Going Straight,,One Vehicle Leaving Driveway,,In A Parking Lot,True,NONE,,Non Trafficway,"Straight, Level",Other (Explain In Narrative),Not Applicable,,-1,E RIVERSIDE DR,NO DATA,Dry,None,Clear,Not Worn
15085019,False,False,,Austin Police Department,True,,,161260380,False,No,0,0,1,1,0,Non-Incapacitating Injury,08:13:00,1,0,2016,Thursday,Pedalcyclist,,MARY ST E,Intersection,30.24515478,Daylight,-97.75132246,One Motor Vehicle - Turning Left,,Attention Diverted From Driving,,Not Applicable,False,NONE,,City Street,"Straight, Level",Main/Proper Lane,On Roadway,,40,CONGRESS AVE S,1899,Dry,Signal Light,Clear,Unknown If Worn
15085041,True,False,124047,Austin Police Department,True,124047,2014,161261124,False,No,0,0,0,1,1,Possible Injury,16:02:00,1,0,2016,Thursday,Pedalcyclist,US Highway,SL0343,Intersection Related,30.22772955,Daylight,-97.77324457,One Motor Vehicle - Going Straight,8,Not Applicable,10,Not Applicable,False,NONE,380,US & State Highways,"Straight, Level",Main/Proper Lane,On Roadway,"4 Or More Lanes, Divided",35,US0290,NO DATA,Dry,Stop Sign,Clear,Not Worn
15088621,False,False,34215,Austin Police Department,False,34215,2014,161260335,False,No,0,0,0,1,1,Possible Injury,07:39:00,1,0,2016,Thursday,Pedalcyclist,State Loop,,Driveway Access,30.24758953,Daylight,-97.77309223,One Motor Vehicle - Turning Left,4,One Vehicle Entering Driveway,0,Entrance To Or Exit From Private Property Or Driveway,False,NONE,80,US & State Highways,"Straight, Level",Main/Proper Lane,On Roadway,"4 Or More Lanes, Undivided",35,SL0343,2204,Dry,Marked Lanes,Clear,Not Worn
15088917,False,False,22775,Austin Police Department,True,22775,2014,161280998,False,No,0,0,1,2,0,Non-Incapacitating Injury,14:45:00,1,0,2016,Saturday,Pedalcyclist,State Loop,GUNTER ST,Intersection,30.26955661,Daylight,-97.6966964,One Motor Vehicle - Going Straight,4,Attention Diverted From Driving,2,Not Applicable,False,NONE,160,US & State Highways,"Straight, Level",Main/Proper Lane,On Roadway,"4 Or More Lanes, Undivided",45,SL0111,1137,Dry,Stop Sign,Cloudy,Not Worn
15111398,False,False,,Austin Police Department,True,,,161291369,False,No,0,1,0,0,0,Incapacitating Injury,21:13:00,1,0,2016,Sunday,Pedalcyclist,,FLOURNOY DR,Intersection Related,30.20378479,Daylight,-97.78379246,One Motor Vehicle - Going Straight,,Not Applicable,,Not Applicable,False,NONE,,City Street,"Straight, Level",Main/Proper Lane,On Roadway,,25,S 1ST ST,6001,Dry,Signal Light,Cloudy,Unknown If Worn
15585433,False,False,,Austin Police Department,True,,,161291210,False,No,0,0,1,0,0,Non-Incapacitating Injury,17:43:00,1,0,2016,Sunday,Pedalcyclist,,FRONTIER TRL,Intersection,30.23017479,Daylight,-97.79531245,One Motor Vehicle - Going Straight,,Not Applicable,,Not Applicable,False,NONE,,City Street,"Straight, Level",Main/Proper Lane,On Roadway,,30,WESTERN TRAILS BLVD,2401,Dry,Stop Sign,Cloudy,"Worn, Not Damaged"
15092582,False,False,,Austin Police Department,False,,,161301273,False,No,0,0,1,1,0,Non-Incapacitating Injury,17:22:00,1,0,2016,Monday,Pedalcyclist,,,Non Intersection,30.22975595,Daylight,-97.73104093,One Motor Vehicle - Going Straight,,Not Applicable,,Not Applicable,False,NONE,,City Street,"Straight, Level",Main/Proper Lane,On Roadway,,35,E OLTORF ST,2288,Dry,Bike Lane,Clear,Not Worn