Crash ID,$1000 Damage to Any One Person's Property,Active School Zone Flag,Adjusted Average Daily Traffic Amount,Agency,At Intersection Flag,Average Daily Traffic Amount,Average Daily Traffic Year,Case ID,Construction Zone Flag,Construction Zone Workers Present Flag,Crash Death Count,Crash Incapacitating Injury Count,Crash Non-incapacitating Injury Count,Crash Not Injured Count,Crash Possible Injury Count,Crash Severity,Crash Time,Crash Total Injury Count,Crash Unknown Injury Count,Crash Year,Day of Week,First Harmful Event,Highway System,Intersecting Street Name,Intersection Related,Latitude,Light Condition,Longitude,Manner of Collision,Number of Lanes,Other Factor,Outside Shoulder Width on Divided Highway,Physical Feature 1,Private Drive Flag,Property Damages,Right of Way Usual Width,Road Class,Roadway Alignment,Roadway Part,Roadway Relation,Roadway Type,Speed Limit,Street Name,Street Number,Surface Condition,Traffic Control Type,Weather Condition,Person Helmet
15102708,False,False,,Austin Police Department,False,,,161331327,False,No,0,0,1,1,0,Non-Incapacitating Injury,17:23:00,1,0,2016,Thursday,Pedalcyclist,US Highway,,Non Intersection,,Daylight,,One Motor Vehicle - Turning Left,,Attention Diverted From Driving,,In A Parking Lot,True,BICYCLE,,Non Trafficway,"Straight, Level",Service/Frontage Road,Not Applicable,,-1,US0290,NO DATA,Dry,None,Cloudy,Not Worn
15105136,False,False,,Austin Police Department,True,,,161330241,False,No,0,0,0,0,1,Possible Injury,00:01:00,1,1,2016,Thursday,Pedalcyclist,,N PLEASANT VALLEY RD,Intersection Related,30.25299478,"Dark, Lighted",-97.71278247,One Motor Vehicle - Going Straight,,Not Applicable,,Not Applicable,False,NONE,,City Street,"Straight, Level",Main/Proper Lane,On Roadway,,35,CESAR CHAVEZ ST E,2798,Dry,Center Stripe/Divider,Cloudy,Unknown If Worn
15107556,False,False,118571,Austin Police Department,True,118571,2014,161331305,False,No,0,0,0,1,1,Possible Injury,17:11:00,1,0,2016,Thursday,Pedalcyclist,State Loop,ENFIELD RD,Intersection Related,30.28586249,Daylight,-97.76398542,One Motor Vehicle - Going Straight,6,Not Applicable,10,Not Applicable,False,NONE,290,US & State Highways,"Straight, Level",Main/Proper Lane,On Roadway,"4 Or More Lanes, Divided",30,SL0001,NO DATA,Dry,Signal Light,Clear,"Worn, Not Damaged"
15131015,True,False,,Austin Police Department,False,,,161341424,False,No,0,0,1,1,0,Non-Incapacitating Injury,18:37:00,1,0,2016,Friday,Pedalcyclist,,,Non Intersection,30.26911577,Daylight,-97.77889182,One Motor Vehicle - Turning Left,,Attention Diverted From Driving,,Not Applicable,False,NONE,,City Street,"Straight, Hillcrest",Main/Proper Lane,On Roadway,,-1,ROLLINGWOOD DR,2300,Dry,None,Clear,"Worn, Not Damaged"
15129002,True,False,148494,Austin Police Department,True,148494,2014,161391068,False,No,0,0,0,1,1,Possible Injury,14:43:00,1,0,2016,Wednesday,Pedalcyclist,Interstate,E 5TH ST,Intersection Related,30.26479309,Daylight,-97.73498848,One Motor Vehicle - Going Straight,6,Not Applicable,5,Not Applicable,False,BICYCLE,300,Interstate,"Straight, Level",Main/Proper Lane,On Roadway,"4 Or More Lanes, Divided",30,IH0035,NO DATA,Dry,Crosswalk,Clear,Unknown If Worn
15117699,False,False,,Austin Police Department,False,,,161441684,False,No,0,0,1,3,0,Non-Incapacitating Injury,20:58:00,1,0,2016,Sunday,Pedalcyclist,,,Non Intersection,30.24642478,"Dark, Lighted",-97.76575246,One Motor Vehicle - Going Straight,,Not Applicable,,Not Applicable,False,NONE,,City Street,"Straight, Level",Main/Proper Lane,On Roadway,,20,PERRY AVE,2200,Dry,None,Clear,Not Worn
15117703,False,False,,Austin Police Department,False,,,161440443,False,No,0,0,1,1,0,Non-Incapacitating Injury,09:27:00,1,0,2016,Monday,Pedalcyclist,,,Driveway Access,30.25243399,Daylight,-97.74222453,One Motor Vehicle - Going Straight,,One Vehicle Leaving Driveway,,Entrance To Or Exit From Private Property Or Driveway,False,NONE,,City Street,"Curve, Grade",Main/Proper Lane,On Roadway,,35,E RIVERSIDE DR,531,Wet,Marked Lanes,Cloudy,Not Worn
15131435,True,False,34215,Austin Police Department,True,34215,2014,161441130,False,No,0,1,0,1,0,Incapacitating Injury,15:49:00,1,0,2016,Monday,Pedalcyclist,State Loop,DEL CURTO RD,Intersection,30.2472942,Daylight,-97.77523494,One Motor Vehicle - Turning Left,4,One Vehicle Entering Driveway,0,Entrance To Or Exit From Private Property Or Driveway,False,NONE,80,US & State Highways,"Curve, Grade",Main/Proper Lane,Off Roadway,"4 Or More Lanes, Undivided",35,SL0343,2299,Dry,Stop Sign,Cloudy,"Worn, Unk Damage"
15117743,False,False,,Austin Police Department,True,,,161450353,False,No,0,0,0,1,1,Possible Injury,07:48:00,1,0,2016,Tuesday,Pedalcyclist,,GREENBROOK PKWY,Intersection Related,30.30575477,Daylight,-97.69771247,One Motor Vehicle - Going Straight,,Attention Diverted From Driving,,Not Applicable,False,NONE,,City Street,"Straight, Level",Main/Proper Lane,On Roadway,,35,BERKMAN DR,5207,Dry,None,Cloudy,"Worn, Damaged"
15131449,False,False,,Austin Police Department,True,,,161471220,False,No,0,0,1,1,0,Non-Incapacitating Injury,16:38:00,1,0,2016,Thursday,Pedalcyclist,,BRODIE LN,Intersection Related,30.1953048,Daylight,-97.84229244,One Motor Vehicle - Going Straight,,Not Applicable,,Not Applicable,False,NONE,,City Street,"Straight, Level",Main/Proper Lane,On Roadway,,45,DAVIS LN,3498,Dry,Signal Light,Cloudy,"Worn, Not Damaged"
15129371,False,False,,Austin Police Department,False,,,161500843,False,No,0,0,0,2,0,Not Injured,13:15:00,0,0,2016,Sunday,Pedalcyclist,,,Non Intersection,30.26533889,Daylight,-97.73330469,One Motor Vehicle - Going Straight,,Not Applicable,,Not Applicable,False,NONE,,City Street,"Straight, Grade",Main/Proper Lane,On Roadway,,30,E 6TH ST,925,Dry,Marked Lanes,Clear,Not Worn
15131482,False,False,,Austin Police Department,True,,,161521438,False,No,0,0,1,1,0,Non-Incapacitating Injury,18:05:00,1,0,2016,Tuesday,Pedalcyclist,,,Non Intersection,,Daylight,,One Motor Vehicle - Going Straight,,One Vehicle Leaving Driveway,,Private Drive Or Road,True,NONE,,Non Trafficway,"Straight, Level",Main/Proper Lane,Not Applicable,,-1,W ANDERSON LN,NO DATA,Wet,None,Clear,Not Worn
15133515,False,False,,Austin Police Department,False,,,161530880,False,No,0,0,1,1,0,Non-Incapacitating Injury,13:27:00,1,0,2016,Wednesday,Pedalcyclist,,,Non Intersection,,Daylight,,One Motor Vehicle - Going Straight,,One Vehicle Leaving Driveway,,In A Parking Lot,True,NONE,,Non Trafficway,"Straight, Grade",Other (Explain In Narrative),Not Applicable,,15,E E RIVERSIDE DR,NO DATA,Dry,None,Cloudy,Not Worn
15133516,True,False,,Austin Police Department,True,,,161530977,False,No,0,0,1,2,0,Non-Incapacitating Injury,14:12:00,1,0,2016,Wednesday,Pedalcyclist,,HARMON AVE,Intersection,30.31049477,Daylight,-97.71193247,One Motor Vehicle - Turning Left,,Not Applicable,,Not Applicable,False,NONE,,City Street,"Straight, Level",Main/Proper Lane,On Roadway,,30,E 51ST ST,1000,Dry,Center Stripe/Divider,Clear,Not Worn
15140213,False,False,,Austin Police Department,True,,,161531420,False,No,0,0,0,1,1,Possible Injury,18:27:00,1,0,2016,Wednesday,Pedalcyclist,,CUMBERLAND RD,Intersection,30.23816479,Daylight,-97.76212246,One Motor Vehicle - Turning Right,,Not Applicable,,Not Applicable,False,BICYCLE,,City Street,"Straight, Level",Main/Proper Lane,On Roadway,,35,S 1ST ST,2701,Dry,Marked Lanes,Clear,"Worn, Not Damaged"
15140276,False,False,,Austin Police Department,False,,,161541025,False,No,0,0,1,1,0,Non-Incapacitating Injury,14:34:00,1,0,2016,Thursday,Pedalcyclist,,,Non Intersection,30.23088479,Daylight,-97.73589247,One Motor Vehicle - Going Straight,,Not Applicable,,Not Applicable,False,NONE,,City Street,"Curve, Grade",Main/Proper Lane,On Roadway,,35,BURLESON RD,2300,Dry,Signal Light,Cloudy,Not Worn
15140277,False,False,25921,Austin Police Department,True,25921,2014,161540306,False,No,0,0,0,1,1,Possible Injury,06:53:00,1,0,2016,Thursday,Pedalcyclist,Farm To Market,IH0035,Intersection Related,30.38699274,Daylight,-97.6484449,One Motor Vehicle - Turning Right,6,Attention Diverted From Driving,10,Not Applicable,False,NONE,200,Farm To Market,"Straight, Level",Main/Proper Lane,On Roadway,"4 Or More Lanes, Divided",55,FM0734,NO DATA,Wet,Crosswalk,Rain,Not Worn
15140288,True,False,,Austin Police Department,True,,,161541485,False,No,0,0,1,1,0,Non-Incapacitating Injury,18:38:00,1,0,2016,Thursday,Pedalcyclist,,TEXAS PLUME DR,Intersection,30.42205475,Daylight,-97.77832245,One Motor Vehicle - Turning Left,,Not Applicable,,Not Applicable,False,NONE,,City Street,"Straight, Level",Main/Proper Lane,On Roadway,,-1,YAUPON DR,7800,Dry,Marked Lanes,Clear,"Worn, Unk Damage"
15140468,False,False,,Austin Police Department,True,,,161551763,False,No,0,0,1,1,0,Non-Incapacitating Injury,21:30:00,1,0,2016,Friday,Pedalcyclist,,W 8TH ST,Intersection Related,30.26991478,"Dark, Lighted",-97.74210246,One Motor Vehicle - Turning Right,,Attention Diverted From Driving,,Not Applicable,False,NONE,,City Street,"Straight, Hillcrest",Main/Proper Lane,On Roadway,,30,CONGRESS AVE,799,Wet,Signal Light,Rain,Not Worn
15140585,False,False,,Austin Police Department,True,,,161571314,False,No,0,0,1,0,0,Non-Incapacitating Injury,17:00:00,1,1,2016,Sunday,Pedalcyclist,,WESTHEIMER DR,Intersection Related,30.32486477,Daylight,-97.69311247,One Motor Vehicle - Going Straight,,Attention Diverted From Driving,,Not Applicable,False,NONE,,City Street,"Straight, Level",Main/Proper Lane,On Roadway,,45,CAMERON RD,NO DATA,Dry,Center Stripe/Divider,Clear,Not Worn
15162136,True,False,,Austin Police Department,False,,,161611147,False,No,0,0,1,1,0,Non-Incapacitating Injury,16:26:00,1,0,2016,Thursday,Pedalcyclist,,,Non Intersection,30.30298544,Daylight,-97.73800046,One Motor Vehicle - Going Straight,,Not Applicable,,Not Applicable,False,NONE,,City Street,"Straight, Level",Main/Proper Lane,On Roadway,,35,GUADALUPE ST,3807,Dry,Bike Lane,Clear,"Worn, Not Damaged"
15169189,False,False,,Austin Police Department,True,,,161621503,False,No,0,0,0,2,0,Not Injured,18:40:00,0,0,2016,Friday,Pedalcyclist,,,Non Intersection,,Daylight,,One Motor Vehicle - Going Straight,,One Vehicle Leaving Driveway,,Private Drive Or Road,False,NONE,,Non Trafficway,"Straight, Grade",Main/Proper Lane,Not Applicable,,15,S IH 35 SVRD NB,NO DATA,Dry,Stop Sign,Clear,Not Worn
15153705,False,False,,Austin Police Department,False,,,161631286,False,No,0,0,1,1,0,Non-Incapacitating Injury,17:49:00,1,0,2016,Saturday,Pedalcyclist,,,Driveway Access,30.25891205,Daylight,-97.74744525,One Motor Vehicle - Turning Right,,One Vehicle Entering Driveway,,Entrance To Or Exit From Private Property Or Driveway,False,NONE,,City Street,"Straight, Grade",Main/Proper Lane,On Roadway,,35,BARTON SPRINGS RD,265,Dry,Marked Lanes,Clear,"Worn, Damaged"
15159154,False,False,,Austin Police Department,True,,,161660520,False,No,0,0,1,1,0,Non-Incapacitating Injury,09:33:00,1,0,2016,Tuesday,Pedalcyclist,,CAMERON RD,Intersection,30.32607477,Daylight,-97.69237247,One Motor Vehicle - Turning Left,,Not Applicable,,Not Applicable,False,NONE,,City Street,"Straight, Level",Main/Proper Lane,On Roadway,,30,E ST JOHNS AVE,1398,Dry,Signal Light,Cloudy,Not Worn
15170997,False,False,,Austin Police Department,False,,,161691559,False,No,0,0,1,0,0,Non-Incapacitating Injury,18:30:00,1,0,2016,Friday,Pedalcyclist,,,Non Intersection,30.22444548,Daylight,-97.66684858,One Motor Vehicle - Going Straight,,Not Applicable,,Not Applicable,False,NONE,,City Street,"Curve, Grade",Main/Proper Lane,On Roadway,,35,CARSON CREEK BLVD,9585,Dry,None,Clear,Not Worn
15171073,False,False,,Austin Police Department,False,,,161701937,False,No,0,0,1,1,0,Non-Incapacitating Injury,23:35:00,1,0,2016,Saturday,Pedalcyclist,,,Driveway Access,30.21872792,"Dark, Lighted",-97.76654485,One Motor Vehicle - Turning Right,,One Vehicle Entering Driveway,,Entrance To Or Exit From Private Property Or Driveway,False,NONE,,City Street,"Straight, Grade",Main/Proper Lane,On Roadway,,-1,S CONGRESS AVE,4320,Dry,Bike Lane,Clear,"Worn, Unk Damage"
15171108,False,False,49417,Austin Police Department,True,49417,2014,161710593,False,No,0,0,1,1,0,Non-Incapacitating Injury,09:33:00,1,0,2016,Sunday,Pedalcyclist,Farm To Market,,Non Intersection,30.41583934,Daylight,-97.69587677,One Motor Vehicle - Going Straight,6,Not Applicable,10,Not Applicable,False,SPECIALIZED CARBON BIKE,150,Farm To Market,"Straight, Level",Main/Proper Lane,On Roadway,"4 Or More Lanes, Divided",35,FM0734,NO DATA,Dry,Marked Lanes,Clear,"Worn, Not Damaged"
15171191,True,False,,Austin Police Department,True,,,161721734,False,No,0,1,0,0,0,Incapacitating Injury,22:10:00,1,1,2016,Monday,Pedalcyclist,,JOLLYVILLE RD,Intersection Related,30.41724475,"Dark, Unknown Lighting",-97.75004245,One Motor Vehicle - Going Straight,,Attention Diverted From Driving,,Not Applicable,False,BICYCLE WHEEL FRONT,,City Street,"Straight, Level",Main/Proper Lane,On Roadway,,40,DUVAL RD,5799,Dry,Signal Light,Clear,Not Worn
15172773,False,False,,Austin Police Department,True,,,161731261,False,No,0,0,0,1,1,Possible Injury,18:16:00,1,0,2016,Tuesday,Pedalcyclist,,E 51ST ST,Intersection,30.31249477,Daylight,-97.71634247,One Motor Vehicle - Turning Left,,Vision Obstructed By Standing Or Parked Vehicle,,Not Applicable,False,NONE,,City Street,"Straight, Level",Main/Proper Lane,On Roadway,,25,CASWELL AVE,5101,Dry,Center Stripe/Divider,Clear,"Worn, Not Damaged"
15185205,False,False,,Austin Police Department,False,,,161750708,False,No,0,0,0,2,0,Not Injured,11:52:00,0,0,2016,Thursday,Pedalcyclist,,,Non Intersection,,Daylight,,One Motor Vehicle - Going Straight,,One Vehicle Leaving Driveway,,In A Parking Lot,False,NONE,,Non Trafficway,"Straight, Grade",Main/Proper Lane,Not Applicable,,40,E STASDNEY LN,NO DATA,Dry,None,Clear,Not Worn
15201934,False,False,,Austin Police Department,False,,,161751443,False,No,0,0,1,1,0,Non-Incapacitating Injury,19:30:00,1,0,2016,Thursday,Pedalcyclist,,,Driveway Access,30.38227891,Daylight,-97.70362554,One Motor Vehicle - Turning Left,,One Vehicle Entering Driveway,,Entrance To Or Exit From Private Property Or Driveway,False,NONE,,City Street,"Straight, Level",Main/Proper Lane,On Roadway,,-1,MACMORA RD,10605,Dry,None,Clear,"Worn, Not Damaged"
15178495,False,False,,Austin Police Department,True,,,161770744,False,No,0,0,0,1,1,Possible Injury,11:42:00,1,0,2016,Saturday,Pedalcyclist,,CORNELL ST,Intersection,30.26817478,Daylight,-97.71949247,One Motor Vehicle - Turning Left,,Attention Diverted From Driving,,Not Applicable,False,NONE,,City Street,"Straight, Level",Main/Proper Lane,On Roadway,,35,CHICON ST,1139,Dry,Bike Lane,Cloudy,"Worn, Unk Damage"
15201935,False,False,,Austin Police Department,True,,,161770179,False,No,0,0,1,2,0,Non-Incapacitating Injury,02:02:00,1,0,2016,Saturday,Pedalcyclist,,W 5TH ST,Intersection,30.26872478,"Dark, Lighted",-97.74874246,One Motor Vehicle - Turning Right,,Attention Diverted From Driving,,Not Applicable,False,NONE,,City Street,"Straight, Level",Main/Proper Lane,On Roadway,,35,NUECES ST,499,Dry,Signal Light,Clear,"Worn, Unk Damage"
15423396,False,False,,Austin Police Department,True,,,161771418,False,No,0,0,0,2,0,Not Injured,19:54:00,0,0,2016,Saturday,Pedalcyclist,,ARGONNE FOREST TRL,Intersection,30.43028475,Dusk,-97.76470245,One Motor Vehicle - Going Straight,,Attention Diverted From Driving,,Not Applicable,False,NONE,,City Street,"Straight, Level",Main/Proper Lane,On Roadway,,45,JOLLYVILLE RD,12161,Standing Water,Stop Sign,Rain,Unknown If Worn
15291281,False,False,,Austin Police Department,False,,,161801741,False,No,0,1,0,2,0,Incapacitating Injury,21:37:00,1,0,2016,Tuesday,Pedalcyclist,,,Driveway Access,30.16384142,"Dark, Not Lighted",-97.79152174,One Motor Vehicle - Going Straight,,One Vehicle Leaving Driveway,,Entrance To Or Exit From Private Property Or Driveway,False,NONE,,City Street,"Straight, Level",Main/Proper Lane,On Roadway,,30,CULLEN LN,9486,Wet,Stop Sign,Cloudy,Not Worn
15197918,True,False,,Austin Police Department,True,,,161811040,False,No,0,0,1,1,0,Non-Incapacitating Injury,15:50:00,1,0,2016,Wednesday,Pedalcyclist,,BARTON SPRINGS RD,Intersection Related,30.26474478,Daylight,-97.76495246,One Motor Vehicle - Going Straight,,Attention Diverted From Driving,,Not Applicable,False,NONE,,City Street,"Straight, Level",Main/Proper Lane,On Roadway,,35,ROBERT E LEE RD,401,Dry,Signal Light,Clear,Unknown If Worn
15191118,True,False,,Austin Police Department,True,,,161831407,False,No,0,0,0,1,1,Possible Injury,17:51:00,1,0,2016,Friday,Pedalcyclist,,UNKNOWN,Intersection,30.28691478,Daylight,-97.70259246,One Motor Vehicle - Turning Left,,Not Applicable,,Not Applicable,False,NONE,,City Street,"Straight, Level",Main/Proper Lane,On Roadway,,35,MANOR RD,3299,Dry,None,Clear,Not Worn
15191126,False,False,,Austin Police Department,True,,,161831546,False,No,0,0,1,1,0,Non-Incapacitating Injury,19:11:00,1,0,2016,Friday,Pedalcyclist,,WINSTED LN,Intersection,30.29259477,Daylight,-97.76098246,One Motor Vehicle - Going Straight,,Not Applicable,,Not Applicable,False,NONE,,City Street,"Straight, Grade",Main/Proper Lane,On Roadway,,30,WINDSOR RD,2700,Dry,Signal Light,Clear,Unknown If Worn
15197957,False,False,,Austin Police Department,True,,,161831740,False,No,0,0,0,2,0,Not Injured,20:56:00,0,0,2016,Friday,Pedalcyclist,,W RIVERSIDE DR,Intersection Related,30.25715478,"Dark, Lighted",-97.74688246,One Motor Vehicle - Going Straight,,Attention Diverted From Driving,,Not Applicable,False,NONE,,City Street,"Straight, Level",Main/Proper Lane,On Roadway,,-1,CONGRESS AVE S,401,Dry,Signal Light,Clear,Not Worn
15210162,True,False,,Austin Police Department,True,,,161862156,False,No,0,1,0,1,0,Incapacitating Injury,22:34:00,1,0,2016,Monday,Pedalcyclist,,E 12TH ST,Intersection Related,30.27684478,"Dark, Lighted",-97.70032247,One Motor Vehicle - Turning Left,,Not Applicable,,Not Applicable,False,NONE,,City Street,"Straight, Hillcrest",Main/Proper Lane,On Roadway,,-1,AIRPORT BLVD,1199,Dry,Signal Light,Clear,Not Worn
15198135,False,False,,Austin Police Department,True,,,161891516,False,No,0,0,0,1,1,Possible Injury,19:36:00,1,0,2016,Thursday,Pedalcyclist,,UNKNOWN,Intersection,30.41304808,Daylight,-97.73263246,One Motor Vehicle - Turning Left,,Vision Obstructed By Headlight Or Sun Glare,,Not Applicable,False,NONE,,City Street,"Straight, Level",Main/Proper Lane,On Roadway,,-1,DUVAL RD,4410,Dry,Center Stripe/Divider,Clear,"Worn, Damaged"
15237665,True,False,68363,Austin Police Department,True,68363,2014,161891514,False,No,0,0,2,3,0,Non-Incapacitating Injury,19:37:00,2,0,2016,Thursday,Motor Vehicle In Transport,State Highway,WOODWARD ST,Intersection,30.21621428,Daylight,-97.7440169,Angle - Both Going Straight,6,Not Applicable,10,Not Applicable,False,WALK/DON'T WALK POST,350,US & State Highways,"Straight, Level",Service/Frontage Road,On Roadway,"4 Or More Lanes, Divided",-1,SH0071,NO DATA,Dry,Marked Lanes,Clear,"Worn, Not Damaged"
15202119,False,False,10943,Austin Police Department,True,10943,2014,161901563,False,No,0,1,0,1,0,Incapacitating Injury,19:49:00,1,0,2016,Friday,Pedalcyclist,State Spur,IH0035,Intersection,30.32351352,Daylight,-97.72379779,One Motor Vehicle - Going Straight,4,Not Applicable,0,Not Applicable,False,NONE,80,US & State Highways,"Straight, Level",Main/Proper Lane,On Roadway,"4 Or More Lanes, Divided",35,SS0069,NO DATA,Dry,Signal Light,Clear,Not Worn
15237953,False,False,,Austin Police Department,False,,,161920690,False,No,0,0,0,1,0,Not Injured,11:08:00,0,1,2016,Sunday,Pedalcyclist,,,Non Intersection,,Daylight,,One Motor Vehicle - Going Straight,,One Vehicle Leaving Driveway,,In A Parking Lot,False,NONE,,Non Trafficway,"Straight, Level",Service/Frontage Road,Not Applicable,,50,W BEN WHITE BLVD,NO DATA,Dry,None,Clear,Not Worn
15208400,False,False,,Austin Police Department,True,,,161951133,False,No,0,0,0,1,1,Possible Injury,15:52:00,1,0,2016,Wednesday,Pedalcyclist,,W 2ND ST,Intersection,30.26429478,Daylight,-97.74420246,One Motor Vehicle - Turning Left,,Attention Diverted From Driving,,Not Applicable,False,NONE,,City Street,"Straight, Level",Main/Proper Lane,On Roadway,,-1,CONGRESS AVE,199,Dry,Signal Light,Clear,Unknown If Worn
15210221,False,False,,Austin Police Department,True,,,161970375,False,No,0,0,0,1,1,Possible Injury,06:46:00,1,0,2016,Friday,Pedalcyclist,,E 38TH ST,Intersection Related,30.29560477,Daylight,-97.72339247,One Motor Vehicle - Going Straight,,Not Applicable,,Not Applicable,False,NONE,,City Street,"Straight, Level",Main/Proper Lane,On Roadway,,35,RED RIVER ST,NO DATA,Dry,Signal Light,Clear,Not Worn
15214193,False,False,148494,Austin Police Department,True,148494,2014,161971249,False,No,0,0,0,1,1,Possible Injury,16:52:00,1,0,2016,Friday,Pedalcyclist,Interstate,E 5TH ST,Intersection,30.26479309,Daylight,-97.73498848,One Motor Vehicle - Turning Right,6,Not Applicable,5,Not Applicable,False,NONE,300,Interstate,"Straight, Level",Service/Frontage Road,On Roadway,"4 Or More Lanes, Divided",35,IH0035,NO DATA,Dry,Stop Sign,Clear,Not Worn
15217462,True,False,,Austin Police Department,True,,,162010773,False,No,0,0,1,1,0,Non-Incapacitating Injury,12:53:00,1,0,2016,Tuesday,Pedalcyclist,,W 22ND ST,Intersection,30.28497478,Daylight,-97.74181246,One Motor Vehicle - Turning Right,,Not Applicable,,Not Applicable,False,NONE,,City Street,"Straight, Level",Main/Proper Lane,On Roadway,,30,GUADALUPE ST,2199,Dry,Bike Lane,Clear,Not Worn
15220483,False,False,,Austin Police Department,True,,,162020803,False,No,0,0,0,1,1,Possible Injury,13:54:00,1,0,2016,Wednesday,Pedalcyclist,,PARKER LN,Intersection Related,30.23231479,Daylight,-97.73690247,One Motor Vehicle - Going Straight,,Not Applicable,,Not Applicable,False,NONE,,City Street,"Straight, Level",Service/Frontage Road,On Roadway,,35,E OLTORF ST,NO DATA,Wet,Signal Light,Cloudy,Not Worn
15220496,False,False,,Austin Police Department,True,,,162021701,False,No,0,0,0,0,0,Unknown,22:10:00,0,2,2016,Wednesday,Pedalcyclist,,E WILLIAM CANNON DR,Intersection Related,30.1926748,"Dark, Lighted",-97.77756246,One Motor Vehicle - Going Straight,,Not Applicable,,Not Applicable,False,NONE,,City Street,"Straight, Level",Main/Proper Lane,On Roadway,,-1,CIRCLE S RD,6601,Dry,Crosswalk,Clear,Unknown If Worn
15230206,False,False,,Austin Police Department,True,,,162030356,False,No,0,0,1,1,0,Non-Incapacitating Injury,07:41:00,1,0,2016,Thursday,Pedalcyclist,,PARKCREST DR,Intersection,30.33491477,Daylight,-97.75905246,One Motor Vehicle - Going Straight,,Not Applicable,,Not Applicable,False,NONE,,City Street,"Curve, Level",Main/Proper Lane,On Roadway,,-1,BALCONES DR,5307,Dry,Stop Sign,Clear,"Worn, Not Damaged"
15226323,False,False,,Austin Police Department,False,,,162051202,False,No,0,0,0,3,1,Possible Injury,17:06:00,1,0,2016,Saturday,Other Object,,,Non Intersection,,Daylight,,One Motor Vehicle - Going Straight,,One Vehicle Leaving Driveway,,Private Drive Or Road,False,NONE,,Non Trafficway,"Straight, Level",Main/Proper Lane,Not Applicable,,-1,BURNET RD RD,NO DATA,Dry,Marked Lanes,Clear,Not Worn
15226361,True,False,105589,Austin Police Department,True,105589,2014,162050215,False,No,0,0,0,1,1,Possible Injury,02:04:00,1,0,2016,Saturday,Pedalcyclist,US Highway,SL0343,Intersection,30.23163827,"Dark, Lighted",-97.79167782,One Motor Vehicle - Going Straight,8,Not Applicable,10,Not Applicable,False,NONE,380,US & State Highways,"Straight, Level",Service/Frontage Road,On Roadway,"4 Or More Lanes, Divided",45,US0290,NO DATA,Dry,Signal Light,Clear,Not Worn
15226462,False,False,,Austin Police Department,False,,,162070387,False,No,0,0,0,3,0,Not Injured,07:56:00,0,0,2016,Monday,Pedalcyclist,,,Non Intersection,,Daylight,,One Motor Vehicle - Going Straight,,One Vehicle Leaving Driveway,,Private Drive Or Road,True,NONE,,Non Trafficway,"Straight, Level",Other (Explain In Narrative),Not Applicable,,-1,W W YAGER LN,NO DATA,Dry,None,Cloudy,Not Worn
15242989,False,False,,Austin Police Department,True,,,162141405,False,No,0,0,0,3,1,Possible Injury,19:10:00,1,0,2016,Monday,Pedalcyclist,,UNKNOWN,Intersection Related,30.20098606,Daylight,-97.8708871,One Motor Vehicle - Turning Left,,Attention Diverted From Driving,,Not Applicable,False,NONE,,City Street,"Straight, Level",Main/Proper Lane,On Roadway,,55,SLAUGHTER LN W,NO DATA,Dry,Signal Light,Clear,"Worn, Not Damaged"
15243040,True,False,,Austin Police Department,False,,,162161011,False,No,0,1,0,3,0,Incapacitating Injury,14:41:00,1,0,2016,Wednesday,Pedalcyclist,,,Non Intersection,30.23985061,Daylight,-97.78225954,One Motor Vehicle - Going Straight,,Not Applicable,,Not Applicable,False,NONE,,City Street,"Straight, Level",Main/Proper Lane,On Roadway,,-1,MANCHACA RD,3364,Dry,Marked Lanes,Clear,Not Worn
15706852,False,False,,Austin Police Department,True,,,162191193,False,No,0,0,1,0,0,Non-Incapacitating Injury,11:20:00,1,1,2016,Saturday,Pedalcyclist,,JOLLYVILLE RD,Intersection Related,30.40069475,Daylight,-97.74884246,One Motor Vehicle - Turning Right,,Attention Diverted From Driving,,Not Applicable,False,NONE,,City Street,"Straight, Level",Main/Proper Lane,On Roadway,,-1,W BRAKER LN,4998,Dry,Signal Light,Clear,"Worn, Unk Damage"
15260272,False,False,,Austin Police Department,True,,,162210277,False,No,0,0,1,1,0,Non-Incapacitating Injury,06:07:00,1,0,2016,Monday,Pedalcyclist,,RESEARCH BLVD,Intersection Related,30.36550476,"Dark, Not Lighted",-97.71843246,One Motor Vehicle - Going Straight,,Not Applicable,,Not Applicable,False,NONE,,City Street,"Straight, Level",Main/Proper Lane,On Roadway,,-1,PAYTON GIN RD,NO DATA,Dry,Stop Sign,Clear,Unknown If Worn
15260336,False,False,,Austin Police Department,True,,,162220786,False,No,0,0,1,1,0,Non-Incapacitating Injury,13:00:00,1,0,2016,Tuesday,Pedalcyclist,,PICKFAIR DR,Intersection,30.42813475,Daylight,-97.80928244,One Motor Vehicle - Turning Left,,Attention Diverted From Driving,,Not Applicable,False,NONE,,City Street,"Straight, Level",Main/Proper Lane,On Roadway,,30,SPICEWOOD PKWY,10201,Dry,Marked Lanes,Clear,"Worn, Not Damaged"
15288615,True,False,,Austin Police Department,False,,,162310454,False,No,0,1,0,1,0,Incapacitating Injury,09:00:00,1,0,2016,Thursday,Pedalcyclist,,,Driveway Access,30.42438507,Daylight,-97.75706538,One Motor Vehicle - Turning Right,,One Vehicle Entering Driveway,,Entrance To Or Exit From Private Property Or Driveway,False,NONE,,City Street,"Straight, Level",Main/Proper Lane,On Roadway,,45,JOLLYVILLE RD,11906,Dry,Bike Lane,Cloudy,"Worn, Damaged"