Crash ID,$1000 Damage to Any One Person's Property,Active School Zone Flag,Adjusted Average Daily Traffic Amount,Agency,At Intersection Flag,Average Daily Traffic Amount,Average Daily Traffic Year,Case ID,Construction Zone Flag,Construction Zone Workers Present Flag,Crash Death Count,Crash Incapacitating Injury Count,Crash Non-incapacitating Injury Count,Crash Not Injured Count,Crash Possible Injury Count,Crash Severity,Crash Time,Crash Total Injury Count,Crash Unknown Injury Count,Crash Year,Day of Week,First Harmful Event,Highway System,Intersecting Street Name,Intersection Related,Latitude,Light Condition,Longitude,Manner of Collision,Number of Lanes,Other Factor,Outside Shoulder Width on Divided Highway,Physical Feature 1,Private Drive Flag,Property Damages,Right of Way Usual Width,Road Class,Roadway Alignment,Roadway Part,Roadway Relation,Roadway Type,Speed Limit,Street Name,Street Number,Surface Condition,Traffic Control Type,Weather Condition,Person Helmet
15277549,False,False,,Austin Police Department,False,,,162320372,False,No,0,0,1,1,0,Non-Incapacitating Injury,06:28:00,1,0,2016,Friday,Pedalcyclist,,,Driveway Access,30.35692145,"Dark, Lighted",-97.73061695,One Motor Vehicle - Going Straight,,One Vehicle Leaving Driveway,,Entrance To Or Exit From Private Property Or Driveway,False,NONE,,City Street,"Straight, Level",Main/Proper Lane,On Roadway,,40,BURNET RD,7924,Dry,Bike Lane,Cloudy,"Worn, Not Damaged"
15277622,False,False,,Austin Police Department,True,,,162331001,False,No,0,0,0,2,1,Possible Injury,14:12:00,1,0,2016,Saturday,Pedalcyclist,,SALT SPRINGS DR,Intersection,30.1689248,Daylight,-97.73850247,One Motor Vehicle - Turning Right,,Attention Diverted From Driving,,Not Applicable,False,NONE,,City Street,"Straight, Level",Main/Proper Lane,On Roadway,,45,E WILLIAM CANNON DR,NO DATA,Wet,Bike Lane,Cloudy,"Worn, Not Damaged"
15281593,False,False,87161,Austin Police Department,True,87161,2014,162360285,False,No,0,0,1,0,0,Non-Incapacitating Injury,06:21:00,1,1,2016,Tuesday,Pedalcyclist,US Highway,IH0035,Intersection Related,30.21642979,"Dark, Not Lighted",-97.75132782,One Motor Vehicle - Turning Right,6,Attention Diverted From Driving,10,Not Applicable,False,NONE,380,US & State Highways,"Straight, Level",Service/Frontage Road,On Roadway,"4 Or More Lanes, Divided",45,US0290,NO DATA,Dry,Crosswalk,Cloudy,Not Worn
15281623,False,False,,Austin Police Department,False,,,162361576,False,No,0,0,0,1,1,Possible Injury,20:34:00,1,0,2016,Tuesday,Pedalcyclist,,S PLEASANT VALLEY RD,Intersection Related,30.23340997,"Dark, Lighted",-97.72318348,One Motor Vehicle - Going Straight,,Not Applicable,,Not Applicable,False,NONE,,City Street,"Straight, Level",Main/Proper Lane,On Roadway,,35,E RIVERSIDE DR,NO DATA,Dry,None,Clear,Not Worn
15283482,False,False,,Austin Police Department,False,,,162361557,False,No,0,0,0,2,0,Not Injured,20:15:00,0,0,2016,Tuesday,Pedalcyclist,,,Non Intersection,30.268454,Daylight,-97.74420863,One Motor Vehicle - Going Straight,,Not Applicable,,Not Applicable,False,NONE,,City Street,"Straight, Level",Main/Proper Lane,On Roadway,,-1,W 6TH ST,207,Dry,Marked Lanes,Clear,"Worn, Not Damaged"
15283487,False,False,,Austin Police Department,False,,,162370585,False,No,0,0,0,1,1,Possible Injury,10:27:00,1,0,2016,Wednesday,Pedalcyclist,,,Driveway Access,30.29267408,Daylight,-97.73052236,One Motor Vehicle - Turning Left,,One Vehicle Entering Driveway,,Entrance To Or Exit From Private Property Or Driveway,False,NONE,,City Street,"Straight, Level",Main/Proper Lane,On Roadway,,30,E 32ND ST,706,Dry,Marked Lanes,Clear,Not Worn
15283494,True,False,113017,Austin Police Department,False,113017,2014,162371171,False,No,0,1,0,1,0,Incapacitating Injury,16:28:00,1,0,2016,Wednesday,Pedalcyclist,US Highway,,Driveway Access,30.21942533,Daylight,-97.75702706,One Motor Vehicle - Going Straight,6,One Vehicle Leaving Driveway,10,Entrance To Or Exit From Private Property Or Driveway,False,NONE,380,US & State Highways,"Straight, Level",Service/Frontage Road,On Roadway,"4 Or More Lanes, Divided",-1,US0290,NO DATA,Dry,Stop Sign,Clear,Not Worn
15283503,True,False,,Austin Police Department,True,,,162371570,False,No,0,0,1,1,0,Non-Incapacitating Injury,19:57:00,1,0,2016,Wednesday,Pedalcyclist,,WESTMINSTER DR,Intersection,30.30010477,Daylight,-97.68587248,One Motor Vehicle - Going Straight,,Not Applicable,,Not Applicable,False,NONE,,City Street,"Curve, Level",Main/Proper Lane,On Roadway,,-1,MANOR RD,NO DATA,Dry,Stop Sign,Clear,Unknown If Worn
15285522,False,False,,Austin Police Department,False,,,162381531,False,No,0,1,0,0,0,Incapacitating Injury,18:30:00,1,1,2016,Thursday,Pedalcyclist,,,Non Intersection,30.31505547,Daylight,-97.74762807,One Motor Vehicle - Going Straight,,Attention Diverted From Driving,,Not Applicable,False,NONE,,City Street,"Straight, Grade",Main/Proper Lane,On Roadway,,-1,SHOAL CREEK BLVD,4239,Dry,None,Clear,"Worn, Damaged"
15288672,False,False,,Austin Police Department,False,,,162391468,False,No,0,0,1,1,0,Non-Incapacitating Injury,17:25:00,1,0,2016,Friday,Pedalcyclist,,,Driveway Access,30.31145318,Daylight,-97.70701894,One Motor Vehicle - Going Straight,,One Vehicle Entering Driveway,,Entrance To Or Exit From Private Property Or Driveway,False,NONE,,City Street,"Straight, Level",Main/Proper Lane,On Roadway,,-1,CAMERON RD,5330,Dry,None,Clear,"Worn, Not Damaged"
15293910,False,False,,Austin Police Department,True,,,162431136,False,No,0,0,1,1,0,Non-Incapacitating Injury,16:33:00,1,0,2016,Tuesday,Pedalcyclist,,MAPLE AVE,Intersection,30.28462477,Daylight,-97.71711247,One Motor Vehicle - Turning Left,,Not Applicable,,Not Applicable,False,NONE,,City Street,"Straight, Level",Main/Proper Lane,On Roadway,,35,MANOR RD,2401,Dry,Marked Lanes,Cloudy,Unknown If Worn
15304912,True,False,,Austin Police Department,True,,,162430847,False,No,0,0,0,1,1,Possible Injury,13:45:00,1,0,2016,Tuesday,Pedalcyclist,,BRAZOS ST,Intersection,30.26487478,Daylight,-97.74249246,One Motor Vehicle - Going Straight,,Attention Diverted From Driving,,Not Applicable,False,NONE,,City Street,"Straight, Level",Main/Proper Lane,On Roadway,,30,E 3RD ST,200,Dry,None,Clear,Not Worn
15297914,True,False,,Austin Police Department,False,,,162441554,False,No,0,0,1,0,0,Non-Incapacitating Injury,20:13:00,1,0,2016,Wednesday,Pedalcyclist,,,Non Intersection,30.19945368,"Dark, Not Lighted",-97.70711677,One Motor Vehicle - Going Straight,,Not Applicable,,Not Applicable,False,NONE,,City Street,"Straight, Level",Main/Proper Lane,On Roadway,,45,BURLESON RD,6987,Dry,Bike Lane,Clear,Not Worn
15298051,False,False,,Austin Police Department,True,,,162460023,False,No,0,0,0,1,1,Possible Injury,00:10:00,1,0,2016,Friday,Pedalcyclist,,AVENUE F,Intersection Related,30.30817477,"Dark, Lighted",-97.72745247,One Motor Vehicle - Turning Left,,Attention Diverted From Driving,,Not Applicable,False,NONE,,City Street,"Straight, Level",Main/Proper Lane,On Roadway,,30,E 45TH ST,200,Dry,Center Stripe/Divider,Clear,Not Worn
15304973,True,False,,Austin Police Department,True,,,162461566,False,No,0,0,1,1,0,Non-Incapacitating Injury,18:33:00,1,0,2016,Friday,Pedalcyclist,,HYRIDGE DR,Intersection,30.38021476,Daylight,-97.75083246,One Motor Vehicle - Going Straight,,Not Applicable,,Not Applicable,False,NONE,,City Street,"Straight, Level",Main/Proper Lane,On Roadway,,-1,MESA DR,8701,Dry,Stop Sign,Clear,"Worn, Not Damaged"
15316516,False,False,25921,Austin Police Department,False,25921,2014,162471457,False,No,0,0,0,4,1,Possible Injury,11:30:00,1,0,2016,Saturday,Pedalcyclist,Farm To Market,,Driveway Access,30.3879997,Daylight,-97.65034302,One Motor Vehicle - Going Straight,4,One Vehicle Leaving Driveway,0,Entrance To Or Exit From Private Property Or Driveway,False,NONE,200,Farm To Market,"Curve, Grade",Other (Explain In Narrative),On Roadway,"4 Or More Lanes, Divided",35,FM0734,NO DATA,Dry,None,Clear,Not Worn
15305144,True,False,,Austin Police Department,False,,,162481065,False,No,0,0,0,5,2,Possible Injury,16:25:00,2,0,2016,Sunday,Pedalcyclist,,,Non Intersection,30.27479582,Daylight,-97.73645949,One Motor Vehicle - Going Straight,,Open Door Or Object Projecting From Vehicle,,Not Applicable,False,NONE,,City Street,"Straight, Grade",Main/Proper Lane,On Roadway,,30,TRINITY ST,1352,Dry,Bike Lane,Clear,Not Worn
15305144,True,False,,Austin Police Department,False,,,162481065,False,No,0,0,0,5,2,Possible Injury,16:25:00,2,0,2016,Sunday,Pedalcyclist,,,Non Intersection,30.27479582,Daylight,-97.73645949,One Motor Vehicle - Going Straight,,Open Door Or Object Projecting From Vehicle,,Not Applicable,False,NONE,,City Street,"Straight, Grade",Main/Proper Lane,On Roadway,,30,TRINITY ST,1352,Dry,Bike Lane,Clear,Not Worn
15305144,True,False,,Austin Police Department,False,,,162481065,False,No,0,0,0,5,2,Possible Injury,16:25:00,2,0,2016,Sunday,Pedalcyclist,,,Non Intersection,30.27479582,Daylight,-97.73645949,One Motor Vehicle - Going Straight,,Open Door Or Object Projecting From Vehicle,,Not Applicable,False,NONE,,City Street,"Straight, Grade",Main/Proper Lane,On Roadway,,30,TRINITY ST,1352,Dry,Bike Lane,Clear,Not Worn
15305301,True,False,,Austin Police Department,False,,,162491844,False,No,0,0,3,0,0,Non-Incapacitating Injury,00:32:00,3,1,2016,Monday,Pedalcyclist,,,Non Intersection,30.26371515,"Dark, Lighted",-97.73149331,One Motor Vehicle - Going Straight,,Not Applicable,,Not Applicable,False,NONE,,City Street,"Straight, Level",Main/Proper Lane,On Roadway,,35,E 5TH ST,1096,Dry,None,Clear,Not Worn
15305301,True,False,,Austin Police Department,False,,,162491844,False,No,0,0,3,0,0,Non-Incapacitating Injury,00:32:00,3,1,2016,Monday,Pedalcyclist,,,Non Intersection,30.26371515,"Dark, Lighted",-97.73149331,One Motor Vehicle - Going Straight,,Not Applicable,,Not Applicable,False,NONE,,City Street,"Straight, Level",Main/Proper Lane,On Roadway,,35,E 5TH ST,1096,Dry,None,Clear,Not Worn
15305301,True,False,,Austin Police Department,False,,,162491844,False,No,0,0,3,0,0,Non-Incapacitating Injury,00:32:00,3,1,2016,Monday,Pedalcyclist,,,Non Intersection,30.26371515,"Dark, Lighted",-97.73149331,One Motor Vehicle - Going Straight,,Not Applicable,,Not Applicable,False,NONE,,City Street,"Straight, Level",Main/Proper Lane,On Roadway,,35,E 5TH ST,1096,Dry,None,Clear,Not Worn
15456603,True,False,,Austin Police Department,False,,,162491902,False,No,0,0,1,0,0,Non-Incapacitating Injury,01:16:00,1,1,2016,Monday,Pedalcyclist,,GUADALUPE ST,Intersection Related,30.26899763,"Dark, Lighted",-97.74623217,One Motor Vehicle - Turning Right,,Attention Diverted From Driving,,Not Applicable,False,NONE,,City Street,"Straight, Level",Main/Proper Lane,On Roadway,,-1,W 6TH ST,393,Dry,Signal Light With Red Light Running Camera,Clear,Not Worn
15305551,True,False,,Austin Police Department,False,,,162510060,False,No,0,0,1,0,0,Non-Incapacitating Injury,00:58:00,1,1,2016,Wednesday,Pedalcyclist,,,Non Intersection,30.24750689,"Dark, Not Lighted",-97.71405598,One Motor Vehicle - Going Straight,,Attention Diverted From Driving,,Not Applicable,False,NONE,,City Street,"Straight, Grade",Main/Proper Lane,Shoulder,,35,S PLEASANT VALLEY RD,425,Dry,Marked Lanes,Cloudy,Not Worn
15309418,False,False,,Austin Police Department,False,,,162511333,False,No,0,0,1,1,0,Non-Incapacitating Injury,17:42:00,1,0,2016,Wednesday,Pedalcyclist,,,Non Intersection,30.28316433,Daylight,-97.74700081,One Motor Vehicle - Turning Left,,Vehicle Changing Lanes,,Not Applicable,False,NONE,,City Street,"Straight, Grade",Main/Proper Lane,On Roadway,,30,MARTIN LUTHER KING BLVD W,868,Dry,Marked Lanes,Clear,Not Worn
15309467,True,False,,Austin Police Department,True,,,162520503,False,No,0,0,1,1,0,Non-Incapacitating Injury,08:57:00,1,0,2016,Thursday,Pedalcyclist,,METROPOLIS DR,Intersection Related,30.20205479,Daylight,-97.71026247,One Motor Vehicle - Turning Left,,Not Applicable,,Not Applicable,False,NONE,,City Street,"Straight, Level",Main/Proper Lane,On Roadway,,-1,BURLESON RD,6712,Dry,Marked Lanes,Clear,Not Worn
15309476,False,False,,Austin Police Department,True,,,162521522,False,No,0,0,0,1,1,Possible Injury,20:07:00,1,0,2016,Thursday,Pedalcyclist,,S PLEASANT VALLEY RD,Intersection,30.24247478,"Dark, Not Lighted",-97.71723247,One Motor Vehicle - Turning Right,,Attention Diverted From Driving,,Not Applicable,False,NONE,,City Street,"Straight, Level",Main/Proper Lane,On Roadway,,-1,S LAKESHORE BLVD,2598,Dry,Signal Light,Clear,Not Worn
15313230,False,False,,Austin Police Department,True,,,162541739,False,No,0,0,1,0,0,Non-Incapacitating Injury,22:16:00,1,0,2016,Saturday,Pedalcyclist,,PEDERNALES ST,Intersection,30.25524478,"Dark, Lighted",-97.71632247,One Motor Vehicle - Going Straight,,Not Applicable,,Not Applicable,False,NONE,,City Street,"Straight, Level",Main/Proper Lane,On Roadway,,-1,E 2ND ST,2498,Dry,Stop Sign,Clear,Not Worn
15320411,False,False,,Austin Police Department,False,,,162551143,False,No,0,0,1,0,0,Non-Incapacitating Injury,16:27:00,1,1,2016,Sunday,Pedalcyclist,,,Driveway Access,30.40035475,Daylight,-97.74347772,One Motor Vehicle - Turning Right,,One Vehicle Entering Driveway,,Entrance To Or Exit From Private Property Or Driveway,False,NONE,,City Street,"Straight, Level",Main/Proper Lane,On Roadway,,-1,W BRAKER LN,4500,Dry,Bike Lane,Clear,"Worn, Damaged"
15344138,False,False,,Austin Police Department,True,,,162551514,False,No,0,1,0,1,0,Incapacitating Injury,20:47:00,1,0,2016,Sunday,Pedalcyclist,,W 6TH ST,Intersection,30.26961478,Unknown,-97.74842246,One Motor Vehicle - Turning Left,,Attention Diverted From Driving,,Not Applicable,False,NONE,,City Street,Unknown,Main/Proper Lane,On Roadway,,-1,NUECES ST,599,Unknown,None,Unknown,Not Worn
15320475,False,False,33647,Austin Police Department,False,33647,2014,162580361,False,No,0,0,1,1,0,Non-Incapacitating Injury,07:38:00,1,0,2016,Wednesday,Pedalcyclist,State Loop,,Non Intersection,30.26097498,Daylight,-97.75848096,One Motor Vehicle - Going Straight,6,Slowing/Stopping-For Traffic,0,Not Applicable,False,NONE,120,US & State Highways,"Straight, Level",Main/Proper Lane,On Roadway,"4 Or More Lanes, Divided",35,SL0343,490,Dry,Marked Lanes,Clear,Not Worn
15320542,False,False,,Austin Police Department,True,,,162581623,False,No,0,0,0,1,1,Possible Injury,20:48:00,1,0,2016,Wednesday,Pedalcyclist,,KINNEY AVE,Intersection,30.26192478,"Dark, Lighted",-97.76152246,One Motor Vehicle - Turning Left,,Not Applicable,,Not Applicable,False,NONE,,City Street,"Straight, Level",Main/Proper Lane,On Roadway,,-1,BARTON SPRINGS RD,NO DATA,Dry,Signal Light,Clear,"Worn, Damaged"
15353104,False,False,179906,Austin Police Department,False,179906,2014,162600947,False,No,0,0,0,1,1,Possible Injury,12:50:00,1,0,2016,Friday,Pedalcyclist,Interstate,LA POSADA DR,Intersection Related,30.32574737,Daylight,-97.70627482,One Motor Vehicle - Going Straight,8,Attention Diverted From Driving,10,Not Applicable,False,NONE,300,Interstate,"Straight, Level",Service/Frontage Road,On Roadway,"4 Or More Lanes, Divided",10,IH0035,NO DATA,Dry,Other (Explain In Narrative),Clear,Not Worn
15326474,False,False,,Austin Police Department,True,,,162611242,False,No,0,0,0,1,1,Possible Injury,18:05:00,1,0,2016,Saturday,Pedalcyclist,,W 9TH ST,Intersection,30.27304478,Daylight,-97.74953246,One Motor Vehicle - Going Straight,,Not Applicable,,Not Applicable,False,NONE,,City Street,"Straight, Grade",Main/Proper Lane,On Roadway,,30,WEST AVE,899,Dry,Stop Sign,Clear,Not Worn
15541063,False,False,,Austin Police Department,False,,,162611218,False,No,0,0,1,2,0,Non-Incapacitating Injury,17:54:00,1,0,2016,Saturday,Pedalcyclist,,,Non Intersection,30.26594725,Daylight,-97.75344274,One Motor Vehicle - Going Straight,,Not Applicable,,Not Applicable,False,NONE,,City Street,"Straight, Level",Main/Proper Lane,On Roadway,,-1,W 1ST ST,813,Dry,Marked Lanes,Clear,Not Worn
15331291,True,False,,Austin Police Department,True,,,162640826,False,No,0,0,1,1,0,Non-Incapacitating Injury,12:51:00,1,0,2016,Tuesday,Pedalcyclist,,W 4TH ST,Intersection Related,30.26716478,Daylight,-97.74698246,One Motor Vehicle - Turning Right,,Not Applicable,,Not Applicable,False,NONE,,City Street,"Straight, Grade",Main/Proper Lane,On Roadway,,30,GUADALUPE ST,401,Dry,Bike Lane,Clear,Not Worn
15331369,True,False,,Austin Police Department,False,,,162650397,False,No,0,0,1,1,0,Non-Incapacitating Injury,08:25:00,1,0,2016,Wednesday,Pedalcyclist,,,Non Intersection,30.311253,Daylight,-97.70728016,One Motor Vehicle - Going Straight,,Not Applicable,,Not Applicable,False,BICYCLE,,City Street,"Straight, Level",Main/Proper Lane,On Roadway,,45,CAMERON RD,5319,Dry,Marked Lanes,Cloudy,Not Worn
15332545,False,False,,Austin Police Department,True,,,162651307,False,No,0,0,1,1,0,Non-Incapacitating Injury,17:53:00,1,0,2016,Wednesday,Pedalcyclist,,W 31ST ST,Intersection,30.29787477,Daylight,-97.74123246,One Motor Vehicle - Turning Left,,Not Applicable,,Not Applicable,False,NONE,,City Street,"Straight, Level",Main/Proper Lane,On Roadway,,30,GUADALUPE ST,3101,Dry,Marked Lanes,Clear,"Worn, Not Damaged"
15359529,False,False,26658,Austin Police Department,True,26658,2014,162650465,False,No,0,0,1,1,0,Non-Incapacitating Injury,08:59:00,1,0,2016,Wednesday,Pedalcyclist,Ranch To Mkt,GROVER AVE,Intersection Related,30.32988214,Daylight,-97.72945919,One Motor Vehicle - Turning Left,4,Not Applicable,0,Not Applicable,False,NONE,70,Farm To Market,"Straight, Level",Other (Explain In Narrative),On Roadway,"4 Or More Lanes, Undivided",30,RM2222,1200,Dry,Crosswalk,Clear,Not Worn
15344807,False,False,,Austin Police Department,False,,,162720619,False,No,0,0,0,0,1,Possible Injury,23:00:00,1,1,2016,Friday,Pedalcyclist,,,Non Intersection,30.27372694,"Dark, Unknown Lighting",-97.7445429,One Motor Vehicle - Going Straight,,Not Applicable,,Not Applicable,False,NONE,,City Street,"Straight, Level",Main/Proper Lane,On Roadway,,40,GUADALUPE ST,1106,Unknown,Marked Lanes,Unknown,Unknown If Worn
15344812,False,False,125081,Austin Police Department,True,125081,2014,162701088,False,No,0,0,1,1,0,Non-Incapacitating Injury,16:42:00,1,0,2016,Monday,Pedalcyclist,US Highway,N LAMAR BLVD,Intersection Related,30.34814141,Daylight,-97.71281681,One Motor Vehicle - Turning Right,6,Not Applicable,10,Not Applicable,False,NONE,260,US & State Highways,"Straight, Level",Main/Proper Lane,On Roadway,"4 Or More Lanes, Divided",35,US0183,NO DATA,Dry,Crosswalk,Cloudy,Not Worn
15342842,True,False,,Austin Police Department,False,,,162710253,False,No,0,0,1,1,0,Non-Incapacitating Injury,06:18:00,1,0,2016,Tuesday,Pedalcyclist,,IH0035,Intersection Related,30.42436027,"Dark, Lighted",-97.67175904,One Motor Vehicle - Going Straight,,Attention Diverted From Driving,,Not Applicable,False,NONE,,City Street,"Straight, Level",Main/Proper Lane,On Roadway,,40,W HOWARD LN,NO DATA,Dry,Marked Lanes,Clear,"Worn, Not Damaged"
15342844,False,False,33647,Austin Police Department,False,33647,2014,162710330,False,No,0,0,0,1,1,Possible Injury,07:28:00,1,0,2016,Tuesday,Pedalcyclist,State Loop,,Driveway Access,30.25186472,Daylight,-97.76455399,One Motor Vehicle - Turning Right,4,One Vehicle Entering Driveway,0,Entrance To Or Exit From Private Property Or Driveway,False,TREK BICYCLE,80,US & State Highways,"Straight, Level",Main/Proper Lane,On Roadway,"4 Or More Lanes, Undivided",35,SL0343,1545,Dry,Marked Lanes,Cloudy,Unknown If Worn
15346880,True,False,,Austin Police Department,True,,,162711178,False,No,0,0,1,2,0,Non-Incapacitating Injury,16:15:00,1,0,2016,Tuesday,Pedalcyclist,,SPICEWOOD LN,Intersection,30.37326476,Daylight,-97.75324246,One Motor Vehicle - Turning Left,,Not Applicable,,Not Applicable,False,NONE,,City Street,"Straight, Grade",Main/Proper Lane,On Roadway,,30,STECK AVE,3998,Dry,Center Stripe/Divider,Cloudy,"Worn, Unk Damage"
15348422,False,False,,Austin Police Department,True,,,162731160,False,No,0,0,1,1,0,Non-Incapacitating Injury,15:50:00,1,0,2016,Thursday,Pedalcyclist,,GUADALUPE ST,Intersection,30.26527478,Daylight,-97.74768246,One Motor Vehicle - Turning Left,,Not Applicable,,Not Applicable,False,NONE,,City Street,"Straight, Level",Main/Proper Lane,On Roadway,,35,W 2ND ST,400,Dry,Signal Light,Clear,Not Worn
15353054,True,False,197636,Austin Police Department,False,197636,2014,162731637,False,No,0,0,1,1,0,Non-Incapacitating Injury,20:35:00,1,0,2016,Thursday,Pedalcyclist,Interstate,RIVER ST,Intersection Related,30.2574537,"Dark, Not Lighted",-97.73716684,One Motor Vehicle - Turning Left,6,Attention Diverted From Driving,8,Not Applicable,False,NONE,300,Interstate,"Straight, Level",Service/Frontage Road,On Roadway,"4 Or More Lanes, Divided",50,IH0035,NO DATA,Dry,Signal Light,Clear,Not Worn
15613512,False,False,34215,Austin Police Department,True,34215,2014,162730976,False,No,0,0,1,1,0,Non-Incapacitating Injury,13:56:00,1,0,2016,Thursday,Pedalcyclist,State Loop,SL0360,Intersection,30.24729425,Daylight,-97.77523451,One Motor Vehicle - Turning Left,4,Not Applicable,0,Not Applicable,False,NONE,80,US & State Highways,"Straight, Level",Main/Proper Lane,On Roadway,"4 Or More Lanes, Undivided",35,SL0343,2299,Dry,Bike Lane,Cloudy,Unknown If Worn
15353201,False,False,26658,Austin Police Department,True,26658,2014,162740449,False,No,0,0,0,5,1,Possible Injury,07:35:00,1,0,2016,Friday,Pedalcyclist,Ranch To Mkt,BURNET RD,Intersection,30.33480273,Daylight,-97.73981902,One Motor Vehicle - Going Straight,4,Not Applicable,0,Not Applicable,False,NONE,70,Farm To Market,"Straight, Level",Main/Proper Lane,On Roadway,"4 Or More Lanes, Undivided",-1,RM2222,2098,Dry,Signal Light,Clear,Not Worn
15353318,False,False,,Austin Police Department,True,,,162750685,False,No,0,0,1,1,0,Non-Incapacitating Injury,10:02:00,1,0,2016,Saturday,Pedalcyclist,,HARRIS RIDGE BLVD,Intersection,30.40947475,Daylight,-97.64868248,One Motor Vehicle - Turning Right,,Not Applicable,,Not Applicable,False,NONE,,City Street,"Curve, Grade",Main/Proper Lane,On Roadway,,50,E HOWARD LN,NO DATA,Dry,Signal Light,Cloudy,"Worn, Not Damaged"
15353433,False,False,,Austin Police Department,False,,,162770814,False,No,0,0,0,1,1,Possible Injury,13:14:00,1,0,2016,Monday,Pedalcyclist,,,Driveway Access,30.23663571,Daylight,-97.68612428,One Motor Vehicle - Turning Left,,One Vehicle Leaving Driveway,,Entrance To Or Exit From Private Property Or Driveway,False,NONE,,City Street,"Straight, Grade",Main/Proper Lane,On Roadway,,30,THOMPSON LN,NO DATA,Dry,Marked Lanes,Clear,Not Worn
15359353,False,False,,Austin Police Department,True,,,162771197,False,No,0,0,1,1,0,Non-Incapacitating Injury,16:58:00,1,0,2016,Monday,Pedalcyclist,,W 24TH ST,Intersection,30.28768478,Daylight,-97.74157246,One Motor Vehicle - Going Straight,,Not Applicable,,Not Applicable,False,NONE,,City Street,"Straight, Level",Main/Proper Lane,On Roadway,,-1,GUADALUPE ST,2399,Dry,Signal Light,Clear,Not Worn
15359445,True,False,,Austin Police Department,True,,,162781356,False,No,0,1,0,3,0,Incapacitating Injury,18:12:00,1,0,2016,Tuesday,Pedalcyclist,,UNKNOWN,Intersection,30.1857748,Daylight,-97.80146249,One Motor Vehicle - Turning Left,,Not Applicable,,Not Applicable,False,NONE,,County Road,"Straight, Level",Main/Proper Lane,On Roadway,,40,W DITTMAR RD,1100,Dry,None,Clear,"Worn, Unk Damage"
15361226,False,False,38439,Austin Police Department,True,38439,2014,162780951,False,No,0,0,1,0,0,Non-Incapacitating Injury,14:12:00,1,1,2016,Tuesday,Pedalcyclist,Farm To Market,SILVER CREEK DR,Intersection,30.42554709,Daylight,-97.7152602,One Motor Vehicle - Turning Right,6,Not Applicable,10,Not Applicable,False,NONE,200,Farm To Market,"Straight, Level",Service/Frontage Road,On Roadway,"4 Or More Lanes, Divided",45,FM0734,4007,Dry,Marked Lanes,Clear,"Worn, Not Damaged"
15381571,True,False,,Austin Police Department,True,,,162781118,False,No,0,0,0,3,1,Possible Injury,16:13:00,1,0,2016,Tuesday,Pedalcyclist,,W 6TH ST,Intersection,30.26901478,Daylight,-97.74629246,One Motor Vehicle - Turning Right,,Not Applicable,,Not Applicable,False,NONE,,City Street,"Straight, Grade",Main/Proper Lane,On Roadway,,-1,GUADALUPE ST,599,Dry,Signal Light,Clear,"Worn, Not Damaged"
15359492,False,False,,Austin Police Department,False,,,162790314,False,No,0,1,0,2,0,Incapacitating Injury,06:35:00,1,0,2016,Wednesday,Pedalcyclist,,,Non Intersection,30.39032481,"Dark, Lighted",-97.72209755,One Motor Vehicle - Going Straight,,Not Applicable,,Not Applicable,False,MEN'S GT BICYCLE,,City Street,"Straight, Level",Main/Proper Lane,On Roadway,,45,BURNET RD,10591,Dry,Marked Lanes,Cloudy,"Worn, Not Damaged"
15361282,True,False,,Austin Police Department,False,,,162800573,False,No,0,0,0,2,0,Not Injured,09:37:00,0,0,2016,Thursday,Pedalcyclist,,NOT REPORTED,Non Intersection,30.19932322,Daylight,-97.7069642,One Motor Vehicle - Going Straight,,Attention Diverted From Driving,,Not Applicable,False,NONE,,City Street,"Straight, Level",Main/Proper Lane,On Roadway,,45,BURLESON RD,7000,Dry,Marked Lanes,Clear,Not Worn
15361294,False,False,68363,Austin Police Department,True,68363,2014,162801211,False,No,0,0,1,1,0,Non-Incapacitating Injury,16:15:00,1,0,2016,Thursday,Pedalcyclist,State Highway,S INDUSTRIAL DR,Intersection Related,30.21594465,Daylight,-97.7400443,One Motor Vehicle - Going Straight,6,Attention Diverted From Driving,10,Not Applicable,False,NONE,350,US & State Highways,"Straight, Level",Service/Frontage Road,On Roadway,"4 Or More Lanes, Divided",55,SH0071,2228,Dry,Stop Sign,Clear,Not Worn
15382189,False,False,,Austin Police Department,False,,,162801383,False,No,0,0,1,1,0,Non-Incapacitating Injury,15:37:00,1,0,2016,Thursday,Pedalcyclist,,,Driveway Access,30.40176586,Daylight,-97.66944501,One Motor Vehicle - Going Straight,,One Vehicle Leaving Driveway,,Entrance To Or Exit From Private Property Or Driveway,False,NONE,,City Street,"Straight, Level",Main/Proper Lane,Off Roadway,,-1,CANYON RIDGE DR,258,Dry,Bike Lane,Cloudy,"Worn, Damaged"
15400797,True,False,34215,Austin Police Department,False,34215,2014,162801423,True,Yes,0,0,1,3,0,Non-Incapacitating Injury,17:56:00,1,0,2016,Thursday,Pedalcyclist,State Loop,,Non Intersection,30.23969016,Daylight,-97.78782048,One Motor Vehicle - Turning Right,4,Construction - Within Posted Road Construction Zone (Not Related To Crash),0,Not Applicable,False,NONE,100,US & State Highways,"Straight, Level",Main/Proper Lane,On Roadway,"4 Or More Lanes, Undivided",-1,SL0343,3583,Dry,Marked Lanes,Clear,"Worn, Not Damaged"