Crash ID,$1000 Damage to Any One Person's Property,Active School Zone Flag,Adjusted Average Daily Traffic Amount,Agency,At Intersection Flag,Average Daily Traffic Amount,Average Daily Traffic Year,Case ID,Construction Zone Flag,Construction Zone Workers Present Flag,Crash Death Count,Crash Incapacitating Injury Count,Crash Non-incapacitating Injury Count,Crash Not Injured Count,Crash Possible Injury Count,Crash Severity,Crash Time,Crash Total Injury Count,Crash Unknown Injury Count,Crash Year,Day of Week,First Harmful Event,Highway System,Intersecting Street Name,Intersection Related,Latitude,Light Condition,Longitude,Manner of Collision,Number of Lanes,Other Factor,Outside Shoulder Width on Divided Highway,Physical Feature 1,Private Drive Flag,Property Damages,Right of Way Usual Width,Road Class,Roadway Alignment,Roadway Part,Roadway Relation,Roadway Type,Speed Limit,Street Name,Street Number,Surface Condition,Traffic Control Type,Weather Condition,Person Helmet
15365749,False,False,,Austin Police Department,True,,,162811943,False,No,0,0,1,0,0,Non-Incapacitating Injury,22:19:00,1,1,2016,Friday,Pedalcyclist,,W 10TH ST,Intersection,30.28548478,"Dark, Lighted",-97.77529245,One Motor Vehicle - Turning Left,,Not Applicable,,Not Applicable,False,NONE,,City Street,"Straight, Grade",Main/Proper Lane,On Roadway,,30,EXPOSITION BLVD,999,Dry,Marked Lanes,Clear,"Worn, Unk Damage"
15368340,False,False,148494,Austin Police Department,True,148494,2014,162812025,False,No,0,0,1,0,0,Non-Incapacitating Injury,23:01:00,1,1,2016,Friday,Pedalcyclist,Interstate,E 6TH ST,Intersection Related,30.26574519,"Dark, Lighted",-97.73465308,One Motor Vehicle - Going Straight,6,Not Applicable,5,Not Applicable,False,NONE,300,Interstate,"Straight, Level",Service/Frontage Road,On Roadway,"4 Or More Lanes, Divided",45,IH0035,NO DATA,Dry,Crosswalk,Clear,Not Worn
15365850,True,False,,Austin Police Department,True,,,162821112,False,No,0,0,1,2,0,Non-Incapacitating Injury,16:57:00,1,0,2016,Saturday,Pedalcyclist,,MUELLER BLVD,Intersection Related,30.30577477,Daylight,-97.70289247,One Motor Vehicle - Turning Right,,Not Applicable,,Not Applicable,False,NONE,,City Street,"Straight, Level",Main/Proper Lane,On Roadway,,35,E 51ST ST,1498,Dry,Signal Light,Clear,Not Worn
15381612,False,False,,Austin Police Department,True,,,162831573,False,No,0,0,1,1,0,Non-Incapacitating Injury,21:22:00,1,0,2016,Sunday,Pedalcyclist,,LAVACA ST,Intersection,30.26593478,"Dark, Lighted",-97.74624246,One Motor Vehicle - Turning Left,,Not Applicable,,Not Applicable,False,NONE,,City Street,"Straight, Level",Main/Proper Lane,On Roadway,,30,W 3RD ST,300,Dry,Signal Light,Clear,"Worn, Not Damaged"
15573204,True,False,,Austin Police Department,True,,,162830242,False,No,0,0,0,1,1,Possible Injury,02:45:00,1,0,2016,Sunday,Pedalcyclist,,,Non Intersection,30.28930477,"Dark, Not Lighted",-97.73460246,One Motor Vehicle - Going Straight,,Attention Diverted From Driving,,Not Applicable,False,NONE,,City Street,"Straight, Level",Main/Proper Lane,On Roadway,,40,W DEAN KEETON ST,398,Dry,Marked Lanes,Clear,Unknown If Worn
15368368,True,False,148494,Austin Police Department,False,148494,2014,162841135,False,No,0,0,0,2,1,Possible Injury,16:31:00,1,0,2016,Monday,Pedalcyclist,Interstate,E 7TH ST,Intersection Related,30.26644071,Daylight,-97.73440906,One Motor Vehicle - Turning Right,6,Not Applicable,5,Not Applicable,False,NONE,300,Interstate,"Straight, Level",Service/Frontage Road,On Roadway,"4 Or More Lanes, Divided",55,IH0035,NO DATA,Dry,Marked Lanes,Clear,Not Worn
15369978,False,False,,Austin Police Department,False,,,162851271,False,No,0,0,0,5,1,Possible Injury,17:34:00,1,0,2016,Tuesday,Pedalcyclist,,,Non Intersection,30.2358108,Daylight,-97.71845079,One Motor Vehicle - Going Straight,,Attention Diverted From Driving,,Not Applicable,False,NONE,,City Street,"Straight, Level",Main/Proper Lane,On Roadway,,-1,WICKERSHAM LN,1456,Dry,None,Clear,Not Worn
15372327,False,False,,Austin Police Department,False,,,162860757,False,No,0,0,1,1,0,Non-Incapacitating Injury,11:52:00,1,0,2016,Wednesday,Pedalcyclist,,,Non Intersection,30.29457688,Daylight,-97.74246398,One Motor Vehicle - Going Straight,,Vehicle Changing Lanes,,Not Applicable,False,NONE,,City Street,"Curve, Level",Main/Proper Lane,On Roadway,,30,GUADALUPE ST,NO DATA,Dry,Marked Lanes,Clear,"Worn, Damaged"
15372341,False,False,,Austin Police Department,True,,,162861394,False,No,0,0,0,2,1,Possible Injury,18:01:00,1,0,2016,Wednesday,Pedalcyclist,,W 26TH ST,Intersection,30.28978477,Daylight,-97.74140246,One Motor Vehicle - Going Straight,,Not Applicable,,Not Applicable,False,NONE,,City Street,"Straight, Level",Main/Proper Lane,On Roadway,,-1,GUADALUPE ST,2525,Dry,Signal Light,Clear,Not Worn
15381695,False,False,,Austin Police Department,False,,,162880393,False,No,0,0,1,0,0,Non-Incapacitating Injury,07:05:00,1,1,2016,Friday,Pedalcyclist,,,Driveway Access,30.27850995,"Dark, Not Lighted",-97.68953944,One Motor Vehicle - Turning Left,,One Vehicle Entering Driveway,,Entrance To Or Exit From Private Property Or Driveway,False,NONE,,City Street,"Straight, Grade",Main/Proper Lane,Off Roadway,,35,E 12TH ST,4103,Dry,None,Cloudy,Not Worn
15381756,False,False,,Austin Police Department,False,,,162890888,False,No,0,0,1,1,0,Non-Incapacitating Injury,13:31:00,1,0,2016,Saturday,Pedalcyclist,,,Non Intersection,30.27206415,Daylight,-97.75243904,One Motor Vehicle - Going Straight,,Not Applicable,,Not Applicable,False,NONE,,City Street,"Straight, Level",Main/Proper Lane,On Roadway,,30,HENDERSON ST,659,Dry,Stop Sign,Clear,"Worn, Unk Damage"
15382127,False,False,,Austin Police Department,False,,,162900627,False,No,0,1,0,0,0,Incapacitating Injury,09:26:00,1,1,2016,Sunday,Pedalcyclist,,,Non Intersection,30.21716672,Daylight,-97.77533168,One Motor Vehicle - Going Straight,,Not Applicable,,Not Applicable,False,NONE,,City Street,"Straight, Grade",Main/Proper Lane,On Roadway,,-1,S 1ST ST,4605,Dry,Marked Lanes,Clear,"Worn, Not Damaged"
15381836,True,False,,Austin Police Department,True,,,162910556,False,No,0,0,1,1,0,Non-Incapacitating Injury,10:00:00,1,0,2016,Monday,Pedalcyclist,,DORSETT RD,Intersection,30.41238475,Daylight,-97.72334246,One Motor Vehicle - Going Straight,,Attention Diverted From Driving,,Not Applicable,False,NONE,,City Street,"Straight, Level",Main/Proper Lane,On Roadway,,35,ASPENDALE DR,NO DATA,Dry,Stop Sign,Clear,Not Worn
15407607,False,False,,Austin Police Department,True,,,162911178,False,No,0,0,0,0,1,Possible Injury,16:16:00,1,1,2016,Monday,Pedalcyclist,,W STASSNEY LN,Intersection Related,30.20489479,Daylight,-97.77481246,One Motor Vehicle - Turning Right,,Attention Diverted From Driving,,Not Applicable,False,NONE,,City Street,"Straight, Level",Main/Proper Lane,On Roadway,,35,S CONGRESS AVE,NO DATA,Dry,Yield Sign,Clear,Not Worn
15383429,True,False,,Austin Police Department,True,,,162930423,False,No,0,0,1,1,0,Non-Incapacitating Injury,08:53:00,1,0,2016,Tuesday,Pedalcyclist,,BURNET RD,Intersection Related,30.31983477,Daylight,-97.73918246,One Motor Vehicle - Turning Left,,Not Applicable,,Not Applicable,False,NONE,,City Street,"Straight, Level",Main/Proper Lane,On Roadway,,-1,W 49TH ST,2100,Dry,Signal Light,Clear,"Worn, Damaged"
15383430,False,False,34215,Austin Police Department,False,34215,2014,162920805,False,No,0,0,0,0,1,Possible Injury,13:39:00,1,1,2016,Tuesday,Pedalcyclist,State Loop,,Non Intersection,30.24626117,Daylight,-97.77862561,One Motor Vehicle - Going Straight,4,Not Applicable,0,Not Applicable,False,NONE,80,US & State Highways,"Straight, Grade",Main/Proper Lane,On Roadway,"4 Or More Lanes, Undivided",35,SL0343,2562,Dry,Marked Lanes,Clear,Not Worn
15397078,False,False,,Austin Police Department,True,,,162941411,False,No,0,0,1,1,0,Non-Incapacitating Injury,17:20:00,1,0,2016,Thursday,Pedalcyclist,,AVENUE A,Intersection,30.31238477,Daylight,-97.73077246,One Motor Vehicle - Turning Right,,Not Applicable,,Not Applicable,False,NONE,,City Street,"Straight, Level",Main/Proper Lane,On Roadway,,-1,W 46TH ST,500,Dry,Center Stripe/Divider,Clear,Not Worn
15397145,False,False,,Austin Police Department,False,,,162950750,False,No,0,0,1,1,0,Non-Incapacitating Injury,11:03:00,1,0,2016,Friday,Pedalcyclist,,,Non Intersection,,Daylight,,One Motor Vehicle - Turning Left,,One Vehicle Leaving Driveway,,In A Parking Lot,True,NONE,,Non Trafficway,"Straight, Grade",Other (Explain In Narrative),Not Applicable,,45,W W SLAUGHTER LN LN,NO DATA,Dry,None,Clear,"Worn, Not Damaged"
15397200,False,False,,Austin Police Department,True,,,162951413,False,No,0,0,1,0,0,Non-Incapacitating Injury,17:42:00,1,0,2016,Friday,Pedalcyclist,,S CONGRESS AVE,Intersection,30.22964479,Daylight,-97.76025246,One Motor Vehicle - Turning Left,,Not Applicable,,Not Applicable,False,NONE,,City Street,"Straight, Level",Main/Proper Lane,On Roadway,,35,WOODWARD ST,100,Dry,Signal Light,Clear,Not Worn
15397208,False,False,,Austin Police Department,True,,,162951658,False,No,0,1,0,1,0,Incapacitating Injury,19:50:00,1,0,2016,Friday,Pedalcyclist,,W 15TH ST,Intersection,30.27877478,"Dark, Unknown Lighting",-97.74619246,One Motor Vehicle - Going Straight,,Not Applicable,,Not Applicable,False,NONE,,City Street,"Straight, Grade",Main/Proper Lane,On Roadway,,-1,RIO GRANDE ST,1499,Dry,Signal Light With Red Light Running Camera,Clear,Not Worn
15618511,False,False,,Austin Police Department,False,,,162950045,False,No,0,0,1,1,0,Non-Incapacitating Injury,01:00:00,1,0,2016,Friday,Pedalcyclist,,NOT REPORTED,Non Intersection,30.36772558,"Dark, Lighted",-97.72777955,One Motor Vehicle - Going Straight,,Not Applicable,,Not Applicable,False,NONE,,City Street,"Straight, Level",Main/Proper Lane,On Roadway,,-1,BURNET RD,8601,Dry,Marked Lanes,Clear,Not Worn
15400844,False,False,,Austin Police Department,True,,,163001283,False,No,0,0,1,2,0,Non-Incapacitating Injury,17:48:00,1,0,2016,Wednesday,Pedalcyclist,,E 16TH ST,Intersection,30.27730478,Daylight,-97.71658247,One Motor Vehicle - Going Straight,,Not Applicable,,Not Applicable,False,NONE,,City Street,"Straight, Level",Main/Proper Lane,On Roadway,,30,CHESTNUT AVE,1599,Dry,Stop Sign,Clear,Unknown If Worn
15400868,False,False,34215,Austin Police Department,False,34215,2014,163011162,False,No,0,0,1,1,0,Non-Incapacitating Injury,16:15:00,1,0,2016,Wednesday,Pedalcyclist,State Loop,,Driveway Access,30.248263,Daylight,-97.77060112,One Motor Vehicle - Turning Left,4,One Vehicle Entering Driveway,0,Entrance To Or Exit From Private Property Or Driveway,False,NONE,80,US & State Highways,"Straight, Level",Main/Proper Lane,On Roadway,"4 Or More Lanes, Undivided",45,SL0343,2097,Dry,Marked Lanes,Clear,"Worn, Not Damaged"
15547819,False,False,,Austin Police Department,False,,,163031813,False,No,0,0,0,2,0,Not Injured,22:12:00,0,0,2016,Saturday,Pedalcyclist,,,Non Intersection,30.16565511,"Dark, Lighted",-97.77993023,One Motor Vehicle - Going Straight,,Not Applicable,,Not Applicable,False,NONE,,City Street,"Straight, Grade",Main/Proper Lane,On Roadway,,-1,E SLAUGHTER LN,NO DATA,Dry,Marked Lanes,Clear,Not Worn
15411832,False,False,154266,Austin Police Department,True,154266,2014,163040863,False,No,0,0,1,1,0,Non-Incapacitating Injury,11:38:00,1,0,2016,Sunday,Pedalcyclist,Interstate,US0290,Intersection Related,30.21642876,Daylight,-97.75132751,One Motor Vehicle - Going Straight,6,Not Applicable,12,Not Applicable,False,NONE,300,Interstate,"Straight, Level",Service/Frontage Road,On Roadway,"4 Or More Lanes, Divided",45,IH0035,NO DATA,Dry,Signal Light,Clear,Not Worn
15411844,False,False,,Austin Police Department,False,,,163051224,False,No,0,0,0,1,1,Possible Injury,17:33:00,1,0,2016,Monday,Pedalcyclist,,,Non Intersection,,Daylight,,One Motor Vehicle - Going Straight,,One Vehicle Leaving Driveway,,Private Drive Or Road,True,NONE,,Non Trafficway,Other (Explain In Narrative),Other (Explain In Narrative),Not Applicable,,5,W WILLIAM CANNON DR,NO DATA,Dry,None,Clear,Not Worn
15411915,False,False,,Austin Police Department,True,,,163061113,False,No,0,0,1,1,0,Non-Incapacitating Injury,14:52:00,1,0,2016,Tuesday,Pedalcyclist,,CONCORDIA UNIVERSITY DR,Intersection,30.42192475,Daylight,-97.84500243,One Motor Vehicle - Turning Right,,Attention Diverted From Driving,,Not Applicable,False,NONE,,City Street,"Straight, Level",Main/Proper Lane,On Roadway,,55,RM 620,NO DATA,Dry,Signal Light,Cloudy,"Worn, Damaged"
15412573,False,False,,Austin Police Department,False,,,163080529,False,No,0,0,1,1,0,Non-Incapacitating Injury,09:16:00,1,0,2016,Thursday,Pedalcyclist,,NOT REPORTED,Intersection,30.28713848,Daylight,-97.72626797,One Motor Vehicle - Going Straight,,Not Applicable,,Not Applicable,False,NONE,,City Street,"Curve, Level",Main/Proper Lane,On Roadway,,35,E DEAN KEETON ST,1100,Dry,Yield Sign,Cloudy,"Worn, Not Damaged"
15418213,True,False,46918,Austin Police Department,False,46918,2014,163100481,False,No,1,0,0,1,0,Killed,07:20:00,0,0,2016,Saturday,Pedalcyclist,US Highway,,Non Intersection,30.23661829,"Dark, Lighted",-97.83293548,One Motor Vehicle - Going Straight,5,Not Applicable,10,Not Applicable,False,NONE,320,US & State Highways,"Straight, Level",Service/Frontage Road,On Roadway,"4 Or More Lanes, Divided",-1,US0290,NO DATA,Wet,Marked Lanes,Cloudy,Not Worn
15426333,True,False,,Austin Police Department,False,,,163131550,False,No,0,0,0,0,0,Unknown,18:48:00,0,2,2016,Tuesday,Pedalcyclist,,,Non Intersection,30.28777713,"Dark, Lighted",-97.74251778,One Motor Vehicle - Turning Left,,Not Applicable,,Alley,False,NONE,,City Street,"Straight, Level",Main/Proper Lane,On Roadway,,30,W 24TH ST,492,Wet,Marked Lanes,Rain,Unknown If Worn
15446082,True,False,,Austin Police Department,False,,,163131566,False,No,0,1,0,0,0,Incapacitating Injury,18:58:00,1,1,2016,Tuesday,Pedalcyclist,,,Non Intersection,30.2140524,"Dark, Not Lighted",-97.80007782,One Motor Vehicle - Going Straight,,Attention Diverted From Driving,,Not Applicable,False,NONE,,City Street,"Straight, Grade",Main/Proper Lane,Shoulder,,40,MANCHACA RD,5605,Wet,Center Stripe/Divider,Rain,Unknown If Worn
15650086,False,False,,Austin Police Department,False,,,163131491,False,No,0,0,1,1,0,Non-Incapacitating Injury,18:21:00,1,0,2016,Tuesday,Pedalcyclist,,,Driveway Access,30.28651202,"Dark, Lighted",-97.68221627,One Motor Vehicle - Turning Right,,One Vehicle Entering Driveway,,Entrance To Or Exit From Private Property Or Driveway,False,NONE,,City Street,"Straight, Level",Main/Proper Lane,Off Roadway,,40,SPRINGDALE RD,4333,Dry,Bike Lane,Cloudy,Not Worn
15426386,False,False,,Austin Police Department,True,,,163141398,False,No,0,0,0,0,1,Possible Injury,19:26:00,1,1,2016,Wednesday,Pedalcyclist,,W 29TH ST,Intersection,30.29539477,"Dark, Not Lighted",-97.74279246,One Motor Vehicle - Going Straight,,Not Applicable,,Not Applicable,False,NONE,,City Street,"Curve, Level",Main/Proper Lane,On Roadway,,30,GUADALUPE ST,2901,Wet,Marked Lanes,Cloudy,Not Worn
15432250,True,False,,Austin Police Department,False,,,163151598,False,No,0,0,1,0,0,Non-Incapacitating Injury,21:30:00,1,1,2016,Thursday,Pedalcyclist,,,Non Intersection,30.24199311,"Dark, Unknown Lighting",-97.71753559,One Motor Vehicle - Going Straight,,Attention Diverted From Driving,,Not Applicable,False,NONE,,City Street,"Straight, Level",Main/Proper Lane,On Roadway,,-1,S PLEASANT VALLEY RD,1058,Dry,None,Cloudy,Unknown If Worn
15461761,False,False,,Austin Police Department,False,,,163191256,False,No,0,0,0,1,1,Possible Injury,17:37:00,1,0,2016,Monday,Pedalcyclist,,,Driveway Access,30.27266049,Dusk,-97.70345045,One Motor Vehicle - Turning Left,,One Vehicle Entering Driveway,,Entrance To Or Exit From Private Property Or Driveway,False,NONE,,City Street,"Straight, Level",Main/Proper Lane,Off Roadway,,30,OAK SPRINGS DR,2800,Dry,None,Clear,Not Worn
15435433,False,False,,Austin Police Department,True,,,163191359,False,No,0,0,1,1,0,Non-Incapacitating Injury,18:36:00,1,0,2016,Tuesday,Pedalcyclist,,E 16TH ST,Intersection,30.27730478,"Dark, Lighted",-97.71658247,One Motor Vehicle - Going Straight,,Not Applicable,,Not Applicable,False,NONE,,City Street,"Straight, Level",Main/Proper Lane,On Roadway,,-1,CHESTNUT AVE,1599,Dry,Stop Sign,Clear,Unknown If Worn
15435476,True,False,,Austin Police Department,False,,,163200786,False,No,0,0,0,1,1,Possible Injury,12:57:00,1,0,2016,Tuesday,Pedalcyclist,,,Non Intersection,30.20490466,Daylight,-97.77484205,One Motor Vehicle - Going Straight,,Not Applicable,,Not Applicable,False,GLOBE BICYCLE DAMAGED,,City Street,"Straight, Level",Main/Proper Lane,On Roadway,,35,W STASSNEY LN,NO DATA,Dry,Bike Lane,Clear,Not Worn
15446400,False,False,49720,Austin Police Department,False,49720,2014,163210375,False,No,0,0,1,1,0,Non-Incapacitating Injury,07:34:00,1,0,2016,Wednesday,Pedalcyclist,US Highway,,Driveway Access,30.32207744,Daylight,-97.70198712,One Motor Vehicle - Turning Left,5,One Vehicle Entering Driveway,10,Entrance To Or Exit From Private Property Or Driveway,False,NONE,190,US & State Highways,"Straight, Level",Main/Proper Lane,Off Roadway,"4 Or More Lanes, Divided",-1,US0290,NO DATA,Dry,Marked Lanes,Clear,"Worn, Not Damaged"
15446534,False,False,50813,Austin Police Department,True,50813,2014,163230892,False,No,0,0,0,1,1,Possible Injury,11:58:00,1,0,2016,Friday,Pedalcyclist,Farm To Market,SCOFIELD FARMS DR,Intersection Related,30.41135724,Daylight,-97.68668309,One Motor Vehicle - Going Straight,6,Attention Diverted From Driving,10,Not Applicable,False,NONE,150,Farm To Market,"Straight, Level",Main/Proper Lane,On Roadway,"4 Or More Lanes, Divided",50,FM0734,1601,Dry,Signal Light With Red Light Running Camera,Cloudy,Not Worn
15456998,False,False,,Austin Police Department,True,,,163240697,False,No,0,1,0,4,0,Incapacitating Injury,11:19:00,1,0,2016,Saturday,Pedalcyclist,,LOYOLA LN,Intersection Related,30.31009477,Daylight,-97.66720248,One Motor Vehicle - Turning Right,,Attention Diverted From Driving,,Not Applicable,False,NONE,,City Street,"Curve, Grade",Main/Proper Lane,On Roadway,,-1,MANOR RD,NO DATA,Dry,Signal Light,Clear,Unknown If Worn
15480628,True,False,,Austin Police Department,False,,,163260286,False,No,0,0,1,1,0,Non-Incapacitating Injury,07:28:00,1,0,2016,Monday,Pedalcyclist,,,Non Intersection,30.34439051,Daylight,-97.67319843,One Motor Vehicle - Going Straight,,Vision Obstructed By Headlight Or Sun Glare,,Not Applicable,False,NONE,,City Street,"Curve, Level",Main/Proper Lane,On Roadway,,-1,FERGUSON LN,1776,Dry,Marked Lanes,Clear,Unknown If Worn
15464508,False,False,,Austin Police Department,True,,,163281149,False,No,0,0,0,1,1,Possible Injury,16:37:00,1,0,2016,Wednesday,Pedalcyclist,,UNKNOWN,Intersection,30.34797815,Daylight,-97.77296194,One Motor Vehicle - Turning Right,,Not Applicable,,Not Applicable,False,NONE,,City Street,"Curve, Grade",Main/Proper Lane,On Roadway,,35,LONESOME VALLEY TRL,6100,Dry,Stop Sign,Clear,"Worn, Damaged"
15461923,False,False,,Austin Police Department,True,,,163331232,False,No,0,0,0,0,1,Possible Injury,16:51:00,1,1,2016,Monday,Pedalcyclist,,THEO DR,Intersection,30.28654477,Daylight,-97.70485247,One Motor Vehicle - Turning Left,,Not Applicable,,Not Applicable,False,NONE,,City Street,"Straight, Level",Main/Proper Lane,On Roadway,,35,MANOR RD,3109,Dry,Marked Lanes,Clear,Unknown If Worn
15461933,True,False,,Austin Police Department,True,,,163340282,False,No,0,0,0,1,0,Not Injured,07:31:00,0,1,2016,Tuesday,Pedalcyclist,,,Non Intersection,30.19098205,Daylight,-97.77156965,One Motor Vehicle - Going Straight,,Not Applicable,,Not Applicable,False,NONE,,City Street,"Straight, Level",Main/Proper Lane,On Roadway,,-1,N BLUFF DR,997,Dry,None,Clear,Unknown If Worn
15461988,True,False,46918,Austin Police Department,True,46918,2014,163341045,False,No,0,0,1,1,0,Non-Incapacitating Injury,15:40:00,1,0,2016,Tuesday,Pedalcyclist,US Highway,INDUSTRIAL OAKS BLVD,Intersection Related,30.23660535,Daylight,-97.83985156,One Motor Vehicle - Going Straight,5,Attention Diverted From Driving,10,Not Applicable,False,BICYCLE TRAILER,320,US & State Highways,"Straight, Level",Main/Proper Lane,On Roadway,"4 Or More Lanes, Divided",40,US0290,NO DATA,Dry,Center Stripe/Divider,Clear,Not Worn
15461990,True,False,,Austin Police Department,True,,,163341127,False,No,0,0,1,1,0,Non-Incapacitating Injury,16:33:00,1,0,2016,Tuesday,Pedalcyclist,,SHOAL CREEK BLVD,Intersection,30.33930477,Dusk,-97.74693246,One Motor Vehicle - Going Straight,,Not Applicable,,Not Applicable,False,NONE,,City Street,"Straight, Level",Main/Proper Lane,On Roadway,,30,WHITE ROCK DR,2798,Dry,Marked Lanes,Clear,"Worn, Unk Damage"
15462003,False,False,,Austin Police Department,False,,,163341294,False,No,0,0,1,1,0,Non-Incapacitating Injury,19:15:00,1,0,2016,Tuesday,Pedalcyclist,,,Driveway Access,30.28267257,"Dark, Not Lighted",-97.74526632,One Motor Vehicle - Turning Right,,One Vehicle Entering Driveway,,Entrance To Or Exit From Private Property Or Driveway,False,NONE,,City Street,"Straight, Grade",Main/Proper Lane,On Roadway,,-1,MARTIN LUTHER KING BLVD W,704,Dry,Marked Lanes,Clear,Not Worn
15462006,False,False,,Austin Police Department,True,,,163341622,False,No,0,0,1,0,0,Non-Incapacitating Injury,18:09:00,1,1,2016,Tuesday,Pedalcyclist,,W SLAUGHTER LN,Intersection Related,,"Dark, Lighted",,One Motor Vehicle - Going Straight,,Not Applicable,,Not Applicable,False,BICYCLE,,City Street,"Straight, Level",Main/Proper Lane,On Roadway,,30,WESTGATE BLVD,NO DATA,Dry,Crosswalk,Clear,Unknown If Worn
15471017,False,False,,Austin Police Department,True,,,163380601,False,No,0,0,1,1,0,Non-Incapacitating Injury,10:08:00,1,0,2016,Saturday,Pedalcyclist,,W 43RD ST,Intersection Related,30.30863477,"Dark, Not Lighted",-97.73443246,One Motor Vehicle - Going Straight,,Not Applicable,,Not Applicable,False,NONE,,City Street,"Straight, Level",Main/Proper Lane,On Roadway,,35,GUADALUPE ST,4299,Wet,Marked Lanes,Rain,Not Worn
15502616,False,False,,Austin Police Department,False,,,163381184,False,No,0,1,0,3,0,Incapacitating Injury,18:00:00,1,0,2016,Saturday,Pedalcyclist,,W 9TH ST,Intersection Related,30.27157768,"Dark, Lighted",-97.74413581,One Motor Vehicle - Turning Right,,Attention Diverted From Driving,,Not Applicable,False,BICYCLE,,City Street,"Straight, Level",Main/Proper Lane,On Roadway,,25,LAVACA ST,905,Wet,Signal Light,Rain,Not Worn
15480718,False,False,,Austin Police Department,False,,,163430489,False,No,0,0,1,1,0,Non-Incapacitating Injury,08:34:00,1,0,2016,Thursday,Pedalcyclist,,,Driveway Access,30.31180218,Daylight,-97.70657114,One Motor Vehicle - Turning Left,,One Vehicle Entering Driveway,,Entrance To Or Exit From Private Property Or Driveway,False,NONE,,City Street,"Straight, Level",Main/Proper Lane,On Roadway,,35,CAMERON RD,5347,Dry,None,Clear,"Worn, Not Damaged"
15480749,False,False,,Austin Police Department,True,,,163431026,False,No,0,0,1,0,0,Non-Incapacitating Injury,15:19:00,1,1,2016,Thursday,Pedalcyclist,,CROSSING PL,Intersection Related,30.23159479,Daylight,-97.71753247,One Motor Vehicle - Going Straight,,Not Applicable,,Not Applicable,False,BICYCLE,,City Street,"Straight, Grade",Main/Proper Lane,On Roadway,,-1,E RIVERSIDE DR,NO DATA,Dry,Marked Lanes,Clear,Not Worn
15499141,False,False,,Austin Police Department,False,,,163511649,False,No,0,1,0,0,1,Incapacitating Injury,19:35:00,2,0,2016,Friday,Pedalcyclist,,PARKFIELD DR,Intersection Related,30.37653407,"Dark, Not Lighted",-97.7001666,One Motor Vehicle - Turning Left,,Not Applicable,,Not Applicable,False,NONE,,City Street,"Straight, Level",Main/Proper Lane,On Roadway,,-1,NEANS DR,1297,Dry,Stop Sign,Cloudy,Not Worn
15508889,False,False,,Austin Police Department,False,,,163521116,False,No,0,0,1,0,0,Non-Incapacitating Injury,16:52:00,1,1,2016,Saturday,Pedalcyclist,,,Non Intersection,,Daylight,,One Motor Vehicle - Backing,,One Vehicle Backward From Parking,,In A Parking Lot,True,NONE,,Non Trafficway,"Straight, Level",Other (Explain In Narrative),Not Applicable,,-1,WHELESS LN,NO DATA,Dry,None,Clear,Unknown If Worn
15502743,False,False,,Austin Police Department,True,,,163561076,False,No,0,0,1,1,0,Non-Incapacitating Injury,16:49:00,1,0,2016,Wednesday,Pedalcyclist,,CAMERON RD,Intersection,30.31001477,"Dark, Lighted",-97.70889247,One Motor Vehicle - Turning Left,,Attention Diverted From Driving,,Not Applicable,False,NONE,,City Street,"Straight, Level",Main/Proper Lane,On Roadway,,30,E 52ND ST,1100,Dry,Bike Lane,Clear,Not Worn
15512848,False,False,,Austin Police Department,False,,,163601465,False,No,0,0,1,1,0,Non-Incapacitating Injury,21:45:00,1,0,2016,Sunday,Pedalcyclist,,,Non Intersection,30.2720847,"Dark, Lighted",-97.74397439,One Motor Vehicle - Going Straight,,Attention Diverted From Driving,,Not Applicable,False,NONE,,City Street,"Straight, Grade",Main/Proper Lane,On Roadway,,30,LAVACA ST,946,Dry,Marked Lanes,Cloudy,Unknown If Worn
15551227,False,False,,Austin Police Department,True,,,163631470,False,No,0,1,0,0,0,Incapacitating Injury,19:28:00,1,1,2016,Wednesday,Pedalcyclist,,BLUE MEADOW DR,Intersection Related,30.1836248,"Dark, Lighted",-97.76894246,One Motor Vehicle - Going Straight,,Not Applicable,,Not Applicable,False,NONE,,City Street,"Straight, Level",Main/Proper Lane,On Roadway,,40,BLUFF SPRINGS RD,7011,Dry,Signal Light,Clear,Not Worn
15523031,False,False,,Austin Police Department,True,,,163641019,False,No,0,0,0,2,0,Not Injured,15:55:00,0,0,2016,Thursday,Pedalcyclist,,AUSTIN PARK LN,Intersection Related,30.38484475,Daylight,-97.69278247,One Motor Vehicle - Going Straight,,Attention Diverted From Driving,,Not Applicable,False,NONE,,City Street,"Straight, Hillcrest",Main/Proper Lane,On Roadway,,-1,W BRAKER LN,1110,Dry,Stop Sign,Clear,"Worn, Unk Damage"
15519236,True,False,,Austin Police Department,False,,,163660772,False,No,0,1,0,1,0,Incapacitating Injury,13:15:00,1,0,2016,Saturday,Pedalcyclist,,NOT REPORTED,Non Intersection,30.41378748,Daylight,-97.65360563,One Motor Vehicle - Going Straight,,Attention Diverted From Driving,,Not Applicable,False,NONE,,City Street,"Straight, Level",Main/Proper Lane,On Roadway,,45,E HOWARD LN,600,Dry,None,Clear,"Worn, Damaged"