Crash ID,$1000 Damage to Any One Person's Property,Active School Zone Flag,Adjusted Average Daily Traffic Amount,Agency,At Intersection Flag,Average Daily Traffic Amount,Average Daily Traffic Year,Case ID,Construction Zone Flag,Construction Zone Workers Present Flag,Crash Death Count,Crash Incapacitating Injury Count,Crash Non-incapacitating Injury Count,Crash Not Injured Count,Crash Possible Injury Count,Crash Severity,Crash Time,Crash Total Injury Count,Crash Unknown Injury Count,Crash Year,Day of Week,First Harmful Event,Highway System,Intersecting Street Name,Intersection Related,Latitude,Light Condition,Longitude,Manner of Collision,Number of Lanes,Other Factor,Outside Shoulder Width on Divided Highway,Physical Feature 1,Private Drive Flag,Property Damages,Right of Way Usual Width,Road Class,Roadway Alignment,Roadway Part,Roadway Relation,Roadway Type,Speed Limit,Street Name,Street Number,Surface Condition,Traffic Control Type,Weather Condition,Person Helmet
15534469,True,False,118676,Austin Police Department,True,118676,2014,170080877,False,No,1,0,0,0,1,Killed,15:31:00,1,0,2017,Sunday,Pedalcyclist,US Highway,,Non Intersection,30.42644368,Daylight,-97.75368864,One Motor Vehicle - Going Straight,6,Not Applicable,10,Not Applicable,False,NONE,260,US & State Highways,"Straight, Level",Service/Frontage Road,On Roadway,"4 Or More Lanes, Divided",55,US0183,NO DATA,Dry,Stop Sign,Clear,"Worn, Not Damaged"
15531267,False,False,,Austin Police Department,True,,,170100939,False,No,0,1,0,1,0,Incapacitating Injury,13:30:00,1,0,2017,Tuesday,Pedalcyclist,,UNKNOWN,Intersection Related,30.36088476,Daylight,-97.77148245,One Motor Vehicle - Turning Right,,Not Applicable,,Not Applicable,False,NONE,,City Street,"Curve, Grade",Main/Proper Lane,On Roadway,,30,FAR WEST BLVD,4307,Dry,Stop Sign,Clear,"Worn, Unk Damage"
15534478,False,False,,Austin Police Department,True,,,170111237,False,No,0,0,1,1,0,Non-Incapacitating Injury,16:13:00,1,0,2017,Wednesday,Pedalcyclist,,CONVICT HILL RD,Intersection Related,30.22047479,Daylight,-97.85779244,One Motor Vehicle - Going Straight,,Vision Obstructed By Headlight Or Sun Glare,,Not Applicable,False,NONE,,City Street,"Straight, Level",Main/Proper Lane,On Roadway,,-1,BECKETT RD,7399,Dry,Stop Sign,Clear,"Worn, Not Damaged"
15536509,True,False,,Austin Police Department,True,,,170121272,False,No,0,0,1,1,0,Non-Incapacitating Injury,17:06:00,1,0,2017,Thursday,Pedalcyclist,,UNKNOWN,Intersection Related,30.21902478,Daylight,-97.75710246,One Motor Vehicle - Turning Right,,Attention Diverted From Driving,,Not Applicable,False,NONE,,City Street,"Straight, Level",Main/Proper Lane,On Roadway,,-1,TERRY O LN,4100,Dry,Stop Sign,Clear,Not Worn
15540820,True,False,,Austin Police Department,True,,,170131430,False,No,0,0,1,1,0,Non-Incapacitating Injury,17:06:00,1,0,2017,Friday,Pedalcyclist,,W 31ST ST,Intersection,30.29787477,Daylight,-97.74123246,One Motor Vehicle - Turning Right,,Not Applicable,,Not Applicable,False,NONE,,City Street,"Straight, Level",Main/Proper Lane,On Roadway,,30,GUADALUPE ST,3101,Dry,Marked Lanes,Clear,Not Worn
15541177,False,False,,Austin Police Department,True,,,170131109,False,No,0,0,1,1,0,Non-Incapacitating Injury,14:10:00,1,0,2017,Friday,Pedalcyclist,,UNKNOWN,Intersection Related,30.39474992,Daylight,-97.64440306,One Motor Vehicle - Turning Right,,Not Applicable,,Not Applicable,False,NONE,,City Street,"Straight, Level",Main/Proper Lane,On Roadway,,30,BRADBURY LN,NO DATA,Dry,Marked Lanes,Clear,Unknown If Worn
15541180,False,False,,Austin Police Department,True,,,170140482,False,No,0,0,0,1,1,Possible Injury,08:44:00,1,0,2017,Saturday,Pedalcyclist,,MONTOPOLIS DR,Intersection Related,30.23913478,Daylight,-97.69440248,One Motor Vehicle - Going Straight,,Attention Diverted From Driving,,Not Applicable,False,NONE,,City Street,"Straight, Level",Main/Proper Lane,On Roadway,,30,MONSANTO DR,6300,Wet,Marked Lanes,Cloudy,Not Worn
15597730,False,False,22613,Austin Police Department,False,22613,2014,170170334,False,No,0,0,0,1,1,Possible Injury,08:29:00,1,0,2017,Tuesday,Pedalcyclist,State Loop,,Driveway Access,30.262618,Daylight,-97.74162676,One Motor Vehicle - Turning Left,4,One Vehicle Entering Driveway,10,Entrance To Or Exit From Private Property Or Driveway,False,NONE,80,US & State Highways,"Straight, Level",Main/Proper Lane,On Roadway,"4 Or More Lanes, Undivided",35,SL0343,344,Wet,None,Rain,Not Worn
15554133,True,False,,Austin Police Department,False,,,170201571,False,No,0,0,0,1,3,Possible Injury,19:21:00,3,0,2017,Friday,Pedalcyclist,,,Non Intersection,30.26703264,"Dark, Lighted",-97.74650676,One Motor Vehicle - Going Straight,,Not Applicable,,Not Applicable,False,NONE,,City Street,"Straight, Level",Main/Proper Lane,On Roadway,,30,W 4TH ST,355,Dry,Marked Lanes,Clear,Not Worn
15554133,True,False,,Austin Police Department,False,,,170201571,False,No,0,0,0,1,3,Possible Injury,19:21:00,3,0,2017,Friday,Pedalcyclist,,,Non Intersection,30.26703264,"Dark, Lighted",-97.74650676,One Motor Vehicle - Going Straight,,Not Applicable,,Not Applicable,False,NONE,,City Street,"Straight, Level",Main/Proper Lane,On Roadway,,30,W 4TH ST,355,Dry,Marked Lanes,Clear,Not Worn
15554133,True,False,,Austin Police Department,False,,,170201571,False,No,0,0,0,1,3,Possible Injury,19:21:00,3,0,2017,Friday,Pedalcyclist,,,Non Intersection,30.26703264,"Dark, Lighted",-97.74650676,One Motor Vehicle - Going Straight,,Not Applicable,,Not Applicable,False,NONE,,City Street,"Straight, Level",Main/Proper Lane,On Roadway,,30,W 4TH ST,355,Dry,Marked Lanes,Clear,Not Worn
15570053,False,False,,Austin Police Department,True,,,170211077,False,No,0,0,1,1,0,Non-Incapacitating Injury,16:26:00,1,0,2017,Saturday,Pedalcyclist,,CORONADO HILLS DR,Intersection Related,30.32697477,Daylight,-97.68777247,One Motor Vehicle - Turning Left,,Not Applicable,,Not Applicable,False,NONE,,City Street,"Straight, Level",Main/Proper Lane,On Roadway,,-1,BERKMAN DR,7299,Dry,Stop Sign,Clear,Not Worn
15554146,True,False,,Austin Police Department,True,,,170221453,False,No,0,1,0,2,0,Incapacitating Injury,21:03:00,1,0,2017,Sunday,Pedalcyclist,,GOODWIN AVE,Intersection,30.26742478,"Dark, Lighted",-97.69435248,One Motor Vehicle - Going Straight,,Not Applicable,,Not Applicable,False,NONE,,City Street,"Straight, Level",Main/Proper Lane,On Roadway,,-1,SPRINGDALE RD,1017,Dry,Marked Lanes,Clear,Not Worn
15556906,False,False,,Austin Police Department,True,,,170221106,False,No,0,0,0,2,1,Possible Injury,16:53:00,1,0,2017,Sunday,Pedalcyclist,,GUADALUPE ST,Intersection,30.26901478,Daylight,-97.74629246,One Motor Vehicle - Turning Right,,Not Applicable,,Not Applicable,False,NONE,,City Street,"Straight, Level",Main/Proper Lane,On Roadway,,35,W 6TH ST,400,Dry,Signal Light,Clear,Not Worn
15557018,True,False,,Austin Police Department,True,,,170240521,False,No,0,0,0,1,1,Possible Injury,09:22:00,1,0,2017,Tuesday,Pedalcyclist,,LIGHTSEY RD,Intersection,30.22964479,Daylight,-97.76025246,One Motor Vehicle - Turning Right,,Attention Diverted From Driving,,Not Applicable,False,BYCICLE,,City Street,"Straight, Level",Main/Proper Lane,On Roadway,,40,S CONGRESS AVE,3401,Dry,Bike Lane,Clear,"Worn, Damaged"
15570305,True,False,,Austin Police Department,True,,,170241376,False,No,0,0,0,1,1,Possible Injury,17:53:00,1,0,2017,Tuesday,Pedalcyclist,,W 37TH ST,Intersection,30.30197477,Daylight,-97.73865246,One Motor Vehicle - Going Straight,,Not Applicable,,Not Applicable,False,NONE,,City Street,"Straight, Level",Main/Proper Lane,On Roadway,,-1,GUADALUPE ST,3701,Dry,Stop Sign,Clear,"Worn, Not Damaged"
15557069,False,False,,Austin Police Department,False,,,170250491,False,No,0,1,0,1,0,Incapacitating Injury,08:44:00,1,0,2017,Wednesday,Pedalcyclist,,,Driveway Access,30.38425224,Daylight,-97.74511902,One Motor Vehicle - Turning Left,,One Vehicle Leaving Driveway,,Entrance To Or Exit From Private Property Or Driveway,False,NONE,,City Street,"Curve, Level",Main/Proper Lane,On Roadway,,35,JOLLYVILLE RD,9226,Dry,Center Stripe/Divider,Clear,Unknown If Worn
15559005,False,False,,Austin Police Department,True,,,170261348,False,No,0,0,1,1,0,Non-Incapacitating Injury,18:36:00,1,0,2017,Thursday,Pedalcyclist,,RIO GRANDE ST,Intersection,30.27785478,"Dark, Lighted",-97.74655246,One Motor Vehicle - Turning Left,,Attention Diverted From Driving,,Not Applicable,False,NONE,,City Street,"Straight, Grade",Main/Proper Lane,On Roadway,,-1,W 14TH ST,700,Dry,Stop Sign,Clear,"Worn, Unk Damage"
15564712,False,False,25507,Austin Police Department,False,25507,2014,170261620,False,No,0,0,1,1,0,Non-Incapacitating Injury,21:33:00,1,0,2017,Thursday,Pedalcyclist,Farm To Market,,Driveway Access,30.16399413,"Dark, Not Lighted",-97.83026558,One Motor Vehicle - Going Straight,4,One Vehicle Leaving Driveway,10,Entrance To Or Exit From Private Property Or Driveway,False,NONE,100,Farm To Market,"Straight, Level",Main/Proper Lane,On Roadway,"4 Or More Lanes, Undivided",45,FM2304,10654,Dry,None,Clear,Not Worn
15559034,False,False,,Austin Police Department,True,,,170270763,False,No,0,0,1,1,0,Non-Incapacitating Injury,11:39:00,1,0,2017,Friday,Pedalcyclist,,W 22ND ST,Intersection,30.28497478,Daylight,-97.74181246,One Motor Vehicle - Turning Right,,Attention Diverted From Driving,,Not Applicable,False,NONE,,City Street,"Straight, Level",Main/Proper Lane,On Roadway,,35,GUADALUPE ST,2199,Dry,Signal Light With Red Light Running Camera,Clear,"Worn, Damaged"
15562578,False,False,,Austin Police Department,False,,,170300570,False,No,0,0,1,1,0,Non-Incapacitating Injury,09:55:00,1,0,2017,Monday,Pedalcyclist,,,Non Intersection,30.26390399,Daylight,-97.76370763,One Motor Vehicle - Going Straight,,Not Applicable,,Not Applicable,False,NONE,,City Street,"Straight, Level",Main/Proper Lane,On Roadway,,35,BARTON SPRINGS RD,1802,Dry,Marked Lanes,Clear,Unknown If Worn
15562579,False,False,,Austin Police Department,False,,,170300737,False,No,0,0,1,1,0,Non-Incapacitating Injury,10:00:00,1,0,2017,Monday,Pedalcyclist,,,Driveway Access,30.24512882,Daylight,-97.75123214,One Motor Vehicle - Turning Left,,One Vehicle Leaving Driveway,,Entrance To Or Exit From Private Property Or Driveway,False,NONE,,City Street,"Straight, Level",Main/Proper Lane,On Roadway,,30,MARY ST E,101,Dry,None,Clear,"Worn, Unk Damage"
15564776,False,False,,Austin Police Department,True,,,170301274,False,No,0,0,1,1,0,Non-Incapacitating Injury,16:46:00,1,0,2017,Monday,Pedalcyclist,,MARY ST W,Intersection,30.24830478,Daylight,-97.76208246,One Motor Vehicle - Going Straight,,Attention Diverted From Driving,,Not Applicable,False,NONE,,City Street,"Straight, Level",Main/Proper Lane,On Roadway,,-1,5TH ST S,1899,Dry,Stop Sign,Clear,Not Worn
15564779,False,False,52925,Austin Police Department,True,52925,2014,170301243,False,No,0,0,1,1,0,Non-Incapacitating Injury,16:30:00,1,0,2017,Monday,Pedalcyclist,US Highway,OLD BEE CAVES RD,Intersection,30.2340002,Daylight,-97.87121316,One Motor Vehicle - Turning Right,4,Not Applicable,6,Not Applicable,False,NONE,160,US & State Highways,"Straight, Level",Main/Proper Lane,On Roadway,"4 Or More Lanes, Undivided",-1,US0290,NO DATA,Dry,Center Stripe/Divider,Clear,Not Worn
15570267,False,False,,Austin Police Department,False,,,170331559,False,No,0,1,0,1,0,Incapacitating Injury,19:05:00,1,0,2017,Thursday,Pedalcyclist,,,Driveway Access,30.2215145,"Dark, Not Lighted",-97.76480976,One Motor Vehicle - Going Straight,,One Vehicle Leaving Driveway,,Entrance To Or Exit From Private Property Or Driveway,False,NONE,,City Street,"Straight, Level",Main/Proper Lane,On Roadway,,45,S CONGRESS AVE,4135,Dry,Bike Lane,Clear,Not Worn
15572960,True,False,,Austin Police Department,True,,,170361507,False,No,0,1,0,0,0,Incapacitating Injury,06:30:00,1,1,2017,Sunday,Pedalcyclist,,PINON VISTA DR,Intersection,30.28876477,Daylight,-97.64418249,One Motor Vehicle - Going Straight,,Not Applicable,,Not Applicable,False,NONE,,City Street,"Straight, Level",Main/Proper Lane,On Roadway,,-1,ALONDRA LN,7400,Dry,Stop Sign,Clear,Unknown If Worn
15575970,False,False,,Austin Police Department,True,,,170371272,False,No,0,0,0,3,0,Not Injured,17:07:00,0,0,2017,Monday,Pedalcyclist,,,Driveway Access,30.1670448,Daylight,-97.78851246,One Motor Vehicle - Turning Left,,One Vehicle Entering Driveway,,Entrance To Or Exit From Private Property Or Driveway,False,NONE,,City Street,"Straight, Level",Main/Proper Lane,On Roadway,,45,W SLAUGHTER LN,NO DATA,Dry,Bike Lane,Clear,Not Worn
15585627,True,False,,Austin Police Department,True,,,170421309,False,No,0,0,0,1,1,Possible Injury,17:45:00,1,0,2017,Saturday,Pedalcyclist,,FRONTIER VALLEY DR,Intersection Related,30.22261479,Daylight,-97.69779248,One Motor Vehicle - Turning Right,,Not Applicable,,Not Applicable,False,NONE,,City Street,"Straight, Level",Main/Proper Lane,On Roadway,,35,E RIVERSIDE DR,6900,Dry,Stop Sign,Clear,Not Worn
15671109,False,False,,Austin Police Department,False,,,170441618,False,No,0,1,0,1,0,Incapacitating Injury,23:31:00,1,0,2017,Monday,Pedalcyclist,,,Non Intersection,30.36621259,"Dark, Lighted",-97.7209145,One Motor Vehicle - Going Straight,,Not Applicable,,Not Applicable,False,NONE,,City Street,"Curve, Level",Main/Proper Lane,On Roadway,,30,HEARTHSTONE DR,1906,Dry,None,Clear,Unknown If Worn
15588796,False,False,,Austin Police Department,False,,,170450505,False,No,0,0,1,1,0,Non-Incapacitating Injury,09:23:00,1,0,2017,Tuesday,Pedalcyclist,,NOT REPORTED,Driveway Access,30.22588478,Daylight,-97.76229246,One Motor Vehicle - Turning Right,,One Vehicle Entering Driveway,,Entrance To Or Exit From Private Property Or Driveway,False,BICYCLE,,City Street,"Straight, Level",Main/Proper Lane,Off Roadway,,35,S CONGRESS AVE,3800,Wet,Bike Lane,Rain,Unknown If Worn
15590078,True,False,,Austin Police Department,True,,,170451367,False,No,0,0,1,1,0,Non-Incapacitating Injury,18:47:00,1,0,2017,Tuesday,Pedalcyclist,,W 28TH ST,Intersection Related,30.29323477,"Dark, Not Lighted",-97.74179246,One Motor Vehicle - Going Straight,,Not Applicable,,Not Applicable,False,NONE,,City Street,"Straight, Level",Main/Proper Lane,On Roadway,,35,GUADALUPE ST,2717,Dry,Marked Lanes,Clear,"Worn, Not Damaged"
15593797,True,False,,Austin Police Department,True,,,170460617,False,No,0,0,1,0,0,Non-Incapacitating Injury,10:29:00,1,1,2017,Wednesday,Pedalcyclist,,OLDHAM ST,Intersection,,Daylight,,One Motor Vehicle - Turning Right,,Not Applicable,,Not Applicable,False,NONE,,City Street,"Straight, Level",Main/Proper Lane,On Roadway,,-1,E DEAN KEETON ST ST,NO DATA,Dry,Marked Lanes,Clear,Unknown If Worn
15604729,False,False,21351,Austin Police Department,False,21351,2014,170461040,False,No,0,0,0,1,1,Possible Injury,14:45:00,1,0,2017,Wednesday,Pedalcyclist,State Loop,LAVACA ST,Intersection Related,30.26411005,Daylight,-97.74706731,One Motor Vehicle - Turning Right,4,Attention Diverted From Driving,10,Not Applicable,False,NONE,80,US & State Highways,"Straight, Level",Main/Proper Lane,On Roadway,"4 Or More Lanes, Undivided",35,SL0343,296,Dry,Crosswalk,Clear,"Worn, Unk Damage"
15597896,False,False,,Austin Police Department,False,,,170490676,False,No,0,0,0,0,2,Possible Injury,11:08:00,2,0,2017,Saturday,Pedalcyclist,,,Driveway Access,30.18377988,Daylight,-97.79232508,One Motor Vehicle - Turning Left,,One Vehicle Entering Driveway,,Entrance To Or Exit From Private Property Or Driveway,False,NONE,,City Street,"Straight, Level",Main/Proper Lane,On Roadway,,45,W DITTMAR RD,618,Dry,None,Clear,"Worn, Not Damaged"
15633737,True,False,,Austin Police Department,True,,,170490640,False,No,0,0,0,1,1,Possible Injury,10:43:00,1,0,2017,Saturday,Pedalcyclist,,VETERANS DR,Intersection,30.27767478,Daylight,-97.77185246,One Motor Vehicle - Turning Right,,Attention Diverted From Driving,,Not Applicable,False,NONE,,City Street,"Straight, Level",Main/Proper Lane,On Roadway,,35,LAKE AUSTIN BLVD,2304,Dry,Signal Light,Clear,"Worn, Unk Damage"
15597957,False,False,,Austin Police Department,True,,,170500577,False,No,0,0,1,1,0,Non-Incapacitating Injury,08:54:00,1,0,2017,Sunday,Pedalcyclist,,MONTOPOLIS DR,Intersection Related,30.23071478,Daylight,-97.69979248,One Motor Vehicle - Going Straight,,Vision Obstructed By Other Visual Obstructions,,Not Applicable,False,NONE,,City Street,"Straight, Level",Main/Proper Lane,On Roadway,,30,CARNATION TER,6298,Dry,Stop Sign,Clear,Not Worn
15598027,False,False,,Austin Police Department,True,,,170500204,False,No,0,0,1,0,0,Non-Incapacitating Injury,01:53:00,1,1,2017,Sunday,Pedalcyclist,,COLORADO ST,Intersection Related,30.26749478,"Dark, Lighted",-97.74448246,One Motor Vehicle - Going Straight,,Not Applicable,,Not Applicable,False,NONE,,City Street,"Straight, Level",Main/Proper Lane,On Roadway,,35,W 5TH ST,200,Dry,Signal Light,Clear,Not Worn
15598051,True,False,,Austin Police Department,False,,,170511303,False,No,0,0,1,1,0,Non-Incapacitating Injury,17:56:00,1,0,2017,Monday,Pedalcyclist,,,Driveway Access,30.37846119,Daylight,-97.68001172,One Motor Vehicle - Turning Left,,One Vehicle Entering Driveway,,Entrance To Or Exit From Private Property Or Driveway,False,NONE,,City Street,"Straight, Grade",Main/Proper Lane,Off Roadway,,-1,E BRAKER LN,225,Dry,Bike Lane,Clear,"Worn, Unk Damage"
15601104,True,False,,Austin Police Department,True,,,170521449,False,No,0,0,0,0,1,Possible Injury,18:49:00,1,1,2017,Tuesday,Pedalcyclist,,W 35TH ST,Intersection,30.31050477,Dusk,-97.76267246,One Motor Vehicle - Going Straight,,Not Applicable,,Not Applicable,False,NONE,,City Street,"Straight, Level",Main/Proper Lane,On Roadway,,30,EXPOSITION BLVD,NO DATA,Dry,Signal Light With Red Light Running Camera,Clear,Unknown If Worn
15613533,False,False,,Austin Police Department,False,,,170520452,False,No,0,0,0,1,1,Possible Injury,09:02:00,1,0,2017,Tuesday,Pedalcyclist,,,Non Intersection,30.24830478,Daylight,-97.76208246,One Motor Vehicle - Turning Left,,Vision Obstructed By Headlight Or Sun Glare,,Alley,False,NONE,,City Street,"Straight, Level",Main/Proper Lane,On Roadway,,30,5TH ST S,1900,Dry,None,Clear,"Worn, Unk Damage"
15604884,False,False,125081,Austin Police Department,False,125081,2014,170531098,False,No,0,0,0,2,0,Not Injured,15:24:00,0,0,2017,Wednesday,Pedalcyclist,US Highway,,Driveway Access,30.36378361,Daylight,-97.71770727,One Motor Vehicle - Turning Right,6,One Vehicle Leaving Driveway,10,Entrance To Or Exit From Private Property Or Driveway,False,NONE,260,US & State Highways,"Curve, Level",Service/Frontage Road,On Roadway,"4 Or More Lanes, Divided",-1,US0183,NO DATA,Dry,Marked Lanes,Clear,Not Worn
15609970,False,False,,Austin Police Department,False,,,170531277,False,No,0,0,1,1,0,Non-Incapacitating Injury,17:01:00,1,0,2017,Wednesday,Pedalcyclist,,,Non Intersection,30.24029544,Daylight,-97.77905963,One Motor Vehicle - Going Straight,,Not Applicable,,Not Applicable,False,NONE,,City Street,"Curve, Grade",Main/Proper Lane,On Roadway,,35,DEL CURTO RD,3094,Dry,Center Stripe/Divider,Clear,Not Worn
15635415,False,False,,Austin Police Department,False,,,170550494,False,No,0,0,0,1,0,Not Injured,08:19:00,0,1,2017,Friday,Pedalcyclist,,,Driveway Access,30.25285048,"Dark, Not Lighted",-97.77330041,One Motor Vehicle - Going Straight,,One Vehicle Leaving Driveway,,Entrance To Or Exit From Private Property Or Driveway,False,NONE,,City Street,"Straight, Level",Main/Proper Lane,On Roadway,,25,BLUEBONNET LN,1930,Dry,None,Clear,"Worn, Not Damaged"
15668990,False,False,,Austin Police Department,False,,,170550454,False,No,0,1,0,1,0,Incapacitating Injury,07:51:00,1,0,2017,Friday,Pedalcyclist,,,Non Intersection,30.3197403,Daylight,-97.72154872,One Motor Vehicle - Turning Left,,Vision Obstructed By Other Visual Obstructions,,Not Applicable,False,NONE,,City Street,"Straight, Level",Main/Proper Lane,On Roadway,,-1,NELRAY BLVD,139,Dry,None,Clear,Unknown If Worn
15637568,False,False,,Austin Police Department,False,,,170570996,False,No,0,0,0,1,1,Possible Injury,16:27:00,1,0,2017,Sunday,Pedalcyclist,,,Driveway Access,30.21382212,Daylight,-97.76968009,One Motor Vehicle - Going Straight,,One Vehicle Leaving Driveway,,Entrance To Or Exit From Private Property Or Driveway,False,NONE,,City Street,"Straight, Level",Main/Proper Lane,On Roadway,,-1,S CONGRESS AVE,4778,Dry,None,Clear,Not Worn
15613607,True,False,,Austin Police Department,True,,,170581606,False,No,0,1,0,0,1,Incapacitating Injury,21:12:00,2,0,2017,Monday,Pedalcyclist,,ONION ST,Intersection Related,30.26337478,"Dark, Lighted",-97.72750247,One Motor Vehicle - Going Straight,,Not Applicable,,Not Applicable,False,BICYCLE/PEUGEOT Y90411467,,City Street,"Straight, Level",Main/Proper Lane,On Roadway,,30,E 6TH ST,1500,Dry,Marked Lanes,Clear,"Worn, Damaged"
15613625,False,False,,Austin Police Department,False,,,170591529,False,No,0,1,0,2,0,Incapacitating Injury,19:09:00,1,0,2017,Tuesday,Pedalcyclist,,,Non Intersection,30.28600463,"Dark, Lighted",-97.70805923,One Motor Vehicle - Going Straight,,Not Applicable,,Not Applicable,False,NONE,,City Street,"Straight, Level",Main/Proper Lane,On Roadway,,45,MANOR RD,2957,Dry,Bike Lane,Cloudy,Not Worn
15613658,True,False,,Austin Police Department,False,,,170591382,False,No,0,0,1,1,0,Non-Incapacitating Injury,17:58:00,1,0,2017,Tuesday,Pedalcyclist,,W PARMER LN,Intersection Related,30.44394769,Daylight,-97.7422347,One Motor Vehicle - Going Straight,,Attention Diverted From Driving,,Not Applicable,False,NONE,,City Street,"Straight, Level",Main/Proper Lane,On Roadway,,-1,MCNEIL DR,NO DATA,Dry,Signal Light,Cloudy,Not Worn
15618030,False,False,,Austin Police Department,True,,,170600647,False,No,0,1,0,1,0,Incapacitating Injury,10:13:00,1,0,2017,Wednesday,Pedalcyclist,,E 43RD ST,Intersection Related,30.30466477,Daylight,-97.72605247,One Motor Vehicle - Turning Left,,Not Applicable,,Not Applicable,False,NONE,,City Street,"Straight, Level",Main/Proper Lane,On Roadway,,-1,DUVAL ST,NO DATA,Dry,Crosswalk,Clear,"Worn, Unk Damage"
15618143,True,False,,Austin Police Department,True,,,170611440,False,No,0,0,0,1,1,Possible Injury,17:30:00,1,0,2017,Thursday,Pedalcyclist,,,Non Intersection,,"Dark, Not Lighted",,One Motor Vehicle - Going Straight,,Attention Diverted From Driving,,In A Parking Lot,True,NONE,,Non Trafficway,"Straight, Level",Other (Explain In Narrative),Not Applicable,,-1,PARKFIELD DR,NO DATA,Dry,None,Clear,"Worn, Unk Damage"
15623675,False,False,,Austin Police Department,True,,,170650362,False,No,0,0,1,1,0,Non-Incapacitating Injury,07:33:00,1,0,2017,Monday,Pedalcyclist,,S MARY MOORE SEARIGHT DR,Intersection Related,30.1740448,Daylight,-97.80742245,One Motor Vehicle - Turning Right,,Attention Diverted From Driving,,Not Applicable,False,NONE,,City Street,"Straight, Level",Main/Proper Lane,On Roadway,,35,W SLAUGHTER LN,NO DATA,Dry,Stop Sign,Clear,Not Worn
15625435,False,False,,Austin Police Department,False,,,170651313,False,No,0,0,1,0,0,Non-Incapacitating Injury,17:32:00,1,1,2017,Monday,Pedalcyclist,,,Driveway Access,30.27358481,Daylight,-97.69777765,One Motor Vehicle - Turning Left,,One Vehicle Entering Driveway,,Entrance To Or Exit From Private Property Or Driveway,False,NONE,,City Street,"Straight, Level",Main/Proper Lane,On Roadway,,45,OAK SPRINGS DR,3313,Dry,Bike Lane,Clear,Not Worn
15635445,True,False,,Austin Police Department,True,,,170651967,False,No,0,0,0,1,1,Possible Injury,23:30:00,1,0,2017,Monday,Pedalcyclist,,EAST DR,Intersection,30.29539477,"Dark, Lighted",-97.73976246,One Motor Vehicle - Going Straight,,Not Applicable,,Not Applicable,False,NONE,,City Street,"Straight, Level",Main/Proper Lane,On Roadway,,30,W 30TH ST,352,Dry,Stop Sign,Clear,Not Worn
15635514,False,False,,Austin Police Department,True,,,170671487,False,No,0,0,1,0,0,Non-Incapacitating Injury,18:15:00,1,1,2017,Wednesday,Pedalcyclist,,W 35TH ST,Intersection,30.30113477,Daylight,-97.73918246,One Motor Vehicle - Turning Right,,Not Applicable,,Not Applicable,False,NONE,,City Street,"Straight, Level",Main/Proper Lane,On Roadway,,30,GUADALUPE ST,3499,Dry,Marked Lanes,Cloudy,Not Worn
15637643,True,False,,Austin Police Department,True,,,170671351,False,No,0,0,1,0,0,Non-Incapacitating Injury,17:04:00,1,1,2017,Wednesday,Pedalcyclist,,,Non Intersection,30.28254412,Daylight,-97.74481032,One Motor Vehicle - Going Straight,,Attention Diverted From Driving,,Not Applicable,False,NONE,,City Street,"Straight, Level",Main/Proper Lane,Off Roadway,,-1,MARTIN LUTHER KING BLVD W,610,Dry,Signal Light,Clear,"Worn, Not Damaged"
15686185,False,False,21351,Austin Police Department,True,21351,2014,170671850,False,No,0,0,0,2,0,Not Injured,22:02:00,0,0,2017,Wednesday,Pedalcyclist,State Loop,CONGRESS AVE,Intersection,30.26339563,"Dark, Lighted",-97.74449683,One Motor Vehicle - Turning Left,4,Not Applicable,10,Not Applicable,False,NONE,80,US & State Highways,"Straight, Level",Main/Proper Lane,On Roadway,"4 Or More Lanes, Undivided",30,SL0343,100,Dry,Signal Light,Clear,Not Worn
15648076,True,False,,"Department Of Public Safety, State Of Texas",False,,,,False,No,0,0,0,2,0,Not Injured,13:50:00,0,0,2017,Thursday,Pedalcyclist,,,Non Intersection,,Daylight,,One Motor Vehicle - Going Straight,,One Vehicle Leaving Driveway,,Private Drive Or Road,True,NONE,,Non Trafficway,"Straight, Level",Other (Explain In Narrative),Not Applicable,,40,N LAMAR BLVD,NO DATA,Dry,None,Cloudy,Not Worn
15666414,False,False,,Austin Police Department,True,,,170701500,False,No,0,0,0,2,0,Not Injured,20:23:00,0,0,2017,Saturday,Pedalcyclist,,WALLER ST,Intersection Related,30.26440478,"Dark, Lighted",-97.73049247,One Motor Vehicle - Going Straight,,Not Applicable,,Not Applicable,False,NONE,,City Street,"Straight, Level",Main/Proper Lane,On Roadway,,-1,E 6TH ST,1200,Wet,Stop Sign,Rain,"Worn, Unk Damage"
15650107,True,False,15262,Austin Police Department,False,15262,2014,170732104,False,No,1,0,0,1,0,Killed,23:42:00,0,0,2017,Tuesday,Pedalcyclist,Farm To Market,,Non Intersection,30.28630713,"Dark, Lighted",-97.67826551,One Motor Vehicle - Going Straight,4,Attention Diverted From Driving,0,Not Applicable,False,NONE,100,Farm To Market,"Straight, Level",Main/Proper Lane,On Roadway,"4 Or More Lanes, Undivided",50,FM0969,4966,Dry,None,Clear,Not Worn
15675746,False,False,,Austin Police Department,False,,,170731999,False,No,0,0,0,2,1,Possible Injury,23:31:00,1,0,2017,Tuesday,Pedalcyclist,,,Driveway Access,30.26775283,"Dark, Lighted",-97.73432354,One Motor Vehicle - Turning Left,,One Vehicle Leaving Driveway,,Entrance To Or Exit From Private Property Or Driveway,False,NONE,,Interstate,"Straight, Level",Service/Frontage Road,Off Roadway,,15,N INTERSTATE 35,NO DATA,Dry,Marked Lanes,Clear,Not Worn