Crash ID,$1000 Damage to Any One Person's Property,Active School Zone Flag,Adjusted Average Daily Traffic Amount,Agency,At Intersection Flag,Average Daily Traffic Amount,Average Daily Traffic Year,Case ID,Construction Zone Flag,Construction Zone Workers Present Flag,Crash Death Count,Crash Incapacitating Injury Count,Crash Non-incapacitating Injury Count,Crash Not Injured Count,Crash Possible Injury Count,Crash Severity,Crash Time,Crash Total Injury Count,Crash Unknown Injury Count,Crash Year,Day of Week,First Harmful Event,Highway System,Intersecting Street Name,Intersection Related,Latitude,Light Condition,Longitude,Manner of Collision,Number of Lanes,Other Factor,Outside Shoulder Width on Divided Highway,Physical Feature 1,Private Drive Flag,Property Damages,Right of Way Usual Width,Road Class,Roadway Alignment,Roadway Part,Roadway Relation,Roadway Type,Speed Limit,Street Name,Street Number,Surface Condition,Traffic Control Type,Weather Condition,Person Helmet
15671124,True,False,,Austin Police Department,True,,,170741905,False,No,0,1,1,0,0,Incapacitating Injury,22:23:00,2,1,2017,Wednesday,Pedalcyclist,,,Non Intersection,30.25890478,"Dark, Lighted",-97.74621246,One Motor Vehicle - Going Straight,,Not Applicable,,Not Applicable,False,NONE,,City Street,"Straight, Grade",Main/Proper Lane,On Roadway,,45,CONGRESS AVE S,301,Dry,Signal Light,Clear,Not Worn
15671124,True,False,,Austin Police Department,True,,,170741905,False,No,0,1,1,0,0,Incapacitating Injury,22:23:00,2,1,2017,Wednesday,Pedalcyclist,,,Non Intersection,30.25890478,"Dark, Lighted",-97.74621246,One Motor Vehicle - Going Straight,,Not Applicable,,Not Applicable,False,NONE,,City Street,"Straight, Grade",Main/Proper Lane,On Roadway,,45,CONGRESS AVE S,301,Dry,Signal Light,Clear,Not Worn
15650678,False,False,,Austin Police Department,False,,,170751846,False,No,0,0,1,0,0,Non-Incapacitating Injury,21:08:00,1,1,2017,Thursday,Pedalcyclist,,,Non Intersection,,"Dark, Not Lighted",,One Motor Vehicle - Going Straight,,Attention Diverted From Driving,,Private Drive Or Road,True,BICYCLE,,Non Trafficway,"Straight, Level",Other (Explain In Narrative),Not Applicable,,-1,GIVENS PARK,NO DATA,Dry,None,Clear,"Worn, Unk Damage"
15650696,True,False,,Austin Police Department,True,,,170760945,False,No,0,0,1,1,0,Non-Incapacitating Injury,11:44:00,1,0,2017,Friday,Pedalcyclist,,5TH ST S,Intersection,30.24830478,Daylight,-97.76208246,One Motor Vehicle - Going Straight,,Not Applicable,,Not Applicable,False,NONE,,City Street,"Straight, Level",Main/Proper Lane,On Roadway,,30,MARY ST W,1000,Dry,Stop Sign,Cloudy,Not Worn
15653931,True,False,34215,Austin Police Department,True,34215,2014,170762044,False,No,0,0,1,0,0,Non-Incapacitating Injury,21:40:00,1,1,2017,Friday,Pedalcyclist,State Loop,OXFORD AVE,Intersection,30.24785109,"Dark, Lighted",-97.77202717,One Motor Vehicle - Going Straight,4,Not Applicable,0,Not Applicable,False,DAMAGED BICYCLE.  REAR WHEEL BENT,80,US & State Highways,"Straight, Level",Main/Proper Lane,On Roadway,"4 Or More Lanes, Undivided",40,SL0343,2147,Dry,Bike Lane,Clear,Not Worn
15671173,True,False,,Austin Police Department,False,,,170760279,False,No,0,1,0,0,0,Incapacitating Injury,02:29:00,1,1,2017,Friday,Pedalcyclist,,,Non Intersection,30.2742316,"Dark, Lighted",-97.73073113,One Motor Vehicle - Other,,Attention Diverted From Driving,,Not Applicable,False,NONE,,City Street,"Straight, Hillcrest",Main/Proper Lane,On Roadway,,-1,E 14TH ST,805,Dry,Stop Sign,Clear,Not Worn
15653943,False,False,,Austin Police Department,False,,,170771056,False,No,0,0,0,1,0,Not Injured,13:57:00,0,1,2017,Saturday,Pedalcyclist,,,Non Intersection,,Daylight,,One Motor Vehicle - Going Straight,,One Vehicle Leaving Driveway,,In A Parking Lot,True,BICYCLE,,Non Trafficway,"Straight, Level",Service/Frontage Road,Not Applicable,,-1,RESEARCH SVRD NB BLVD,NO DATA,Dry,Signal Light,Clear,"Worn, Damaged"
15653973,False,False,,Austin Police Department,False,,,170771955,False,No,0,0,0,2,0,Not Injured,22:20:00,0,0,2017,Saturday,Pedalcyclist,,,Non Intersection,30.26840615,"Dark, Lighted",-97.72712736,One Motor Vehicle - Going Straight,,Attention Diverted From Driving,,Not Applicable,False,BICYCLE,,City Street,"Curve, Level",Main/Proper Lane,Shoulder,,35,E 11TH ST,1212,Dry,No Passing Zone,Clear,Not Worn
15659892,True,False,20895,Austin Police Department,True,20895,2014,170770151,False,No,0,0,0,9,0,Not Injured,01:00:00,0,0,2017,Saturday,Parked Car,State Loop,RED RIVER ST,Intersection,30.2618442,"Dark, Lighted",-97.73886871,One Motor Vehicle - Turning Right,4,Not Applicable,10,Not Applicable,False,NONE,80,US & State Highways,"Straight, Grade",Main/Proper Lane,On Roadway,"4 Or More Lanes, Undivided",-1,SL0343,598,Dry,Signal Light,Cloudy,Not Worn
15669231,False,False,,Austin Police Department,True,,,170781296,False,No,0,0,1,1,0,Non-Incapacitating Injury,19:15:00,1,0,2017,Saturday,Pedalcyclist,,,Driveway Access,30.25672478,Daylight,-97.74704246,One Motor Vehicle - Turning Right,,One Vehicle Entering Driveway,,Entrance To Or Exit From Private Property Or Driveway,False,NONE,,City Street,"Straight, Level",Main/Proper Lane,Shoulder,,-1,CONGRESS AVE S,500,Dry,Bike Lane,Clear,Unknown If Worn
15787040,True,False,,Austin Police Department,False,,,170781156,False,No,0,0,1,2,0,Non-Incapacitating Injury,16:09:00,1,0,2017,Sunday,Pedalcyclist,,,Driveway Access,30.19047362,Daylight,-97.7706779,One Motor Vehicle - Going Straight,,One Vehicle Leaving Driveway,,Entrance To Or Exit From Private Property Or Driveway,False,NONE,,City Street,"Straight, Level",Main/Proper Lane,On Roadway,,40,E WILLIAM CANNON DR,NO DATA,Dry,Marked Lanes,Clear,Unknown If Worn
15657890,False,False,,Austin Police Department,True,,,170801199,False,No,0,0,1,1,0,Non-Incapacitating Injury,17:12:00,1,0,2017,Tuesday,Pedalcyclist,,E RIVERSIDE DR,Intersection Related,30.24477478,Daylight,-97.73052247,One Motor Vehicle - Going Straight,,Not Applicable,,Not Applicable,False,BICYCLE SCRATCHES,,City Street,"Straight, Level",Main/Proper Lane,On Roadway,,30,S LAKESHORE BLVD,NO DATA,Dry,Signal Light,Clear,Not Worn
15657892,False,False,,Austin Police Department,True,,,170801207,False,No,0,0,1,0,0,Non-Incapacitating Injury,16:35:00,1,1,2017,Tuesday,Pedalcyclist,,PARKFIELD DR,Intersection Related,30.36221476,Daylight,-97.71009247,One Motor Vehicle - Turning Right,,Attention Diverted From Driving,,Not Applicable,False,NONE,,City Street,"Straight, Level",Main/Proper Lane,On Roadway,,35,PAYTON GIN RD,1298,Dry,Signal Light,Clear,Not Worn
15659946,True,False,,Austin Police Department,False,,,170811035,False,No,0,0,1,0,0,Non-Incapacitating Injury,14:56:00,1,1,2017,Wednesday,Pedalcyclist,,,Driveway Access,30.41128053,Daylight,-97.72112573,One Motor Vehicle - Turning Right,,One Vehicle Leaving Driveway,,Entrance To Or Exit From Private Property Or Driveway,False,NONE,,City Street,"Straight, Level",Main/Proper Lane,On Roadway,,-1,DUVAL RD,3684,Dry,Marked Lanes,Clear,"Worn, Unk Damage"
15684074,True,False,,Austin Police Department,False,,,170811255,False,No,0,0,1,1,0,Non-Incapacitating Injury,17:14:00,1,0,2017,Wednesday,Pedalcyclist,,,Non Intersection,30.27155478,Daylight,-97.75399246,One Motor Vehicle - Going Straight,,Not Applicable,,Not Applicable,False,NONE,,City Street,"Straight, Level",Main/Proper Lane,On Roadway,,30,6TH ST W,1000,Dry,Signal Light,Clear,"Worn, Not Damaged"
15669310,True,False,,Austin Police Department,True,,,170830455,False,No,0,0,1,1,0,Non-Incapacitating Injury,07:46:00,1,0,2017,Friday,Pedalcyclist,,LAKE AUSTIN BLVD,Intersection,30.27751478,Dawn,-97.77147246,One Motor Vehicle - Going Straight,,Not Applicable,,Not Applicable,False,BICYCLE,,City Street,"Curve, Grade",Main/Proper Lane,On Roadway,,35,UPSON ST,501,Wet,Stop Sign,Cloudy,Not Worn
15669355,True,False,,Austin Police Department,False,,,170831330,False,No,0,0,1,1,0,Non-Incapacitating Injury,17:15:00,1,0,2017,Friday,Pedalcyclist,,,Driveway Access,30.29539478,Daylight,-97.74279246,One Motor Vehicle - Turning Right,,One Vehicle Entering Driveway,,Entrance To Or Exit From Private Property Or Driveway,False,NONE,,City Street,"Straight, Level",Main/Proper Lane,Off Roadway,,-1,GUADALUPE ST,2900,Dry,Bike Lane,Clear,Not Worn
15669401,False,False,22613,Austin Police Department,False,22613,2014,170841225,False,No,0,0,0,1,1,Possible Injury,16:36:00,1,0,2017,Saturday,Pedalcyclist,State Loop,,Driveway Access,30.26253198,Daylight,-97.74132517,One Motor Vehicle - Turning Right,4,One Vehicle Entering Driveway,10,Entrance To Or Exit From Private Property Or Driveway,False,NONE,80,US & State Highways,Other (Explain In Narrative),Other (Explain In Narrative),Off Roadway,"4 Or More Lanes, Undivided",30,SL0343,371,Dry,None,Clear,Not Worn
15669405,False,False,,Austin Police Department,False,,,170841198,False,No,1,0,0,1,0,Killed,16:15:00,0,0,2017,Saturday,Pedalcyclist,,,Non Intersection,,Daylight,,One Motor Vehicle - Going Straight,,One Vehicle Leaving Driveway,,Private Drive Or Road,True,NONE,,Non Trafficway,"Straight, Level",Other (Explain In Narrative),Not Applicable,,5,E E RUNDBERG LN LN,NO DATA,Dry,None,Clear,Not Worn
15669455,False,False,,Austin Police Department,True,,,170850609,False,No,0,0,1,1,0,Non-Incapacitating Injury,10:00:00,1,0,2017,Sunday,Pedalcyclist,,SHOAL CREEK BLVD,Intersection,30.31745477,Daylight,-97.74609246,One Motor Vehicle - Going Straight,,Not Applicable,,Not Applicable,False,NONE,,City Street,"Straight, Level",Main/Proper Lane,On Roadway,,30,W 45TH ST,1898,Dry,Stop Sign,Clear,"Worn, Damaged"
15725973,True,False,,Austin Police Department,False,,,170871629,False,No,1,0,0,1,0,Killed,19:26:00,0,0,2017,Tuesday,Pedalcyclist,,,Non Intersection,30.24709396,Daylight,-97.75603073,One Motor Vehicle - Going Straight,,Attention Diverted From Driving,,Not Applicable,False,NONE,,City Street,"Straight, Level",Main/Proper Lane,On Roadway,,35,S 1ST ST,1840,Dry,None,Clear,Not Worn
15671245,False,False,,Austin Police Department,False,,,170880400,False,No,0,0,0,1,1,Possible Injury,08:01:00,1,0,2017,Wednesday,Pedalcyclist,,,Driveway Access,30.26857082,Daylight,-97.74097215,One Motor Vehicle - Turning Left,,One Vehicle Leaving Driveway,,Entrance To Or Exit From Private Property Or Driveway,False,NONE,,City Street,"Straight, Level",Main/Proper Lane,On Roadway,,35,E 7TH ST,214,Wet,Marked Lanes,Cloudy,Not Worn
15673610,False,False,68363,Austin Police Department,True,68363,2014,170890336,False,No,0,0,1,1,0,Non-Incapacitating Injury,07:13:00,1,0,2017,Thursday,Pedalcyclist,State Highway,IH0035,Intersection Related,30.2158232,Daylight,-97.73890356,One Motor Vehicle - Turning Right,8,Not Applicable,10,Not Applicable,False,NONE,350,US & State Highways,"Straight, Level",Main/Proper Lane,On Roadway,"4 Or More Lanes, Divided",35,SH0071,NO DATA,Dry,Stop Sign,Clear,Not Worn
15684136,False,False,,Austin Police Department,False,,,170901114,False,No,0,0,1,2,0,Non-Incapacitating Injury,15:03:00,1,0,2017,Friday,Pedalcyclist,,,Driveway Access,30.32541407,Daylight,-97.72666791,One Motor Vehicle - Going Straight,,One Vehicle Leaving Driveway,,Entrance To Or Exit From Private Property Or Driveway,False,NONE,,City Street,"Straight, Level",Main/Proper Lane,On Roadway,,-1,N LAMAR BLVD,NO DATA,Dry,None,Clear,Not Worn
15706668,False,False,,Austin Police Department,True,,,170900471,False,No,0,0,0,2,1,Possible Injury,08:52:00,1,0,2017,Friday,Pedalcyclist,,LONG BOW LN,Intersection,30.23718479,Daylight,-97.75491246,One Motor Vehicle - Turning Right,,Not Applicable,,Not Applicable,False,NONE,,City Street,"Straight, Level",Main/Proper Lane,On Roadway,,35,CONGRESS AVE S,2511,Dry,Bike Lane,Clear,"Worn, Not Damaged"
15684350,True,False,,Austin Police Department,True,,,170930558,False,No,0,0,0,1,1,Possible Injury,09:43:00,1,0,2017,Monday,Pedalcyclist,,LAVACA ST,Intersection,30.26686478,Daylight,-97.74590246,One Motor Vehicle - Turning Left,,Not Applicable,,Not Applicable,False,NONE,,City Street,"Straight, Level",Main/Proper Lane,On Roadway,,30,W 4TH ST,300,Dry,Signal Light,Clear,Not Worn
15686195,True,False,,Austin Police Department,True,,,1700930340,False,No,0,0,1,1,0,Non-Incapacitating Injury,07:21:00,1,0,2017,Monday,Pedalcyclist,,DUVAL ST,Intersection,30.29264477,Daylight,-97.73363246,One Motor Vehicle - Going Straight,,Not Applicable,,Not Applicable,False,NONE,,City Street,"Straight, Grade",Main/Proper Lane,On Roadway,,-1,E 31ST ST,498,Dry,Stop Sign,Clear,"Worn, Not Damaged"
15706677,False,False,,Austin Police Department,False,,,170931168,False,No,0,0,1,1,0,Non-Incapacitating Injury,15:35:00,1,0,2017,Monday,Pedalcyclist,State Loop,,Non Intersection,,Daylight,,One Motor Vehicle - Turning Right,,One Vehicle Leaving Driveway,,Entrance To Or Exit From Private Property Or Driveway,False,NONE,,Non Trafficway,"Straight, Level",Service/Frontage Road,Not Applicable,,50,SL0001,NO DATA,Dry,None,Clear,"Worn, Not Damaged"
15686298,False,False,,Austin Police Department,True,,,170951670,False,No,0,0,1,1,0,Non-Incapacitating Injury,20:39:00,1,0,2017,Wednesday,Pedalcyclist,,SPEEDWAY,Intersection,30.29536477,"Dark, Lighted",-97.73682246,One Motor Vehicle - Going Straight,,Not Applicable,,Not Applicable,False,NONE,,City Street,"Straight, Level",Main/Proper Lane,On Roadway,,-1,E 31ST ST,100,Dry,Stop Sign,Clear,Not Worn
15686303,False,False,,Austin Police Department,False,,,170951949,False,No,0,0,0,0,1,Possible Injury,23:26:00,1,1,2017,Wednesday,Pedalcyclist,,,Non Intersection,30.22766596,"Dark, Lighted",-97.72772421,One Motor Vehicle - Going Straight,,Not Applicable,,Not Applicable,False,NONE,,City Street,"Straight, Level",Main/Proper Lane,On Roadway,,-1,S PLEASANT VALLEY RD,NO DATA,Dry,Signal Light,Clear,"Worn, Unk Damage"
15688553,False,False,,Austin Police Department,True,,,170960563,False,No,0,0,0,1,0,Not Injured,09:50:00,0,1,2017,Thursday,Pedalcyclist,,W 45TH ST,Intersection,30.31084477,Daylight,-97.73298246,One Motor Vehicle - Turning Right,,Swerved Or Veered-Reason Not Specified,,Not Applicable,False,NONE,,City Street,"Straight, Level",Main/Proper Lane,On Roadway,,-1,GUADALUPE ST,4489,Dry,Center Stripe/Divider,Clear,"Worn, Damaged"
15688556,False,False,,Austin Police Department,False,,,170960910,False,No,0,0,1,1,0,Non-Incapacitating Injury,13:35:00,1,0,2017,Thursday,Pedalcyclist,,MANCHACA RD,Intersection,30.22825346,Daylight,-97.78939968,One Motor Vehicle - Turning Right,,Attention Diverted From Driving,,Not Applicable,False,NONE,,City Street,"Straight, Level",Main/Proper Lane,On Roadway,,30,REDD ST,1998,Dry,Marked Lanes,Clear,"Worn, Not Damaged"
15948351,False,False,,Austin Police Department,False,,,170961278,False,No,0,0,1,1,0,Non-Incapacitating Injury,17:13:00,1,0,2017,Thursday,Pedalcyclist,,,Non Intersection,30.25967858,Daylight,-97.69316856,One Motor Vehicle - Going Straight,,Not Applicable,,Not Applicable,False,NONE,,City Street,"Straight, Level",Main/Proper Lane,On Roadway,,35,BOLM RD,5109,Dry,Marked Lanes,Clear,"Worn, Not Damaged"
15693938,False,False,,Austin Police Department,True,,,170972037,False,No,0,0,1,1,0,Non-Incapacitating Injury,22:04:00,1,0,2017,Friday,Pedalcyclist,,CHESTNUT AVE,Intersection,30.28445477,"Dark, Lighted",-97.71818247,One Motor Vehicle - Turning Left,,Not Applicable,,Not Applicable,False,NONE,,City Street,"Straight, Grade",Main/Proper Lane,On Roadway,,-1,MANOR RD,NO DATA,Dry,Signal Light,Clear,"Worn, Not Damaged"
15693943,True,False,,Austin Police Department,False,,,170972219,False,No,0,0,1,1,1,Non-Incapacitating Injury,23:31:00,2,0,2017,Friday,Parked Car,,,Non Intersection,30.26761954,"Dark, Lighted",-97.74149676,One Motor Vehicle - Going Straight,,Not Applicable,,Not Applicable,False,NONE,,City Street,"Straight, Level",Main/Proper Lane,On Roadway,,30,BRAZOS ST,592,Dry,Signal Light,Clear,Not Worn
15694007,False,False,,Austin Police Department,False,,,170981000,False,No,0,0,1,1,0,Non-Incapacitating Injury,15:00:00,1,0,2017,Saturday,Pedalcyclist,,,Non Intersection,30.22418604,Daylight,-97.70395498,One Motor Vehicle - Going Straight,,Not Applicable,,Not Applicable,False,NONE,,City Street,"Straight, Level",Main/Proper Lane,On Roadway,,40,MONTOPOLIS DR,2065,Dry,None,Clear,Not Worn
15706723,False,False,197636,Austin Police Department,True,197636,2014,170980582,False,No,0,0,1,1,0,Non-Incapacitating Injury,10:30:00,1,0,2017,Saturday,Pedalcyclist,Interstate,E RIVERSIDE DR,Intersection Related,30.24819973,Daylight,-97.73538932,One Motor Vehicle - Turning Right,6,Attention Diverted From Driving,10,Not Applicable,False,NONE,300,Interstate,"Curve, Level",Service/Frontage Road,On Roadway,"4 Or More Lanes, Divided",45,IH0035,NO DATA,Dry,Signal Light With Red Light Running Camera,Clear,Not Worn
15696420,True,False,,Austin Police Department,True,,,171001245,False,No,0,0,1,1,0,Non-Incapacitating Injury,16:32:00,1,0,2017,Monday,Pedalcyclist,,PLEASANT VALLEY RD N,Intersection Related,30.26009478,Daylight,-97.70946247,One Motor Vehicle - Going Straight,,Attention Diverted From Driving,,Not Applicable,False,NONE,,City Street,"Straight, Level",Main/Proper Lane,On Roadway,,-1,E 7TH ST,2798,Dry,Marked Lanes,Clear,Not Worn
15706874,True,False,,Austin Police Department,True,,,171021720,False,No,0,0,1,0,0,Non-Incapacitating Injury,20:13:00,1,1,2017,Wednesday,Pedalcyclist,,,Non Intersection,,"Dark, Lighted",,One Motor Vehicle - Going Straight,,One Vehicle Leaving Driveway,,In A Parking Lot,True,NONE,,Non Trafficway,"Straight, Level",Main/Proper Lane,Not Applicable,,-1,E RIVERSIDE DR,NO DATA,Dry,Signal Light,Cloudy,Not Worn
15706914,False,False,,Austin Police Department,True,,,171030528,False,No,0,0,0,1,1,Possible Injury,09:17:00,1,0,2017,Thursday,Pedalcyclist,,W RIVERSIDE DR,Intersection Related,30.25715478,Daylight,-97.74688246,One Motor Vehicle - Going Straight,,Attention Diverted From Driving,,Not Applicable,False,NONE,,City Street,"Straight, Level",Main/Proper Lane,On Roadway,,35,CONGRESS AVE S,401,Dry,Signal Light With Red Light Running Camera,Clear,Not Worn
15711388,False,False,,Austin Police Department,False,,,171030496,False,No,0,0,0,2,1,Possible Injury,08:57:00,1,0,2017,Thursday,Pedalcyclist,,,Driveway Access,30.31350227,Daylight,-97.70439963,One Motor Vehicle - Turning Right,,One Vehicle Entering Driveway,,Entrance To Or Exit From Private Property Or Driveway,False,NONE,,City Street,"Straight, Level",Main/Proper Lane,On Roadway,,35,CAMERON RD,5572,Dry,Bike Lane,Cloudy,"Worn, Unk Damage"
15758434,False,False,,Austin Police Department,False,,,171031532,False,No,0,0,0,0,1,Possible Injury,18:13:00,1,1,2017,Thursday,Pedalcyclist,,,Driveway Access,30.4080846,Daylight,-97.69710696,One Motor Vehicle - Going Straight,,One Vehicle Leaving Driveway,,Entrance To Or Exit From Private Property Or Driveway,False,NONE,,City Street,"Straight, Grade",Main/Proper Lane,On Roadway,,-1,METRIC BLVD,NO DATA,Dry,Signal Light,Clear,Unknown If Worn
15707038,False,False,,Austin Police Department,True,,,171041480,False,No,0,1,0,2,0,Incapacitating Injury,17:53:00,1,0,2017,Friday,Pedalcyclist,,OAK SPRINGS DR,Intersection,30.27356478,Daylight,-97.69790247,One Motor Vehicle - Going Straight,,Not Applicable,,Not Applicable,False,NONE,,City Street,"Straight, Level",Main/Proper Lane,On Roadway,,55,AIRPORT BLVD,1149,Dry,Signal Light,Clear,Not Worn
15711468,False,False,,Austin Police Department,True,,,171080357,False,No,0,0,1,1,0,Non-Incapacitating Injury,07:57:00,1,0,2017,Tuesday,Pedalcyclist,,E 12TH ST,Intersection,30.27893477,Daylight,-97.68705248,One Motor Vehicle - Turning Right,,Not Applicable,,Not Applicable,False,NONE,,City Street,"Straight, Grade",Main/Proper Lane,On Roadway,,30,SPRINGDALE RD,1201,Dry,Signal Light,Cloudy,"Worn, Not Damaged"
15711512,False,False,,Austin Police Department,True,,,171081295,False,No,0,0,0,1,1,Possible Injury,17:31:00,1,0,2017,Tuesday,Pedalcyclist,,MARATHON BLVD,Intersection Related,30.31402477,Daylight,-97.73875246,One Motor Vehicle - Going Straight,,Not Applicable,,Not Applicable,False,NONE,,City Street,"Straight, Level",Main/Proper Lane,On Roadway,,35,W 45TH ST,NO DATA,Dry,Stop Sign,Clear,"Worn, Not Damaged"
15711543,True,False,33647,Austin Police Department,True,33647,2014,171081483,False,No,0,0,0,3,1,Possible Injury,19:14:00,1,0,2017,Tuesday,Pedalcyclist,State Loop,BARTON SPRINGS RD,Intersection,30.26085741,Daylight,-97.75852178,One Motor Vehicle - Turning Left,6,Not Applicable,0,Not Applicable,False,NONE,120,US & State Highways,"Straight, Level",Main/Proper Lane,On Roadway,"4 Or More Lanes, Divided",-1,SL0343,498,Dry,Signal Light,Clear,"Worn, Not Damaged"
15715040,False,False,34215,Austin Police Department,False,34215,2014,171101219,False,No,0,0,1,1,0,Non-Incapacitating Injury,15:26:00,1,0,2017,Thursday,Pedalcyclist,State Loop,,Driveway Access,30.24203696,Daylight,-97.78450687,One Motor Vehicle - Turning Left,4,One Vehicle Entering Driveway,0,Entrance To Or Exit From Private Property Or Driveway,False,NONE,100,US & State Highways,"Straight, Level",Main/Proper Lane,Off Roadway,"4 Or More Lanes, Undivided",35,SL0343,3037,Dry,Center Stripe/Divider,Clear,"Worn, Unk Damage"
15727897,False,False,,Austin Police Department,False,,,171160388,False,No,0,0,0,2,0,Not Injured,07:36:00,0,0,2017,Wednesday,Pedalcyclist,,,Driveway Access,30.30357172,Daylight,-97.76436707,One Motor Vehicle - Turning Left,,One Vehicle Leaving Driveway,,Entrance To Or Exit From Private Property Or Driveway,False,NONE,,City Street,"Straight, Level",Main/Proper Lane,On Roadway,,-1,EXPOSITION BLVD,2707,Dry,None,Clear,"Worn, Not Damaged"
15727903,True,False,,Austin Police Department,False,,,171161458,False,No,0,0,1,1,0,Non-Incapacitating Injury,17:20:00,1,0,2017,Wednesday,Pedalcyclist,,NOT REPORTED,Driveway Access,30.37705476,Daylight,-97.75755245,One Motor Vehicle - Turning Left,,One Vehicle Entering Driveway,,Entrance To Or Exit From Private Property Or Driveway,False,NONE,,City Street,"Straight, Level",Main/Proper Lane,On Roadway,,35,STECK AVE,4200,Dry,None,Clear,Not Worn
15727904,False,False,,Austin Police Department,False,,,171161493,False,No,0,0,1,1,0,Non-Incapacitating Injury,17:35:00,1,0,2017,Wednesday,Pedalcyclist,,,Driveway Access,30.3235726,Daylight,-97.72782322,One Motor Vehicle - Turning Right,,One Vehicle Leaving Driveway,,Entrance To Or Exit From Private Property Or Driveway,False,NONE,,City Street,"Straight, Level",Main/Proper Lane,Off Roadway,,40,N LAMAR BLVD,5531,Dry,None,Clear,"Worn, Not Damaged"
15727917,True,False,,Austin Police Department,False,,,171161176,False,No,0,0,0,1,1,Possible Injury,14:52:00,1,0,2017,Wednesday,Pedalcyclist,,,Non Intersection,,Daylight,,One Motor Vehicle - Going Straight,,One Vehicle Leaving Driveway,,In A Parking Lot,False,NONE,,Non Trafficway,"Straight, Level",Other (Explain In Narrative),Not Applicable,,10,S 1ST ST,NO DATA,Dry,None,Clear,Not Worn
15731348,False,False,,Austin Police Department,False,,,171181234,False,No,0,0,1,1,0,Non-Incapacitating Injury,15:24:00,1,0,2017,Friday,Pedalcyclist,,,Driveway Access,30.23388479,Daylight,-97.72299247,One Motor Vehicle - Turning Left,,One Vehicle Entering Driveway,,Entrance To Or Exit From Private Property Or Driveway,False,NONE,,City Street,"Straight, Grade",Main/Proper Lane,On Roadway,,45,S PLEASANT VALLEY RD,NO DATA,Dry,Marked Lanes,Cloudy,Not Worn
15731350,False,False,,Austin Police Department,False,,,171181282,False,No,0,0,0,1,1,Possible Injury,15:53:00,1,0,2017,Friday,Pedalcyclist,,,Non Intersection,,Daylight,,One Motor Vehicle - Going Straight,,Not Applicable,,Private Drive Or Road,True,NONE,,Non Trafficway,"Straight, Hillcrest",Main/Proper Lane,Not Applicable,,-1,SHADOWRIDGE RUN,NO DATA,Dry,None,Clear,"Worn, Unk Damage"
15731457,True,False,38439,Austin Police Department,True,38439,2014,171181543,False,No,0,0,1,1,0,Non-Incapacitating Injury,18:09:00,1,0,2017,Friday,Pedalcyclist,Farm To Market,SL0001,Intersection,30.43587169,Daylight,-97.73387432,One Motor Vehicle - Turning Left,6,Not Applicable,10,Not Applicable,False,NONE,200,Farm To Market,"Straight, Level",Main/Proper Lane,On Roadway,"4 Or More Lanes, Divided",60,FM0734,NO DATA,Dry,Marked Lanes,Clear,"Worn, Unk Damage"
15731531,False,False,,Austin Police Department,False,,,171190964,False,No,0,0,0,1,0,Not Injured,15:01:00,0,1,2017,Saturday,Pedalcyclist,,,Non Intersection,,Daylight,,One Motor Vehicle - Turning Right,,One Vehicle Leaving Driveway,,Private Drive Or Road,True,NONE,,Non Trafficway,Unknown,Other (Explain In Narrative),Not Applicable,,5,S MOPAC EXPY,NO DATA,Dry,None,Clear,"Worn, Not Damaged"
15731604,False,False,,Austin Police Department,True,,,170200753,False,No,0,0,1,1,0,Non-Incapacitating Injury,12:44:00,1,0,2017,Sunday,Pedalcyclist,,PARAMOUNT AVE,Intersection,30.24919478,Daylight,-97.77944245,One Motor Vehicle - Going Straight,,Not Applicable,,Not Applicable,False,NONE,,City Street,"Straight, Grade",Main/Proper Lane,On Roadway,,25,ARPDALE ST,2198,Dry,Stop Sign,Clear,Not Worn
15731605,False,False,,Austin Police Department,True,,,171200778,False,No,0,0,1,0,0,Non-Incapacitating Injury,13:00:00,1,1,2017,Sunday,Pedalcyclist,,MUELLER BLVD,Intersection Related,30.30577477,Daylight,-97.70289247,One Motor Vehicle - Turning Right,,Attention Diverted From Driving,,Not Applicable,False,NONE,,City Street,"Straight, Level",Main/Proper Lane,On Roadway,,35,E 51ST ST,1498,Dry,Marked Lanes,Clear,"Worn, Not Damaged"
15731612,True,False,,Austin Police Department,True,,,171201347,False,No,0,0,1,1,0,Non-Incapacitating Injury,19:30:00,1,0,2017,Sunday,Pedalcyclist,,WILLOWRUN DR,Intersection,30.22695479,Daylight,-97.75459246,One Motor Vehicle - Turning Left,,Not Applicable,,Not Applicable,False,NONE,,City Street,"Straight, Level",Main/Proper Lane,On Roadway,,35,WOODWARD ST,406,Dry,None,Clear,"Worn, Unk Damage"
15740313,False,False,160919,Austin Police Department,False,160919,2014,171220283,True,No,0,0,0,1,0,Not Injured,05:39:00,0,1,2017,Tuesday,Pedalcyclist,Interstate,,Non Intersection,30.19433177,"Dark, Not Lighted",-97.76741785,One Motor Vehicle - Going Straight,6,Construction - Within Posted Road Construction Zone (Not Related To Crash),10,Not Applicable,False,NONE,300,Interstate,"Straight, Grade",Service/Frontage Road,On Roadway,"4 Or More Lanes, Divided",-1,IH0035,NO DATA,Dry,Marked Lanes,Clear,Unknown If Worn