Crash ID,$1000 Damage to Any One Person's Property,Active School Zone Flag,Adjusted Average Daily Traffic Amount,Agency,At Intersection Flag,Average Daily Traffic Amount,Average Daily Traffic Year,Case ID,Construction Zone Flag,Construction Zone Workers Present Flag,Crash Death Count,Crash Incapacitating Injury Count,Crash Non-incapacitating Injury Count,Crash Not Injured Count,Crash Possible Injury Count,Crash Severity,Crash Time,Crash Total Injury Count,Crash Unknown Injury Count,Crash Year,Day of Week,First Harmful Event,Highway System,Intersecting Street Name,Intersection Related,Latitude,Light Condition,Longitude,Manner of Collision,Number of Lanes,Other Factor,Outside Shoulder Width on Divided Highway,Physical Feature 1,Private Drive Flag,Property Damages,Right of Way Usual Width,Road Class,Roadway Alignment,Roadway Part,Roadway Relation,Roadway Type,Speed Limit,Street Name,Street Number,Surface Condition,Traffic Control Type,Weather Condition,Person Helmet
15750500,True,False,,Austin Police Department,True,,,171220689,False,No,0,0,0,3,0,Not Injured,10:24:00,0,0,2017,Tuesday,Pedalcyclist,,WOODWARD ST,Intersection Related,30.22964479,Daylight,-97.76025246,One Motor Vehicle - Turning Right,,Not Applicable,,Not Applicable,False,NONE,,City Street,"Straight, Grade",Main/Proper Lane,On Roadway,,40,S CONGRESS AVE,3401,Dry,Signal Light,Clear,"Worn, Not Damaged"
15740059,True,False,37593,Austin Police Department,False,37593,2014,171240517,False,No,0,0,1,1,0,Non-Incapacitating Injury,08:33:00,1,0,2017,Thursday,Pedalcyclist,US Highway,,Driveway Access,30.32955919,Daylight,-97.67980809,One Motor Vehicle - Turning Left,5,One Vehicle Leaving Driveway,0,Entrance To Or Exit From Private Property Or Driveway,False,NONE,260,US & State Highways,"Straight, Level",Main/Proper Lane,On Roadway,"4 Or More Lanes, Divided",-1,US0183,2000,Dry,Marked Lanes,Clear,Unknown If Worn
15750514,False,False,,Austin Police Department,True,,,171240020,False,No,0,0,0,4,1,Possible Injury,00:10:00,1,0,2017,Thursday,Pedalcyclist,,W 29TH ST,Intersection,30.29539477,"Dark, Lighted",-97.74279246,One Motor Vehicle - Going Straight,,Not Applicable,,Not Applicable,False,NONE,,City Street,"Curve, Level",Main/Proper Lane,On Roadway,,30,GUADALUPE ST,2901,Dry,Signal Light,Clear,"Worn, Not Damaged"
15745416,False,False,,Austin Police Department,True,,,171251362,False,No,0,0,1,1,0,Non-Incapacitating Injury,16:47:00,1,0,2017,Friday,Pedalcyclist,,AIRPORT BLVD,Intersection,30.27684478,Daylight,-97.70032247,One Motor Vehicle - Turning Left,,Attention Diverted From Driving,,Not Applicable,False,NONE,,City Street,"Straight, Grade",Main/Proper Lane,On Roadway,,-1,E 12TH ST,3199,Dry,Signal Light,Clear,"Worn, Not Damaged"
15751012,False,False,,Austin Police Department,True,,,171291133,False,No,0,0,1,1,0,Non-Incapacitating Injury,15:27:00,1,0,2017,Tuesday,Pedalcyclist,,W 6TH ST,Intersection,30.26901478,Daylight,-97.74629246,One Motor Vehicle - Going Straight,,Attention Diverted From Driving,,Not Applicable,False,NONE,,City Street,"Straight, Grade",Main/Proper Lane,On Roadway,,35,GUADALUPE ST,599,Wet,Marked Lanes,Rain,"Worn, Not Damaged"
15758529,False,False,,Austin Police Department,False,,,171321674,False,No,0,0,1,1,0,Non-Incapacitating Injury,19:50:00,1,0,2017,Friday,Pedalcyclist,,,Non Intersection,,Daylight,,One Motor Vehicle - Going Straight,,Not Applicable,,In A Parking Lot,True,NONE,,Non Trafficway,"Straight, Level",Main/Proper Lane,Not Applicable,,-1,JUSTIN LN,NO DATA,Dry,None,Clear,Not Worn
15761441,False,False,34328,Austin Police Department,False,34328,2014,171320950,False,No,0,0,0,1,1,Possible Injury,13:12:00,1,0,2017,Friday,Pedalcyclist,Ranch To Mkt,,Non Intersection,30.40367527,Daylight,-97.85382508,One Motor Vehicle - Going Straight,4,Not Applicable,0,Not Applicable,False,NONE,80,Farm To Market,"Straight, Level",Main/Proper Lane,On Roadway,"4 Or More Lanes, Undivided",50,RM2222,11564,Dry,Marked Lanes,Clear,"Worn, Not Damaged"
15766823,False,False,,Austin Police Department,True,,,171321398,False,No,0,0,1,0,0,Non-Incapacitating Injury,15:30:00,1,1,2017,Friday,Pedalcyclist,,E 4TH ST,Intersection,30.26578478,Daylight,-97.74217246,One Motor Vehicle - Going Straight,,One Vehicle Leaving Driveway,,Entrance To Or Exit From Private Property Or Driveway,False,BICYCLE,,City Street,"Straight, Level",Main/Proper Lane,On Roadway,,35,BRAZOS ST,399,Dry,None,Clear,Not Worn
15787002,False,False,,Austin Police Department,False,,,171320830,False,No,0,0,1,1,0,Non-Incapacitating Injury,12:04:00,1,0,2017,Friday,Pedalcyclist,,,Driveway Access,30.33342436,Daylight,-97.71663962,One Motor Vehicle - Going Straight,,One Vehicle Leaving Driveway,,Entrance To Or Exit From Private Property Or Driveway,False,NONE,,City Street,"Straight, Level",Main/Proper Lane,On Roadway,,-1,AIRPORT BLVD,6778,Dry,Bike Lane,Clear,Not Worn
15761856,False,False,21351,Austin Police Department,True,21351,2014,171340642,False,No,0,0,1,1,0,Non-Incapacitating Injury,11:38:00,1,0,2017,Sunday,Pedalcyclist,State Loop,CONGRESS AVE,Intersection,30.26339563,Daylight,-97.74449683,One Motor Vehicle - Turning Left,4,Not Applicable,10,Not Applicable,False,NONE,80,US & State Highways,"Straight, Level",Main/Proper Lane,On Roadway,"4 Or More Lanes, Undivided",35,SL0343,100,Dry,Signal Light With Red Light Running Camera,Clear,"Worn, Not Damaged"
15795117,False,False,,Austin Police Department,False,,,171340369,False,No,0,0,0,2,0,Not Injured,05:36:00,0,0,2017,Sunday,Pedalcyclist,,,Driveway Access,30.27453395,"Dark, Lighted",-97.73512855,One Motor Vehicle - Backing,,One Vehicle Leaving Driveway,,Entrance To Or Exit From Private Property Or Driveway,False,NONE,,City Street,"Straight, Grade",Main/Proper Lane,On Roadway,,35,RED RIVER ST,1383,Dry,Marked Lanes,Clear,Not Worn
15762380,True,False,,Austin Police Department,True,,,171351421,False,No,0,0,1,0,0,Non-Incapacitating Injury,19:21:00,1,1,2017,Monday,Pedalcyclist,,UNKNOWN,Intersection Related,30.22104479,Daylight,-97.77290246,One Motor Vehicle - Turning Right,,Not Applicable,,Not Applicable,False,NONE,,City Street,"Straight, Level",Main/Proper Lane,On Roadway,,-1,S 1ST ST,4400,Dry,Crosswalk,Clear,Not Worn
15808304,False,False,,Austin Police Department,False,,,171391276,False,No,0,0,1,1,0,Non-Incapacitating Injury,16:20:00,1,0,2017,Friday,Pedalcyclist,,,Non Intersection,,Daylight,,One Motor Vehicle - Going Straight,,One Vehicle Leaving Driveway,,Private Drive Or Road,False,NONE,,Non Trafficway,"Straight, Level",Main/Proper Lane,Not Applicable,,45,POND SPRINGS RD,NO DATA,Dry,None,Clear,Not Worn
15770203,False,False,,Austin Police Department,False,,,171410797,False,No,0,0,0,1,1,Possible Injury,11:49:00,1,0,2017,Sunday,Pedalcyclist,,QUAIL FIELD DR,Intersection Related,30.36447418,Daylight,-97.70001612,One Motor Vehicle - Turning Left,,Not Applicable,,Not Applicable,False,NONE,,City Street,"Straight, Level",Main/Proper Lane,On Roadway,,35,W RUNDBERG LN,NO DATA,Dry,Marked Lanes,Cloudy,Not Worn
15770204,False,False,,Austin Police Department,True,,,171411048,False,No,0,0,1,3,0,Non-Incapacitating Injury,15:43:00,1,0,2017,Sunday,Pedalcyclist,,W OLTORF ST,Intersection Related,30.24017479,Daylight,-97.75574246,One Motor Vehicle - Going Straight,,Not Applicable,,Not Applicable,False,NONE,,City Street,"Straight, Level",Main/Proper Lane,On Roadway,,35,EUCLID AVE,2401,Dry,Stop Sign,Cloudy,Not Worn
15770204,False,False,,Austin Police Department,True,,,171411048,False,No,0,0,1,3,0,Non-Incapacitating Injury,15:43:00,1,0,2017,Sunday,Pedalcyclist,,W OLTORF ST,Intersection Related,30.24017479,Daylight,-97.75574246,One Motor Vehicle - Going Straight,,Not Applicable,,Not Applicable,False,NONE,,City Street,"Straight, Level",Main/Proper Lane,On Roadway,,35,EUCLID AVE,2401,Dry,Stop Sign,Cloudy,Not Worn
15802274,False,False,124466,Austin Police Department,True,124466,2014,171411547,False,No,0,0,1,1,0,Non-Incapacitating Injury,22:28:00,1,0,2017,Sunday,Pedalcyclist,Interstate,E RUNDBERG LN,Intersection Related,30.35806933,"Dark, Lighted",-97.68814856,One Motor Vehicle - Going Straight,6,Not Applicable,10,Not Applicable,False,BICYCLE,300,Interstate,"Straight, Level",Service/Frontage Road,On Roadway,"4 Or More Lanes, Divided",55,IH0035,NO DATA,Wet,Signal Light,Rain,Not Worn
15802276,False,False,113017,Austin Police Department,True,113017,2014,171421790,False,No,0,0,1,2,0,Non-Incapacitating Injury,23:42:00,1,0,2017,Monday,Pedalcyclist,US Highway,IH0035,Intersection Related,30.22162495,"Dark, Lighted",-97.76159608,One Motor Vehicle - Going Straight,6,Not Applicable,10,Not Applicable,False,NONE,380,US & State Highways,"Straight, Level",Service/Frontage Road,On Roadway,"4 Or More Lanes, Divided",55,US0290,NO DATA,Dry,Stop Sign,Clear,Not Worn
15774575,False,False,,Austin Police Department,True,,,171431409,False,No,0,0,1,1,0,Non-Incapacitating Injury,17:43:00,1,0,2017,Tuesday,Pedalcyclist,,WOODROW AVE,Intersection,30.35247476,Daylight,-97.72321246,One Motor Vehicle - Turning Left,,Attention Diverted From Driving,,Not Applicable,False,NONE,,City Street,"Straight, Level",Main/Proper Lane,On Roadway,,-1,W ANDERSON LN,1700,Wet,Signal Light,Rain,"Worn, Unk Damage"
15787143,False,False,,Austin Police Department,True,,,171441202,False,No,0,0,0,1,1,Possible Injury,16:33:00,1,0,2017,Wednesday,Pedalcyclist,,W 30TH ST,Intersection Related,30.29649477,Daylight,-97.74211246,One Motor Vehicle - Turning Right,,Attention Diverted From Driving,,Not Applicable,False,NONE,,City Street,"Straight, Level",Main/Proper Lane,On Roadway,,45,GUADALUPE ST,2933,Dry,Signal Light,Clear,"Worn, Not Damaged"
15787145,False,False,,Austin Police Department,True,,,171441385,False,No,0,1,0,1,0,Incapacitating Injury,18:18:00,1,0,2017,Wednesday,Pedalcyclist,,UNKNOWN,Intersection Related,30.22467135,Daylight,-97.72949277,One Motor Vehicle - Turning Right,,Not Applicable,,Not Applicable,False,NONE,,City Street,"Straight, Grade",Main/Proper Lane,On Roadway,,-1,S PLEASANT VALLEY RD,2800,Dry,Signal Light,Clear,"Worn, Unk Damage"
15787160,False,False,,Austin Police Department,False,,,171450689,False,No,0,0,1,2,0,Non-Incapacitating Injury,11:10:00,1,0,2017,Thursday,Pedalcyclist,,,Non Intersection,,Daylight,,One Motor Vehicle - Going Straight,,One Vehicle Leaving Driveway,,In A Parking Lot,False,NONE,,Non Trafficway,"Straight, Level",Main/Proper Lane,Not Applicable,,30,GUADALUPE ST,NO DATA,Dry,Crosswalk,Clear,Not Worn
15787743,True,False,,Austin Police Department,True,,,171501145,False,No,0,0,0,0,1,Possible Injury,15:15:00,1,1,2017,Tuesday,Pedalcyclist,,W CRESTLAND DR,Intersection Related,30.34235476,Daylight,-97.71595247,One Motor Vehicle - Going Straight,,Attention Diverted From Driving,,Not Applicable,False,NONE,,City Street,"Straight, Level",Main/Proper Lane,On Roadway,,-1,N LAMAR BLVD,7501,Dry,None,Clear,Not Worn
15787744,False,False,,Austin Police Department,False,,,171501202,False,No,0,0,1,2,0,Non-Incapacitating Injury,15:56:00,1,0,2017,Tuesday,Pedalcyclist,,,Non Intersection,30.30907799,Daylight,-97.71558273,One Motor Vehicle - Going Straight,,Not Applicable,,Not Applicable,False,NONE,,City Street,"Straight, Level",Main/Proper Lane,On Roadway,,45,AIRPORT BLVD,4883,Dry,Marked Lanes,Cloudy,Not Worn
15795124,False,False,,Austin Police Department,False,,,171501588,False,No,0,0,1,1,0,Non-Incapacitating Injury,19:43:00,1,0,2017,Tuesday,Pedalcyclist,,,Driveway Access,30.42271331,Daylight,-97.66744815,One Motor Vehicle - Going Straight,,One Vehicle Leaving Driveway,,Entrance To Or Exit From Private Property Or Driveway,False,NONE,,City Street,"Straight, Level",Main/Proper Lane,On Roadway,,50,W HOWARD LN,964,Dry,Marked Lanes,Clear,Not Worn
15791403,True,False,44866,Austin Police Department,True,44866,2014,171521271,False,No,0,0,1,1,0,Non-Incapacitating Injury,17:00:00,1,0,2017,Thursday,Pedalcyclist,State Loop,WAYMAKER WAY,Intersection,30.3276179,Daylight,-97.81115444,One Motor Vehicle - Turning Left,4,Not Applicable,10,Not Applicable,False,NONE,350,US & State Highways,"Straight, Level",Main/Proper Lane,On Roadway,"4 Or More Lanes, Divided",-1,SL0360,NO DATA,Dry,Marked Lanes,Clear,"Worn, Not Damaged"
15791408,True,False,,Austin Police Department,False,,,171530436,False,No,0,0,1,1,0,Non-Incapacitating Injury,08:01:00,1,0,2017,Friday,Pedalcyclist,,,Driveway Access,30.25644977,Daylight,-97.7471433,One Motor Vehicle - Turning Left,,One Vehicle Entering Driveway,,Entrance To Or Exit From Private Property Or Driveway,False,NONE,,City Street,"Straight, Level",Main/Proper Lane,On Roadway,,35,CONGRESS AVE S,512,Dry,Bike Lane,Clear,Not Worn
15795523,True,False,,Austin Police Department,True,,,171530184,False,No,0,1,0,1,0,Incapacitating Injury,02:38:00,1,0,2017,Friday,Pedalcyclist,,PARK PL,Intersection,30.29004477,"Dark, Lighted",-97.73449246,One Motor Vehicle - Turning Left,,Not Applicable,,Not Applicable,False,NONE,,City Street,"Curve, Level",Main/Proper Lane,On Roadway,,30,SAN JACINTO BLVD,2801,Dry,Center Stripe/Divider,Clear,Not Worn
15808513,False,False,,Austin Police Department,True,,,171600669,False,No,0,0,1,1,0,Non-Incapacitating Injury,10:24:00,1,0,2017,Friday,Pedalcyclist,,W ANDERSON LN,Intersection Related,30.35190476,Daylight,-97.72201246,One Motor Vehicle - Going Straight,,Not Applicable,,Not Applicable,False,NONE,,City Street,"Straight, Level",Main/Proper Lane,On Roadway,,-1,BURRELL DR,7901,Dry,Signal Light,Cloudy,Not Worn
15808516,False,False,,Austin Police Department,False,,,171601449,False,No,0,0,0,0,1,Possible Injury,16:10:00,1,1,2017,Friday,Pedalcyclist,,,Non Intersection,30.25784179,Daylight,-97.71477393,One Motor Vehicle - Going Straight,,Attention Diverted From Driving,,Not Applicable,False,NONE,,City Street,"Straight, Level",Main/Proper Lane,On Roadway,,35,E 5TH ST,2521,Dry,Bike Lane,Clear,Unknown If Worn
15808641,False,False,,Austin Police Department,True,,,171601229,False,No,0,0,0,0,1,Possible Injury,15:58:00,1,0,2017,Friday,Pedalcyclist,,S CONGRESS AVE,Intersection Related,30.1670448,Daylight,-97.78851246,One Motor Vehicle - Turning Right,,Not Applicable,,Not Applicable,False,NONE,,City Street,"Straight, Level",Main/Proper Lane,On Roadway,,45,W SLAUGHTER LN,NO DATA,Dry,Crosswalk,Cloudy,Not Worn
15826121,True,False,,Austin Police Department,False,,,171610442,False,No,0,3,0,1,1,Incapacitating Injury,06:45:00,4,0,2017,Saturday,Pedalcyclist,,,Non Intersection,30.23924664,Daylight,-97.71926976,One Motor Vehicle - Going Straight,,Attention Diverted From Driving,,Not Applicable,False,NONE,,City Street,"Straight, Level",Main/Proper Lane,On Roadway,,35,S PLEASANT VALLEY RD,1399,Dry,None,Clear,Unknown If Worn
15826121,True,False,,Austin Police Department,False,,,171610442,False,No,0,3,0,1,1,Incapacitating Injury,06:45:00,4,0,2017,Saturday,Pedalcyclist,,,Non Intersection,30.23924664,Daylight,-97.71926976,One Motor Vehicle - Going Straight,,Attention Diverted From Driving,,Not Applicable,False,NONE,,City Street,"Straight, Level",Main/Proper Lane,On Roadway,,35,S PLEASANT VALLEY RD,1399,Dry,None,Clear,Unknown If Worn
15826121,True,False,,Austin Police Department,False,,,171610442,False,No,0,3,0,1,1,Incapacitating Injury,06:45:00,4,0,2017,Saturday,Pedalcyclist,,,Non Intersection,30.23924664,Daylight,-97.71926976,One Motor Vehicle - Going Straight,,Attention Diverted From Driving,,Not Applicable,False,NONE,,City Street,"Straight, Level",Main/Proper Lane,On Roadway,,35,S PLEASANT VALLEY RD,1399,Dry,None,Clear,Unknown If Worn
15826121,True,False,,Austin Police Department,False,,,171610442,False,No,0,3,0,1,1,Incapacitating Injury,06:45:00,4,0,2017,Saturday,Pedalcyclist,,,Non Intersection,30.23924664,Daylight,-97.71926976,One Motor Vehicle - Going Straight,,Attention Diverted From Driving,,Not Applicable,False,NONE,,City Street,"Straight, Level",Main/Proper Lane,On Roadway,,35,S PLEASANT VALLEY RD,1399,Dry,None,Clear,Unknown If Worn
15827854,True,False,,Austin Police Department,False,,,171631263,False,No,0,1,0,2,0,Incapacitating Injury,16:45:00,1,0,2017,Monday,Pedalcyclist,,,Non Intersection,30.26258522,Daylight,-97.72225002,One Motor Vehicle - Going Straight,,Swerved Or Veered-Avoiding Vehicle Stopped Or Moving Slowly In Traffic Lane,,Not Applicable,False,NONE,,City Street,"Straight, Level",Main/Proper Lane,Off Roadway,,35,E 7TH ST,1883,Dry,Signal Light,Clear,Unknown If Worn
15812496,False,False,,Austin Police Department,True,,,171640710,False,No,0,0,0,1,1,Possible Injury,11:28:00,1,0,2017,Tuesday,Pedalcyclist,,UNKNOWN,Intersection Related,30.27377478,Daylight,-97.76337246,One Motor Vehicle - Turning Left,,Not Applicable,,Not Applicable,False,NONE,,City Street,"Straight, Level",Main/Proper Lane,On Roadway,,35,W 5TH ST,1600,Dry,Marked Lanes,Clear,Not Worn
15820582,False,False,,Austin Police Department,False,,,171651115,False,No,0,0,1,1,0,Non-Incapacitating Injury,15:28:00,1,0,2017,Wednesday,Pedalcyclist,,,Non Intersection,30.26956473,Daylight,-97.72442785,One Motor Vehicle - Going Straight,,Not Applicable,,Not Applicable,False,NONE,,City Street,"Straight, Level",Main/Proper Lane,On Roadway,,-1,ANGELINA ST,1159,Dry,None,Clear,Not Worn
15896055,False,False,,Austin Police Department,True,,,171651893,False,No,0,0,0,0,1,Possible Injury,22:34:00,1,1,2017,Wednesday,Pedalcyclist,,S LAMAR BLVD,Intersection,30.24823478,"Dark, Lighted",-97.77063246,One Motor Vehicle - Turning Right,,Not Applicable,,Not Applicable,False,NONE,,City Street,"Straight, Level",Main/Proper Lane,On Roadway,,35,KINNEY AVE,2399,Dry,Signal Light,Clear,Not Worn
15847006,True,False,,Austin Police Department,True,,,171660051,False,No,0,1,0,0,3,Incapacitating Injury,00:48:00,4,0,2017,Thursday,Motor Vehicle In Transport,,N LAMAR BLVD,Intersection,30.27155478,"Dark, Lighted",-97.75399246,Angle - Both Going Straight,,Attention Diverted From Driving,,Not Applicable,False,NONE,,City Street,"Straight, Grade",Main/Proper Lane,On Roadway,,-1,W 6TH ST,998,Dry,Signal Light,Clear,"Worn, Damaged"
15820621,False,False,,Austin Police Department,False,,,171671400,False,No,0,0,1,1,0,Non-Incapacitating Injury,17:24:00,1,0,2017,Friday,Pedalcyclist,,ROGGE LN,Intersection Related,30.30271193,Daylight,-97.67754779,One Motor Vehicle - Turning Right,,Not Applicable,,Not Applicable,False,NONE,,City Street,"Straight, Level",Main/Proper Lane,On Roadway,,25,REICHER DR,5702,Dry,Stop Sign,Clear,Not Worn
15820672,False,False,148494,Austin Police Department,False,148494,2014,171681689,False,No,0,0,0,1,1,Possible Injury,22:07:00,1,0,2017,Saturday,Pedalcyclist,Interstate,E 6TH ST,Intersection Related,30.2656795,"Dark, Lighted",-97.73467612,One Motor Vehicle - Turning Left,6,Not Applicable,5,Not Applicable,False,NONE,300,Interstate,"Straight, Level",Service/Frontage Road,On Roadway,"4 Or More Lanes, Divided",-1,IH0035,NO DATA,Dry,Crosswalk,Clear,Not Worn
15823135,True,False,,Austin Police Department,False,,,171700685,False,No,0,0,0,1,1,Possible Injury,11:19:00,1,0,2017,Monday,Pedalcyclist,,,Non Intersection,,Daylight,,One Motor Vehicle - Going Straight,,One Vehicle Leaving Driveway,,In A Parking Lot,False,NONE,,Non Trafficway,"Straight, Grade",Service/Frontage Road,Not Applicable,,40,E WM CANNON DR,NO DATA,Dry,Marked Lanes,Cloudy,Not Worn
15827861,False,False,106597,Austin Police Department,False,106597,2014,171700444,False,No,0,0,2,1,0,Non-Incapacitating Injury,08:42:00,2,0,2017,Monday,Pedalcyclist,State Loop,RM2244,Intersection Related,30.2685281,Daylight,-97.77741548,One Motor Vehicle - Turning Right,8,Attention Diverted From Driving,6,Not Applicable,False,NONE,200,US & State Highways,"Straight, Hillcrest",Service/Frontage Road,On Roadway,"4 Or More Lanes, Divided",45,SL0001,NO DATA,Dry,Bike Lane,Clear,"Worn, Not Damaged"
15827861,False,False,106597,Austin Police Department,False,106597,2014,171700444,False,No,0,0,2,1,0,Non-Incapacitating Injury,08:42:00,2,0,2017,Monday,Pedalcyclist,State Loop,RM2244,Intersection Related,30.2685281,Daylight,-97.77741548,One Motor Vehicle - Turning Right,8,Attention Diverted From Driving,6,Not Applicable,False,NONE,200,US & State Highways,"Straight, Hillcrest",Service/Frontage Road,On Roadway,"4 Or More Lanes, Divided",45,SL0001,NO DATA,Dry,Bike Lane,Clear,"Worn, Not Damaged"
15823139,True,False,29839,Austin Police Department,True,29839,2014,171710329,False,No,0,0,1,1,0,Non-Incapacitating Injury,07:53:00,1,0,2017,Tuesday,Pedalcyclist,State Loop,FM0734,Intersection Related,30.35764657,Daylight,-97.7000886,One Motor Vehicle - Turning Left,4,Not Applicable,0,Not Applicable,False,NONE,125,US & State Highways,"Straight, Level",Main/Proper Lane,On Roadway,"4 Or More Lanes, Undivided",45,SL0275,8900,Dry,Signal Light,Clear,Not Worn
15827869,True,False,,Austin Police Department,True,,,171711420,False,No,0,0,1,1,0,Non-Incapacitating Injury,19:05:00,1,0,2017,Tuesday,Pedalcyclist,,NUECES ST,Intersection,30.26684478,Daylight,-97.74946246,One Motor Vehicle - Going Straight,,Not Applicable,,Not Applicable,False,NONE,,City Street,"Straight, Level",Main/Proper Lane,On Roadway,,-1,W 3RD ST,798,Dry,Stop Sign,Clear,"Worn, Unk Damage"
15827961,False,False,,Austin Police Department,True,,,171731140,False,No,0,0,1,1,0,Non-Incapacitating Injury,15:53:00,1,0,2017,Thursday,Pedalcyclist,,CANTERBURY ST,Intersection Related,30.25151478,Daylight,-97.71339247,One Motor Vehicle - Going Straight,,Not Applicable,,Not Applicable,False,NONE,,City Street,"Straight, Level",Other (Explain In Narrative),On Roadway,,-1,PLEASANT VALLEY RD N,79,Dry,Marked Lanes,Clear,Not Worn
15889853,False,False,,Austin Police Department,True,,,171770335,False,No,0,0,0,1,1,Possible Injury,07:17:00,1,0,2017,Monday,Pedalcyclist,,CENTRE CREEK DR,Intersection Related,30.33692476,Daylight,-97.67600248,One Motor Vehicle - Other,,Attention Diverted From Driving,,Not Applicable,False,NONE,,City Street,"Straight, Grade",Main/Proper Lane,On Roadway,,40,CROSS PARK DR,NO DATA,Wet,Stop Sign,Rain,"Worn, Not Damaged"
15839701,False,False,,Austin Police Department,False,,,171791652,False,No,0,0,1,5,0,Non-Incapacitating Injury,19:50:00,1,0,2017,Wednesday,Pedalcyclist,,,Non Intersection,,Daylight,,One Motor Vehicle - Going Straight,,Attention Diverted From Driving,,In A Parking Lot,True,NONE,,Non Trafficway,"Straight, Level",Other (Explain In Narrative),Not Applicable,,-1,BAYTHORN DR,NO DATA,Dry,Crosswalk,Clear,Unknown If Worn
15851719,False,False,41709,Austin Police Department,False,41709,2014,171811294,False,No,0,0,1,1,0,Non-Incapacitating Injury,15:45:00,1,0,2017,Friday,Pedalcyclist,Ranch To Mkt,,Driveway Access,30.40236613,Daylight,-97.85471224,One Motor Vehicle - Turning Left,4,One Vehicle Entering Driveway,8,Entrance To Or Exit From Private Property Or Driveway,False,DAMAGED BICYCLE,120,Farm To Market,"Straight, Level",Main/Proper Lane,On Roadway,"4 Or More Lanes, Undivided",55,RM0620,NO DATA,Dry,Marked Lanes,Clear,Unknown If Worn
15843303,True,False,164391,Austin Police Department,True,164391,2014,171830304,False,No,0,0,1,1,0,Non-Incapacitating Injury,03:07:00,1,0,2017,Sunday,Pedalcyclist,Interstate,E 12TH ST,Intersection,30.27167173,"Dark, Lighted",-97.73245068,One Motor Vehicle - Going Straight,8,Attention Diverted From Driving,10,Not Applicable,False,NONE,300,Interstate,"Straight, Grade",Service/Frontage Road,On Roadway,"4 Or More Lanes, Divided",55,IH0035,NO DATA,Dry,Signal Light,Clear,Not Worn
15857029,False,False,,Austin Police Department,False,,,171840894,False,No,0,0,0,2,1,Possible Injury,15:04:00,1,0,2017,Monday,Pedalcyclist,,,Driveway Access,30.24520672,Daylight,-97.75130214,One Motor Vehicle - Turning Left,,One Vehicle Entering Driveway,,Entrance To Or Exit From Private Property Or Driveway,False,NONE,,City Street,"Straight, Level",Main/Proper Lane,On Roadway,,35,CONGRESS AVE S,1893,Dry,Bike Lane,Clear,"Worn, Not Damaged"
15857036,False,False,,Austin Police Department,True,,,171881324,False,No,0,0,0,0,0,Unknown,19:00:00,0,2,2017,Wednesday,Pedalcyclist,,BRYN MAWR DR,Intersection,30.31293477,Unknown,-97.67180248,One Motor Vehicle - Going Straight,,Not Applicable,,Not Applicable,False,POSSIBLE TO BIKE,,City Street,Unknown,Main/Proper Lane,On Roadway,,-1,LOYOLA LN,3000,Unknown,None,Unknown,Unknown If Worn
15852059,False,False,,Austin Police Department,False,,,171871263,False,No,0,0,1,4,0,Non-Incapacitating Injury,17:17:00,1,0,2017,Thursday,Pedalcyclist,,,Driveway Access,30.36202476,Daylight,-97.70968247,One Motor Vehicle - Backing,,One Vehicle Leaving Driveway,,Entrance To Or Exit From Private Property Or Driveway,False,NONE,,City Street,"Straight, Level",Main/Proper Lane,On Roadway,,-1,PARKFIELD DR,8900,Dry,Bike Lane,Clear,Not Worn
15866864,False,False,,Austin Police Department,True,,,171871221,False,No,0,0,1,1,0,Non-Incapacitating Injury,16:58:00,1,0,2017,Thursday,Pedalcyclist,,,Driveway Access,30.27342478,Daylight,-97.72193247,One Motor Vehicle - Turning Right,,One Vehicle Entering Driveway,,Entrance To Or Exit From Private Property Or Driveway,False,NONE,,City Street,"Straight, Level",Other (Explain In Narrative),Off Roadway,,5,E 12TH ST,1701,Dry,Other (Explain In Narrative),Clear,Not Worn
15852080,False,False,,Austin Police Department,False,,,171880750,False,No,0,0,0,1,1,Possible Injury,11:14:00,1,0,2017,Friday,Pedalcyclist,,,Non Intersection,,Daylight,,One Motor Vehicle - Going Straight,,One Vehicle Leaving Driveway,,Private Drive Or Road,False,NONE,,Non Trafficway,"Straight, Level",Main/Proper Lane,Not Applicable,,35,W HOWARD LN,NO DATA,Dry,None,Clear,Not Worn
15857184,True,False,130691,Austin Police Department,True,130691,2014,171891127,False,No,0,0,1,3,0,Non-Incapacitating Injury,16:30:00,1,0,2017,Saturday,Pedalcyclist,Interstate,MIDDLE LN,Intersection Related,30.35659386,Daylight,-97.68909455,One Motor Vehicle - Going Straight,6,Not Applicable,10,Not Applicable,False,NONE,300,Interstate,"Straight, Level",Main/Proper Lane,On Roadway,"4 Or More Lanes, Divided",25,IH0035,NO DATA,Dry,Stop Sign,Clear,Not Worn
15861367,False,False,,Austin Police Department,False,,,171931283,False,No,0,0,1,1,0,Non-Incapacitating Injury,18:03:00,1,0,2017,Wednesday,Pedalcyclist,,,Driveway Access,30.27156821,Daylight,-97.73696186,One Motor Vehicle - Turning Right,,One Vehicle Entering Driveway,,Entrance To Or Exit From Private Property Or Driveway,False,NONE,,City Street,"Straight, Grade",Main/Proper Lane,Off Roadway,,35,E 11TH ST,405,Dry,Bike Lane,Clear,"Worn, Not Damaged"