Crash ID,$1000 Damage to Any One Person's Property,Active School Zone Flag,Adjusted Average Daily Traffic Amount,Agency,At Intersection Flag,Average Daily Traffic Amount,Average Daily Traffic Year,Case ID,Construction Zone Flag,Construction Zone Workers Present Flag,Crash Death Count,Crash Incapacitating Injury Count,Crash Non-incapacitating Injury Count,Crash Not Injured Count,Crash Possible Injury Count,Crash Severity,Crash Time,Crash Total Injury Count,Crash Unknown Injury Count,Crash Year,Day of Week,First Harmful Event,Highway System,Intersecting Street Name,Intersection Related,Latitude,Light Condition,Longitude,Manner of Collision,Number of Lanes,Other Factor,Outside Shoulder Width on Divided Highway,Physical Feature 1,Private Drive Flag,Property Damages,Right of Way Usual Width,Road Class,Roadway Alignment,Roadway Part,Roadway Relation,Roadway Type,Speed Limit,Street Name,Street Number,Surface Condition,Traffic Control Type,Weather Condition,Person Helmet
15866527,False,False,162940,Austin Police Department,False,162940,2014,171950746,False,No,0,0,0,0,1,Possible Injury,09:40:00,1,1,2017,Friday,Pedalcyclist,Interstate,,Driveway Access,30.24204869,Daylight,-97.73627288,One Motor Vehicle - Turning Right,6,One Vehicle Leaving Driveway,10,Entrance To Or Exit From Private Property Or Driveway,False,NONE,300,Interstate,"Straight, Level",Service/Frontage Road,On Roadway,"4 Or More Lanes, Divided",-1,IH0035,NO DATA,Unknown,None,Clear,"Worn, Unk Damage"
15866709,True,False,,Austin Police Department,False,,,171960562,False,No,0,0,1,1,0,Non-Incapacitating Injury,09:55:00,1,0,2017,Saturday,Pedalcyclist,,,Non Intersection,30.23756273,Daylight,-97.72033475,One Motor Vehicle - Going Straight,,Not Applicable,,Not Applicable,False,NONE,,City Street,"Straight, Level",Main/Proper Lane,On Roadway,,40,S PLEASANT VALLEY RD,1568,Dry,None,Cloudy,Not Worn
15867064,False,False,,Austin Police Department,False,,,171961364,False,No,0,0,1,0,0,Non-Incapacitating Injury,18:00:00,1,1,2017,Saturday,Pedalcyclist,,,Non Intersection,30.23438698,Daylight,-97.7225175,One Motor Vehicle - Going Straight,,Attention Diverted From Driving,,Not Applicable,False,NONE,,City Street,"Straight, Level",Other (Explain In Narrative),On Roadway,,35,S PLEASANT VALLEY RD,NO DATA,Wet,None,Clear,Not Worn
15874475,False,False,,Austin Police Department,False,,,172010606,False,No,0,0,1,1,0,Non-Incapacitating Injury,10:02:00,1,0,2017,Thursday,Pedalcyclist,,,Non Intersection,30.27486246,Daylight,-97.74646539,One Motor Vehicle - Turning Left,,Attention Diverted From Driving,,Alley,False,NONE,,Other Roads,"Straight, Level",Main/Proper Lane,On Roadway,,30,NUECES ST,1153,Dry,Center Stripe/Divider,Clear,"Worn, Not Damaged"
15878247,False,False,,Austin Police Department,False,,,172041475,False,No,0,0,1,1,0,Non-Incapacitating Injury,21:08:00,1,0,2017,Sunday,Pedalcyclist,,,Non Intersection,,"Dark, Lighted",,One Motor Vehicle - Going Straight,,Attention Diverted From Driving,,In A Parking Lot,True,NONE,,Non Trafficway,"Straight, Grade",Main/Proper Lane,Not Applicable,,35,S LAMAR BLVD,NO DATA,Dry,None,Clear,Not Worn
15890042,False,False,,Austin Police Department,False,,,172050586,False,No,0,0,1,0,0,Non-Incapacitating Injury,07:00:00,1,1,2017,Sunday,Pedalcyclist,,,Non Intersection,30.25454163,Daylight,-97.74784113,One Motor Vehicle - Going Straight,,Swerved Or Veered-Reason Not Specified,,Not Applicable,False,NONE,,City Street,"Straight, Level",Main/Proper Lane,Off Roadway,,35,CONGRESS AVE S,804,Dry,None,Clear,"Worn, Damaged"
15892188,False,False,124466,Austin Police Department,False,124466,2014,172070320,False,No,0,0,0,0,1,Possible Injury,07:00:00,1,1,2017,Wednesday,Pedalcyclist,Interstate,,Non Intersection,30.36126536,Daylight,-97.68613263,One Motor Vehicle - Going Straight,6,Attention Diverted From Driving,10,Not Applicable,False,NONE,300,Interstate,"Straight, Level",Service/Frontage Road,Off Roadway,"4 Or More Lanes, Divided",50,IH0035,NO DATA,Dry,Marked Lanes,Clear,Unknown If Worn
15890352,True,False,,Austin Police Department,False,,,172090061,False,No,0,0,1,1,0,Non-Incapacitating Injury,00:50:00,1,0,2017,Friday,Pedalcyclist,,,Non Intersection,30.25673478,"Dark, Lighted",-97.75102246,One Motor Vehicle - Going Straight,,Not Applicable,,Not Applicable,False,NONE,,City Street,"Straight, Level",Main/Proper Lane,On Roadway,,-1,S 1ST ST,614,Dry,None,Clear,"Worn, Damaged"
15897786,True,False,,Austin Police Department,True,,,172131193,False,No,0,0,1,1,0,Non-Incapacitating Injury,17:10:00,1,0,2017,Tuesday,Pedalcyclist,,UNKNOWN,Intersection,30.2978966,Daylight,-97.70889191,One Motor Vehicle - Turning Right,,Not Applicable,,Not Applicable,False,MAGNA ELECTROSHOCK BICYCLE,,City Street,"Straight, Level",Main/Proper Lane,On Roadway,,40,UNKNOWN,NO DATA,Dry,Marked Lanes,Clear,Not Worn
15906059,False,False,,Austin Police Department,False,,,172141368,False,No,0,1,0,1,0,Incapacitating Injury,18:18:00,1,0,2017,Wednesday,Pedalcyclist,,,Driveway Access,30.18000264,Daylight,-97.77805612,One Motor Vehicle - Going Straight,,One Vehicle Leaving Driveway,,Entrance To Or Exit From Private Property Or Driveway,False,NONE,,City Street,"Straight, Hillcrest",Service/Frontage Road,On Roadway,,45,S I 35,7700,Dry,Center Stripe/Divider,Clear,Not Worn
15909240,False,False,,"Department Of Public Safety, State Of Texas",True,,,,False,No,0,0,1,1,0,Non-Incapacitating Injury,14:40:00,1,0,2017,Saturday,Pedalcyclist,,COLORADO ST,Intersection,30.27910478,Daylight,-97.74014246,One Motor Vehicle - Going Straight,,Not Applicable,,Not Applicable,False,NONE,,City Street,"Straight, Level",Main/Proper Lane,On Roadway,,-1,W 17TH ST,200,Dry,Crosswalk,Clear,Not Worn
15908213,True,False,,Austin Police Department,True,,,172200641,False,No,0,1,0,1,0,Incapacitating Injury,10:34:00,1,0,2017,Tuesday,Pedalcyclist,,S LAKESHORE BLVD,Intersection Related,30.24477478,Daylight,-97.73052247,One Motor Vehicle - Going Straight,,Attention Diverted From Driving,,Not Applicable,False,NONE,,City Street,"Straight, Level",Main/Proper Lane,On Roadway,,45,E RIVERSIDE DR,NO DATA,Dry,Signal Light With Red Light Running Camera,Clear,Not Worn
15908295,True,False,,Austin Police Department,False,,,172210872,False,No,0,0,1,2,0,Non-Incapacitating Injury,13:10:00,1,0,2017,Wednesday,Pedalcyclist,,,Non Intersection,30.28224478,Daylight,-97.74492246,One Motor Vehicle - Going Straight,,Not Applicable,,Not Applicable,False,NONE,,City Street,"Curve, Level",Main/Proper Lane,On Roadway,,-1,RIO GRANDE ST,1808,Dry,None,Clear,Unknown If Worn
15978679,True,False,,Austin Police Department,False,,,172211332,False,No,0,0,1,1,0,Non-Incapacitating Injury,18:06:00,1,0,2017,Wednesday,Pedalcyclist,,UNKNOWN,Intersection,30.26604389,Daylight,-97.76878194,One Motor Vehicle - Turning Left,,Not Applicable,,Not Applicable,False,BICYCLE,,City Street,"Straight, Level",Main/Proper Lane,On Roadway,,5,BARTON SPRINGS RD,NO DATA,Dry,Bike Lane,Clear,"Worn, Damaged"
15908345,False,False,,Austin Police Department,False,,,172220479,False,No,0,0,1,1,0,Non-Incapacitating Injury,08:57:00,1,0,2017,Thursday,Pedalcyclist,,,Driveway Access,30.302625,Daylight,-97.73822965,One Motor Vehicle - Turning Right,,One Vehicle Entering Driveway,,Entrance To Or Exit From Private Property Or Driveway,False,NONE,,City Street,"Straight, Level",Main/Proper Lane,On Roadway,,35,GUADALUPE ST,3774,Dry,None,Cloudy,Not Worn
15914295,False,False,,Austin Police Department,False,,,172230456,False,No,0,0,1,1,0,Non-Incapacitating Injury,08:13:00,1,0,2017,Friday,Pedalcyclist,,,Non Intersection,30.29383431,Daylight,-97.73528702,One Motor Vehicle - Turning Left,,One Vehicle Forward From Parking,,Not Applicable,False,NONE,,City Street,"Straight, Level",Main/Proper Lane,On Roadway,,30,SPEEDWAY,3091,Dry,Center Stripe/Divider,Clear,"Worn, Not Damaged"
15917080,False,False,25507,Austin Police Department,True,25507,2014,172230696,False,No,0,0,1,1,0,Non-Incapacitating Injury,10:49:00,1,0,2017,Friday,Pedalcyclist,Farm To Market,RAVENSCROFT DR,Intersection,30.15711407,Daylight,-97.83337637,One Motor Vehicle - Turning Right,2,Not Applicable,1,Not Applicable,False,NONE,100,Farm To Market,"Straight, Level",Main/Proper Lane,On Roadway,"2 Lane, 2 Way",55,FM2304,11215,Dry,Signal Light,Clear,Not Worn
15917083,False,False,,Austin Police Department,True,,,172231250,False,No,0,0,0,0,1,Possible Injury,16:35:00,1,1,2017,Friday,Pedalcyclist,,W 3RD ST,Intersection,30.26593478,Daylight,-97.74624246,One Motor Vehicle - Turning Right,,Not Applicable,,Not Applicable,False,NONE,,City Street,"Straight, Level",Main/Proper Lane,On Roadway,,30,LAVACA ST,299,Dry,Signal Light,Clear,Not Worn
15917192,False,False,27085,Austin Police Department,False,27085,2014,172261120,False,No,0,0,1,1,0,Non-Incapacitating Injury,16:37:00,1,0,2017,Monday,Pedalcyclist,Farm To Market,,Driveway Access,30.18766033,Daylight,-97.81522601,One Motor Vehicle - Going Straight,4,One Vehicle Leaving Driveway,10,Entrance To Or Exit From Private Property Or Driveway,False,NONE,100,Farm To Market,"Straight, Level",Other (Explain In Narrative),On Roadway,"4 Or More Lanes, Undivided",35,FM2304,8436,Dry,None,Clear,Not Worn
15925318,False,False,,Austin Police Department,False,,,172261398,False,No,0,0,1,1,0,Non-Incapacitating Injury,20:05:00,1,0,2017,Monday,Pedalcyclist,,,Non Intersection,30.36265448,Daylight,-97.66859505,One Motor Vehicle - Going Straight,,Not Applicable,,Not Applicable,False,NONE,,City Street,"Curve, Grade",Main/Proper Lane,On Roadway,,55,DESSAU RD,NO DATA,Dry,None,Clear,"Worn, Unk Damage"
15925381,False,False,34215,Austin Police Department,True,34215,2014,172301521,False,No,0,0,1,1,0,Non-Incapacitating Injury,19:40:00,1,0,2017,Friday,Pedalcyclist,State Loop,,Driveway Access,30.2472942,Daylight,-97.77523494,One Motor Vehicle - Turning Right,4,One Vehicle Entering Driveway,0,Entrance To Or Exit From Private Property Or Driveway,False,NONE,80,US & State Highways,"Straight, Hillcrest",Main/Proper Lane,Shoulder,"4 Or More Lanes, Undivided",35,SL0343,2299,Dry,Bike Lane,Clear,"Worn, Unk Damage"
15925390,False,False,,Austin Police Department,True,,,172301312,False,No,0,0,1,1,0,Non-Incapacitating Injury,17:22:00,1,0,2017,Friday,Pedalcyclist,,W 23RD ST,Intersection,30.28664478,Daylight,-97.74477246,One Motor Vehicle - Turning Left,,Not Applicable,,Not Applicable,False,NONE,,City Street,"Straight, Level",Main/Proper Lane,On Roadway,,-1,RIO GRANDE ST,2299,Dry,Bike Lane,Clear,"Worn, Not Damaged"
15929475,True,False,,Austin Police Department,False,,,172301204,False,No,0,0,1,1,0,Non-Incapacitating Injury,16:00:00,1,0,2017,Friday,Pedalcyclist,,,Non Intersection,30.27701,Daylight,-97.74333809,One Motor Vehicle - Going Straight,,Not Applicable,,Alley,False,NONE,,City Street,"Straight, Grade",Main/Proper Lane,On Roadway,,-1,GUADALUPE ST,1408,Dry,Marked Lanes,Clear,Not Worn
15925457,False,False,,Austin Police Department,False,,,172310977,False,No,0,0,1,1,0,Non-Incapacitating Injury,16:09:00,1,0,2017,Saturday,Pedalcyclist,,,Non Intersection,30.26991478,Daylight,-97.74210246,One Motor Vehicle - Going Straight,,Not Applicable,,Not Applicable,False,NONE,,City Street,"Straight, Grade",Main/Proper Lane,On Roadway,,30,E 8TH ST,100,Dry,Marked Lanes,Clear,Not Worn
15925505,False,False,,Austin Police Department,True,,,172321148,False,No,0,0,0,2,1,Possible Injury,17:49:00,1,0,2017,Sunday,Pedalcyclist,,E 6TH ST,Intersection Related,30.26587478,Daylight,-97.73502247,One Motor Vehicle - Turning Left,,Not Applicable,,Not Applicable,False,NONE,,City Street,"Straight, Grade",Service/Frontage Road,On Roadway,,35,N INTERSTATE 35,NO DATA,Dry,Signal Light,Clear,"Worn, Not Damaged"
15925532,True,False,,Austin Police Department,False,,,172330932,False,No,0,0,0,1,1,Possible Injury,14:06:00,1,0,2017,Monday,Pedalcyclist,,,Driveway Access,30.2190533,Daylight,-97.76634037,One Motor Vehicle - Turning Right,,One Vehicle Leaving Driveway,,Entrance To Or Exit From Private Property Or Driveway,False,SHIMANO SCHWANN BICYCLE,,City Street,"Straight, Level",Main/Proper Lane,On Roadway,,35,S CONGRESS AVE,4300,Dry,Marked Lanes,Clear,Not Worn
15929491,False,False,33647,Austin Police Department,True,33647,2014,172331285,False,No,0,0,1,1,0,Non-Incapacitating Injury,18:14:00,1,0,2017,Monday,Pedalcyclist,State Loop,IH0035,Intersection Related,30.25603639,Daylight,-97.76151136,One Motor Vehicle - Turning Left,4,Attention Diverted From Driving,0,Not Applicable,False,NONE,80,US & State Highways,"Straight, Level",Main/Proper Lane,On Roadway,"4 Or More Lanes, Undivided",35,SL0343,1000,Dry,Signal Light,Clear,Not Worn
15942370,False,False,,Austin Police Department,False,,,172330316,False,No,0,0,1,1,0,Non-Incapacitating Injury,07:08:00,1,0,2017,Monday,Pedalcyclist,,,Driveway Access,30.40406182,Dawn,-97.71386982,One Motor Vehicle - Going Straight,,One Vehicle Leaving Driveway,,Entrance To Or Exit From Private Property Or Driveway,False,"FRONT WHEEL BENT - 24"" FELT BICYCLE",,City Street,"Straight, Level",Main/Proper Lane,On Roadway,,30,HOBBY HORSE CT,11909,Dry,Marked Lanes,Clear,"Worn, Not Damaged"
15929681,False,False,,Austin Police Department,True,,,172350343,False,No,0,0,1,1,0,Non-Incapacitating Injury,07:16:00,1,0,2017,Wednesday,Pedalcyclist,,UNKNOWN,Intersection,30.30706606,Daylight,-97.7474973,One Motor Vehicle - Turning Left,,Not Applicable,,Not Applicable,False,NONE,,City Street,"Straight, Grade",Main/Proper Lane,On Roadway,,35,W 38TH ST,1400,Dry,Signal Light,Clear,Not Worn
15940540,False,False,,Austin Police Department,True,,,172411243,False,No,0,0,1,1,0,Non-Incapacitating Injury,17:42:00,1,0,2017,Tuesday,Pedalcyclist,,UNKNOWN,Intersection Related,30.27978478,Daylight,-97.72121247,One Motor Vehicle - Turning Right,,Not Applicable,,Not Applicable,False,NONE,,City Street,"Straight, Level",Main/Proper Lane,On Roadway,,30,E MARTIN LUTHER KING JR BLVD,1900,Dry,Signal Light,Clear,Unknown If Worn
15940542,False,False,,Austin Police Department,False,,,172411334,False,No,0,0,0,1,1,Possible Injury,18:36:00,1,0,2017,Tuesday,Pedalcyclist,,,Driveway Access,30.32065566,Daylight,-97.73923973,One Motor Vehicle - Going Straight,,One Vehicle Leaving Driveway,,Entrance To Or Exit From Private Property Or Driveway,False,NONE,,City Street,"Straight, Level",Main/Proper Lane,Shoulder,,40,BURNET RD,4943,Dry,Center Stripe/Divider,Clear,"Worn, Unk Damage"
15940545,False,False,,Austin Police Department,True,,,172411448,False,No,0,0,0,1,1,Possible Injury,19:59:00,1,0,2017,Tuesday,Pedalcyclist,,LADERA NORTE,Intersection,30.36295476,"Dark, Lighted",-97.78251245,One Motor Vehicle - Turning Left,,Not Applicable,,Not Applicable,False,NONE,,City Street,"Curve, Grade",Main/Proper Lane,On Roadway,,30,BACKTRAIL DR,5398,Dry,Stop Sign,Clear,"Worn, Not Damaged"
15942444,True,False,,Austin Police Department,True,,,172431486,False,No,0,0,1,1,0,Non-Incapacitating Injury,18:55:00,1,0,2017,Thursday,Pedalcyclist,,UNKNOWN,Intersection,30.25939478,Daylight,-97.72822247,One Motor Vehicle - Turning Left,,Not Applicable,,Not Applicable,False,BICYCLE DAMAGED,,City Street,"Straight, Level",Main/Proper Lane,On Roadway,,-1,COMAL ST,200,Dry,Stop Sign,Clear,Not Worn
15972270,True,False,,Austin Police Department,True,,,172431515,False,No,0,0,1,0,0,Non-Incapacitating Injury,19:11:00,1,1,2017,Thursday,Pedalcyclist,,E 4TH ST,Intersection,30.26257478,Daylight,-97.73133247,One Motor Vehicle - Going Straight,,Attention Diverted From Driving,,Not Applicable,False,NONE,,City Street,"Straight, Level",Main/Proper Lane,On Roadway,,-1,WALLER ST,401,Dry,Stop Sign,Clear,Not Worn
16057733,False,False,33647,Austin Police Department,True,33647,2014,172431958,False,No,0,0,1,1,0,Non-Incapacitating Injury,22:43:00,1,0,2017,Thursday,Pedalcyclist,State Loop,W RIVERSIDE DR,Intersection Related,30.26449154,"Dark, Lighted",-97.75711525,One Motor Vehicle - Turning Right,6,Not Applicable,0,Not Applicable,False,NONE,120,US & State Highways,"Straight, Level",Main/Proper Lane,On Roadway,"4 Or More Lanes, Divided",35,SL0343,NO DATA,Dry,Signal Light,Clear,Unknown If Worn
15945888,False,False,,Austin Police Department,True,,,172440952,False,No,0,0,1,1,0,Non-Incapacitating Injury,12:59:00,1,0,2017,Friday,Pedalcyclist,,POQUITO ST,Intersection Related,30.26984478,Daylight,-97.71802247,One Motor Vehicle - Turning Right,,Not Applicable,,Not Applicable,False,NONE,,City Street,"Straight, Grade",Main/Proper Lane,On Roadway,,30,ROSEWOOD AVE,2003,Dry,None,Clear,Not Worn
15945985,True,False,,Austin Police Department,False,,,17-2441875,False,No,0,0,0,2,1,Possible Injury,22:00:00,1,0,2017,Friday,Pedalcyclist,,,Driveway Access,30.26101156,"Dark, Lighted",-97.71366217,One Motor Vehicle - Turning Right,,One Vehicle Entering Driveway,,Entrance To Or Exit From Private Property Or Driveway,False,NONE,,City Street,"Straight, Level",Other (Explain In Narrative),Off Roadway,,-1,PEDERNALES ST,669,Dry,Marked Lanes,Clear,"Worn, Not Damaged"
15972278,True,False,,Austin Police Department,True,,,172442098,False,No,0,1,0,3,0,Incapacitating Injury,23:53:00,1,0,2017,Friday,Pedalcyclist,,CONGRESS AVE S,Intersection,30.25715478,"Dark, Lighted",-97.74688246,One Motor Vehicle - Going Straight,,Not Applicable,,Not Applicable,False,NONE,,City Street,"Straight, Level",Main/Proper Lane,On Roadway,,45,W RIVERSIDE DR,100,Dry,Center Stripe/Divider,Clear,Not Worn
15948412,False,False,,Austin Police Department,False,,,172451783,False,No,0,0,1,3,0,Non-Incapacitating Injury,23:00:00,1,0,2017,Saturday,Pedalcyclist,,,Non Intersection,30.26915485,"Dark, Lighted",-97.73619299,One Motor Vehicle - Going Straight,,Vehicle Passing Or Attempting To Pass On Right,,Not Applicable,False,NONE,,City Street,"Straight, Level",Main/Proper Lane,On Roadway,,30,RED RIVER ST,876,Dry,None,Clear,"Worn, Unk Damage"
16022100,False,False,,Austin Police Department,False,,,172461208,False,No,0,0,1,0,0,Non-Incapacitating Injury,17:57:00,1,1,2017,Sunday,Pedalcyclist,,,Driveway Access,30.19700504,Daylight,-97.78776916,One Motor Vehicle - Turning Right,,One Vehicle Entering Driveway,,Entrance To Or Exit From Private Property Or Driveway,False,NONE,,City Street,"Straight, Level",Main/Proper Lane,On Roadway,,40,W WILLIAM CANNON DR,NO DATA,Dry,Marked Lanes,Clear,Not Worn
15948415,False,False,,Austin Police Department,False,,,172470728,False,No,0,0,1,1,0,Non-Incapacitating Injury,11:00:00,1,0,2017,Monday,Pedalcyclist,,,Non Intersection,30.30137419,Daylight,-97.73902785,One Motor Vehicle - Going Straight,,Not Applicable,,Not Applicable,False,BICYCLE,,City Street,"Straight, Level",Main/Proper Lane,On Roadway,,35,GUADALUPE ST,3505,Dry,None,Clear,Not Worn
15950309,False,False,,Austin Police Department,True,,,172491397,False,No,0,0,1,1,0,Non-Incapacitating Injury,18:31:00,1,0,2017,Wednesday,Pedalcyclist,,CROMWELL CIR,Intersection,30.22714479,Daylight,-97.72181247,One Motor Vehicle - Turning Left,,Not Applicable,,Not Applicable,False,NONE,,City Street,"Straight, Level",Main/Proper Lane,On Roadway,,-1,WICKERSHAM LN,2331,Dry,Marked Lanes,Clear,Not Worn
15950353,False,False,,Austin Police Department,False,,,172491401,False,No,0,0,1,1,0,Non-Incapacitating Injury,18:32:00,1,0,2017,Wednesday,Pedalcyclist,,,Non Intersection,30.36536898,Daylight,-97.71841074,One Motor Vehicle - Going Straight,,Not Applicable,,Not Applicable,False,NONE,,City Street,"Straight, Level",Service/Frontage Road,On Roadway,,-1,RESEARCH BLVD,NO DATA,Dry,Marked Lanes,Clear,Not Worn
15952092,True,False,,Austin Police Department,True,,,172491637,False,No,0,0,1,0,0,Non-Incapacitating Injury,20:52:00,1,0,2017,Wednesday,Pedalcyclist,,PEDERNALES ST,Intersection,30.25524478,"Dark, Lighted",-97.71632247,One Motor Vehicle - Going Straight,,Not Applicable,,Not Applicable,False,STOP SIGN,,City Street,"Straight, Level",Main/Proper Lane,On Roadway,,-1,E 2ND ST,2498,Dry,Marked Lanes,Clear,Not Worn
15958583,False,False,,Austin Police Department,True,,,172541145,False,No,0,0,1,2,0,Non-Incapacitating Injury,16:38:00,1,0,2017,Monday,Pedalcyclist,,PLYMOUTH DR,Intersection,30.35619476,Daylight,-97.70755247,One Motor Vehicle - Turning Left,,Attention Diverted From Driving,,Not Applicable,False,NONE,,City Street,"Straight, Level",Main/Proper Lane,On Roadway,,-1,JAMESTOWN DR,8513,Dry,Stop Sign,Clear,Not Worn
15970538,False,False,,Austin Police Department,True,,,172540671,False,No,0,0,0,3,1,Possible Injury,11:41:00,1,0,2017,Monday,Pedalcyclist,,GUADALUPE ST,Intersection,30.26623478,Daylight,-97.74733246,One Motor Vehicle - Turning Right,,Not Applicable,,Not Applicable,False,NONE,,City Street,"Straight, Level",Main/Proper Lane,On Roadway,,30,W 3RD ST,400,Dry,Signal Light,Clear,"Worn, Damaged"
15972374,False,False,34215,Austin Police Department,False,34215,2014,172560817,False,No,0,0,1,1,0,Non-Incapacitating Injury,12:25:00,1,0,2017,Wednesday,Pedalcyclist,State Loop,,Driveway Access,30.24758953,Daylight,-97.77309223,One Motor Vehicle - Turning Right,4,One Vehicle Entering Driveway,0,Entrance To Or Exit From Private Property Or Driveway,False,NONE,80,US & State Highways,"Straight, Level",Main/Proper Lane,Off Roadway,"4 Or More Lanes, Undivided",35,SL0343,2204,Dry,Bike Lane,Clear,Not Worn
15972381,False,False,,Austin Police Department,True,,,172561186,False,No,0,1,0,0,0,Incapacitating Injury,16:46:00,1,0,2017,Wednesday,Pedalcyclist,,W 12TH ST,Intersection Related,30.27538478,Daylight,-97.74627246,One Motor Vehicle - Turning Left,,Not Applicable,,Not Applicable,False,NONE,,City Street,"Straight, Level",Main/Proper Lane,On Roadway,,-1,NUECES ST,1199,Dry,Signal Light,Clear,"Worn, Damaged"
15969588,False,False,,Austin Police Department,False,,,172570067,False,No,0,0,1,2,0,Non-Incapacitating Injury,01:00:00,1,0,2017,Thursday,Pedalcyclist,,,Non Intersection,,"Dark, Lighted",,One Motor Vehicle - Going Straight,,One Vehicle Leaving Driveway,,Private Drive Or Road,False,NONE,,Non Trafficway,"Curve, Grade",Main/Proper Lane,Not Applicable,,35,DUVAL RD,NO DATA,Dry,Marked Lanes,Clear,Not Worn
15969788,False,False,,Austin Police Department,False,,,172590051,False,No,0,0,1,0,0,Non-Incapacitating Injury,00:21:00,1,1,2017,Saturday,Pedalcyclist,,,Non Intersection,30.3119334,"Dark, Not Lighted",-97.70931913,One Motor Vehicle - Going Straight,,Attention Diverted From Driving,,Not Applicable,False,NONE,,City Street,"Straight, Level",Service/Frontage Road,On Roadway,,-1,N I 35,NO DATA,Dry,None,Clear,Not Worn
15978737,True,False,,Austin Police Department,False,,,172600286,False,No,0,2,1,1,0,Incapacitating Injury,02:57:00,3,0,2017,Sunday,Pedalcyclist,,,Non Intersection,30.26385857,"Dark, Lighted",-97.7443447,One Motor Vehicle - Going Straight,,Not Applicable,,Not Applicable,False,NONE,,City Street,"Straight, Level",Main/Proper Lane,On Roadway,,35,CONGRESS AVE,88,Dry,None,Clear,Not Worn
15978737,True,False,,Austin Police Department,False,,,172600286,False,No,0,2,1,1,0,Incapacitating Injury,02:57:00,3,0,2017,Sunday,Pedalcyclist,,,Non Intersection,30.26385857,"Dark, Lighted",-97.7443447,One Motor Vehicle - Going Straight,,Not Applicable,,Not Applicable,False,NONE,,City Street,"Straight, Level",Main/Proper Lane,On Roadway,,35,CONGRESS AVE,88,Dry,None,Clear,Not Worn
15978737,True,False,,Austin Police Department,False,,,172600286,False,No,0,2,1,1,0,Incapacitating Injury,02:57:00,3,0,2017,Sunday,Pedalcyclist,,,Non Intersection,30.26385857,"Dark, Lighted",-97.7443447,One Motor Vehicle - Going Straight,,Not Applicable,,Not Applicable,False,NONE,,City Street,"Straight, Level",Main/Proper Lane,On Roadway,,35,CONGRESS AVE,88,Dry,None,Clear,Not Worn
15978635,False,False,,Austin Police Department,False,,,172641242,False,No,0,0,0,2,1,Possible Injury,17:35:00,1,0,2017,Thursday,Pedalcyclist,,,Driveway Access,,Daylight,,One Motor Vehicle - Turning Right,,One Vehicle Entering Driveway,,Entrance To Or Exit From Private Property Or Driveway,False,NONE,,City Street,"Straight, Level",Main/Proper Lane,On Roadway,,35,N N PLEASANT VALLEY RD,NO DATA,Dry,Marked Lanes,Clear,"Worn, Not Damaged"
15982385,False,False,,Austin Police Department,True,,,172650847,False,No,0,0,0,1,1,Possible Injury,11:42:00,1,0,2017,Friday,Pedalcyclist,,W 17TH ST,Intersection,30.28063478,Daylight,-97.74551246,One Motor Vehicle - Turning Left,,Not Applicable,,Not Applicable,False,NONE,,City Street,"Straight, Level",Main/Proper Lane,On Roadway,,35,RIO GRANDE ST,1699,Dry,None,Clear,"Worn, Unk Damage"
15986973,False,False,,Austin Police Department,False,,,172650203,False,No,1,0,0,1,0,Killed,02:28:00,0,0,2017,Friday,Pedalcyclist,,,Non Intersection,30.26885907,"Dark, Lighted",-97.74922591,One Motor Vehicle - Going Straight,,Not Applicable,,Not Applicable,False,NONE,,City Street,"Straight, Level",Main/Proper Lane,On Roadway,,30,W 5TH ST,644,Dry,None,Clear,Not Worn
15987039,True,False,,Austin Police Department,False,,,172691187,False,No,0,0,1,1,0,Non-Incapacitating Injury,16:45:00,1,0,2017,Tuesday,Pedalcyclist,,,Non Intersection,30.32188004,Daylight,-97.6891187,One Motor Vehicle - Going Straight,,Attention Diverted From Driving,,Not Applicable,False,NONE,,City Street,"Straight, Level",Main/Proper Lane,On Roadway,,30,BERKMAN DR,NO DATA,Wet,Yield Sign,Rain,Not Worn
15996164,False,False,,Austin Police Department,True,,,172691011,False,No,0,0,0,0,1,Possible Injury,14:44:00,1,0,2017,Tuesday,Pedalcyclist,,WHITESTONE DR,Intersection Related,30.21401479,"Dark, Lighted",-97.80016245,One Motor Vehicle - Going Straight,,Not Applicable,,Not Applicable,False,NONE,,City Street,"Straight, Level",Main/Proper Lane,On Roadway,,35,MANCHACA RD,5607,Wet,Other (Explain In Narrative),Rain,Unknown If Worn
16009469,False,False,33647,Austin Police Department,False,33647,2014,172690533,False,No,0,0,0,2,0,Not Injured,09:36:00,0,0,2017,Tuesday,Pedalcyclist,State Loop,,Non Intersection,30.25796584,Daylight,-97.75967589,One Motor Vehicle - Going Straight,4,Not Applicable,0,Not Applicable,False,NONE,80,US & State Highways,"Straight, Level",Main/Proper Lane,On Roadway,"4 Or More Lanes, Undivided",35,SL0343,757,Dry,Marked Lanes,Cloudy,Not Worn
15996210,False,False,,Austin Police Department,True,,,172701447,True,No,0,0,1,5,0,Non-Incapacitating Injury,20:02:00,1,0,2017,Wednesday,Pedalcyclist,,UNKNOWN,Intersection,30.23567478,"Dark, Lighted",-97.74041247,One Motor Vehicle - Going Straight,,Construction - Within Posted Road Construction Zone (Not Related To Crash),,Not Applicable,False,NONE,,Interstate,"Straight, Level",Service/Frontage Road,On Roadway,,-1,S I 35,2200,Wet,Signal Light,Rain,Not Worn