Crash ID,$1000 Damage to Any One Person's Property,Active School Zone Flag,Adjusted Average Daily Traffic Amount,Agency,At Intersection Flag,Average Daily Traffic Amount,Average Daily Traffic Year,Case ID,Construction Zone Flag,Construction Zone Workers Present Flag,Crash Death Count,Crash Incapacitating Injury Count,Crash Non-incapacitating Injury Count,Crash Not Injured Count,Crash Possible Injury Count,Crash Severity,Crash Time,Crash Total Injury Count,Crash Unknown Injury Count,Crash Year,Day of Week,First Harmful Event,Highway System,Intersecting Street Name,Intersection Related,Latitude,Light Condition,Longitude,Manner of Collision,Number of Lanes,Other Factor,Outside Shoulder Width on Divided Highway,Physical Feature 1,Private Drive Flag,Property Damages,Right of Way Usual Width,Road Class,Roadway Alignment,Roadway Part,Roadway Relation,Roadway Type,Speed Limit,Street Name,Street Number,Surface Condition,Traffic Control Type,Weather Condition,Person Helmet
16009470,False,False,64902,Austin Police Department,False,64902,2014,172700958,False,No,0,1,0,1,0,Incapacitating Injury,15:18:00,1,0,2017,Wednesday,Pedalcyclist,State Highway,,Non Intersection,30.22273968,Daylight,-97.68126452,One Motor Vehicle - Going Straight,5,Attention Diverted From Driving,4,Not Applicable,False,NONE,200,US & State Highways,"Straight, Level",Service/Frontage Road,On Roadway,"4 Or More Lanes, Divided",-1,SH0071,NO DATA,Dry,Marked Lanes,Clear,Not Worn
16002840,True,False,141120,Austin Police Department,False,141120,2014,172711056,False,No,0,1,0,4,0,Incapacitating Injury,14:34:00,1,0,2017,Thursday,Pedalcyclist,Interstate,,Driveway Access,30.42163587,Daylight,-97.67205841,One Motor Vehicle - Going Straight,6,Not Applicable,10,Entrance To Or Exit From Private Property Or Driveway,False,NONE,300,Interstate,"Straight, Level",Service/Frontage Road,On Roadway,"4 Or More Lanes, Divided",45,IH0035,NO DATA,Dry,Marked Lanes,Clear,"Worn, Damaged"
16015419,False,False,20895,Austin Police Department,True,20895,2014,172721702,True,No,0,0,1,1,0,Non-Incapacitating Injury,22:29:00,1,0,2017,Friday,Pedalcyclist,State Loop,RED RIVER ST,Intersection,30.2618442,"Dark, Lighted",-97.73886871,One Motor Vehicle - Turning Right,4,Construction - Within Posted Road Construction Zone (Not Related To Crash),10,Not Applicable,False,NONE,80,US & State Highways,"Straight, Grade",Main/Proper Lane,On Roadway,"4 Or More Lanes, Undivided",-1,SL0343,598,Dry,Signal Light,Clear,Not Worn
16011469,False,False,,Austin Police Department,True,,,172740622,False,No,0,0,0,3,0,Not Injured,09:54:00,0,0,2017,Sunday,Pedalcyclist,,UNKNOWN,Intersection Related,30.22196479,Daylight,-97.76455246,One Motor Vehicle - Turning Right,,Attention Diverted From Driving,,Not Applicable,False,NONE,,US & State Highways,"Straight, Level",Main/Proper Lane,On Roadway,,35,S CONGRESS AVE,4100,Dry,Crosswalk,Clear,Not Worn
16000584,False,False,,Austin Police Department,True,,,172751206,False,No,0,0,0,1,1,Possible Injury,17:00:00,1,0,2017,Monday,Pedalcyclist,,RIO GRANDE ST,Intersection,30.28520478,Daylight,-97.74492246,One Motor Vehicle - Backing,,Not Applicable,,Not Applicable,False,NONE,,City Street,"Straight, Level",Main/Proper Lane,On Roadway,,-1,W 22ND ST,700,Dry,Center Stripe/Divider,Clear,Not Worn
16005223,True,False,,Austin Police Department,False,,,172771503,False,No,0,0,1,1,0,Non-Incapacitating Injury,19:55:00,1,0,2017,Wednesday,Pedalcyclist,,,Driveway Access,30.20854407,"Dark, Lighted",-97.8191143,One Motor Vehicle - Turning Right,,One Vehicle Entering Driveway,,Entrance To Or Exit From Private Property Or Driveway,False,NONE,,City Street,"Straight, Hillcrest",Main/Proper Lane,Off Roadway,,45,W WILLIAM CANNON DR,NO DATA,Dry,None,Clear,"Worn, Unk Damage"
16011473,False,False,,Austin Police Department,False,,,172770374,False,No,0,0,0,2,0,Not Injured,07:49:00,0,1,2017,Wednesday,Pedalcyclist,,,Driveway Access,30.21388447,Dawn,-97.80044147,One Motor Vehicle - Turning Right,,One Vehicle Entering Driveway,,Entrance To Or Exit From Private Property Or Driveway,False,NONE,,City Street,"Straight, Level",Main/Proper Lane,Off Roadway,,20,MANCHACA RD,5719,Dry,None,Clear,Not Worn
16015586,False,False,,Austin Police Department,True,,,172771576,False,No,0,0,1,0,0,Non-Incapacitating Injury,20:40:00,1,1,2017,Wednesday,Pedalcyclist,,E RIVERSIDE DR,Intersection Related,30.23230479,"Dark, Lighted",-97.72039247,One Motor Vehicle - Turning Right,,Attention Diverted From Driving,,Not Applicable,False,NONE,,City Street,"Straight, Level",Main/Proper Lane,On Roadway,,35,WICKERSHAM LN,2001,Dry,Signal Light,Clear,"Worn, Not Damaged"
16026953,True,False,,Austin Police Department,False,,,172770473,False,No,0,0,1,1,0,Non-Incapacitating Injury,08:11:00,1,0,2017,Wednesday,Pedalcyclist,,,Driveway Access,30.2396791,Daylight,-97.74755322,One Motor Vehicle - Turning Right,,One Vehicle Entering Driveway,,Entrance To Or Exit From Private Property Or Driveway,False,NONE,,City Street,"Curve, Grade",Main/Proper Lane,Off Roadway,,35,LIVE OAK ST E,720,Dry,Marked Lanes,Clear,"Worn, Not Damaged"
16037013,False,False,,Austin Police Department,True,,,172770367,False,No,0,0,1,2,0,Non-Incapacitating Injury,08:08:00,1,0,2017,Wednesday,Pedalcyclist,,GOODWIN AVE,Intersection,30.26742478,Daylight,-97.69435248,One Motor Vehicle - Turning Right,,Attention Diverted From Driving,,Not Applicable,False,NONE,,City Street,"Straight, Level",Main/Proper Lane,On Roadway,,20,SPRINGDALE RD,1017,Wet,Bike Lane,Cloudy,Not Worn
16009488,True,False,,Austin Police Department,False,,,172791248,False,No,0,1,0,1,0,Incapacitating Injury,16:28:00,1,0,2017,Friday,Pedalcyclist,,,Non Intersection,,Daylight,,One Motor Vehicle - Going Straight,,One Vehicle Leaving Driveway,,Private Drive Or Road,True,NONE,,Non Trafficway,"Straight, Level",Other (Explain In Narrative),Not Applicable,,-1,S S CONGRESS AVE AVE,NO DATA,Dry,None,Clear,Not Worn
16009543,True,False,,Austin Police Department,True,,,172791782,False,No,0,1,0,1,0,Incapacitating Injury,21:27:00,1,0,2017,Friday,Pedalcyclist,,,Non Intersection,30.25436338,"Dark, Lighted",-97.75252266,One Motor Vehicle - Going Straight,,Not Applicable,,Not Applicable,False,NONE,,City Street,"Straight, Grade",Main/Proper Lane,On Roadway,,35,S 1ST ST,917,Dry,Center Stripe/Divider,Clear,Not Worn
16015427,True,False,,Austin Police Department,True,,,172850047,False,No,0,0,1,1,0,Non-Incapacitating Injury,22:00:00,1,0,2017,Saturday,Pedalcyclist,,CROSSING PL,Intersection Related,30.23159479,"Dark, Lighted",-97.71753247,One Motor Vehicle - Going Straight,,Not Applicable,,Not Applicable,False,BICYCLE,,City Street,"Straight, Grade",Main/Proper Lane,On Roadway,,-1,E RIVERSIDE DR,NO DATA,Dry,Crosswalk,Clear,Unknown If Worn
16026958,False,False,,Austin Police Department,False,,,172821270,False,No,0,0,1,1,0,Non-Incapacitating Injury,17:33:00,1,0,2017,Monday,Pedalcyclist,,,Non Intersection,30.30704085,Daylight,-97.69694833,One Motor Vehicle - Going Straight,,Not Applicable,,Not Applicable,False,NONE,,City Street,"Straight, Level",Main/Proper Lane,On Roadway,,30,WESTMOOR DR,1694,Dry,None,Clear,"Worn, Unk Damage"
16015943,False,False,,Austin Police Department,False,,,172841025,False,No,0,0,1,1,0,Non-Incapacitating Injury,15:11:00,1,0,2017,Wednesday,Pedalcyclist,,,Non Intersection,30.20736173,Daylight,-97.83780297,One Motor Vehicle - Going Straight,,Attention Diverted From Driving,,Not Applicable,False,NONE,,City Street,"Straight, Level",Main/Proper Lane,On Roadway,,30,CROFTWOOD DR,7725,Dry,Other (Explain In Narrative),Clear,"Worn, Damaged"
16028889,False,False,30932,Austin Police Department,True,30932,2014,172850436,False,No,0,0,0,2,0,Not Injured,08:13:00,0,0,2017,Thursday,Pedalcyclist,State Loop,FM0734,Intersection,30.35333854,Daylight,-97.70561214,One Motor Vehicle - Turning Left,4,Not Applicable,8,Not Applicable,False,NONE,100,US & State Highways,"Straight, Level",Main/Proper Lane,On Roadway,"4 Or More Lanes, Undivided",40,SL0275,8417,Dry,Crosswalk,Clear,Not Worn
16027051,False,False,,Austin Police Department,False,,,172891250,False,No,0,0,1,1,0,Non-Incapacitating Injury,17:50:00,1,0,2017,Monday,Pedalcyclist,,,Driveway Access,30.29591212,Daylight,-97.74248572,One Motor Vehicle - Turning Right,,One Vehicle Entering Driveway,,Entrance To Or Exit From Private Property Or Driveway,False,NONE,,City Street,"Straight, Level",Main/Proper Lane,Off Roadway,,35,GUADALUPE ST,2915,Dry,Bike Lane,Clear,"Worn, Unk Damage"
16027089,False,False,,Austin Police Department,True,,,172900392,False,No,0,0,1,1,0,Non-Incapacitating Injury,08:11:00,1,0,2017,Tuesday,Pedalcyclist,,WOODLAWN BLVD,Intersection,30.28352478,Daylight,-97.76034246,One Motor Vehicle - Turning Left,,Not Applicable,,Not Applicable,False,NONE,,City Street,"Straight, Level",Main/Proper Lane,On Roadway,,-1,ENFIELD RD,1700,Dry,Marked Lanes,Clear,Unknown If Worn
16028945,True,False,,Austin Police Department,True,,,172901330,False,No,0,0,1,1,0,Non-Incapacitating Injury,18:29:00,1,0,2017,Tuesday,Pedalcyclist,,E MARTIN LUTHER KING JR BLVD,Intersection,30.28043478,Dusk,-97.71727247,One Motor Vehicle - Turning Left,,Not Applicable,,Not Applicable,False,NONE,,City Street,"Straight, Grade",Main/Proper Lane,On Roadway,,-1,CHESTNUT AVE,1901,Dry,Marked Lanes,Clear,"Worn, Not Damaged"
16027144,True,False,,Austin Police Department,False,,,172910407,False,No,0,0,1,1,0,Non-Incapacitating Injury,07:53:00,1,0,2017,Wednesday,Pedalcyclist,,,Driveway Access,30.23561466,Daylight,-97.75626763,One Motor Vehicle - Turning Left,,One Vehicle Entering Driveway,,Entrance To Or Exit From Private Property Or Driveway,False,NONE,,City Street,"Straight, Level",Main/Proper Lane,On Roadway,,-1,CONGRESS AVE S,2687,Dry,Bike Lane,Clear,"Worn, Damaged"
16065877,True,False,,Austin Police Department,False,,,172911303,False,No,0,0,0,2,0,Not Injured,17:15:00,0,0,2017,Wednesday,Pedalcyclist,,,Driveway Access,30.24075473,Daylight,-97.75269247,One Motor Vehicle - Turning Left,,One Vehicle Entering Driveway,,Entrance To Or Exit From Private Property Or Driveway,False,NONE,,City Street,"Straight, Level",Main/Proper Lane,Off Roadway,,35,CONGRESS AVE S,2300,Dry,None,Clear,"Worn, Not Damaged"
16035239,False,False,,Austin Police Department,False,,,172931428,False,No,0,0,1,1,0,Non-Incapacitating Injury,18:04:00,1,0,2017,Friday,Pedalcyclist,,,Non Intersection,,Daylight,,One Motor Vehicle - Going Straight,,One Vehicle Leaving Driveway,,Private Drive Or Road,False,NONE,,Non Trafficway,"Straight, Level",Main/Proper Lane,Not Applicable,,-1,S S CONGRESS AVE AVE,NO DATA,Dry,None,Clear,Not Worn
16042650,False,False,,Austin Police Department,False,,,172971099,False,No,0,0,1,2,0,Non-Incapacitating Injury,15:25:00,1,0,2017,Tuesday,Pedalcyclist,,,Non Intersection,30.28782184,Daylight,-97.74157246,One Motor Vehicle - Going Straight,,Not Applicable,,Not Applicable,False,NONE,,City Street,"Straight, Level",Main/Proper Lane,On Roadway,,30,GUADALUPE ST,2403,Dry,Marked Lanes,Clear,"Worn, Unk Damage"
16047681,False,False,,University Of Texas At Austin Police Department,False,,,17-13308,False,No,0,0,1,1,0,Non-Incapacitating Injury,01:14:00,1,0,2017,Wednesday,Pedalcyclist,,,Non Intersection,30.28357478,"Dark, Lighted",-97.73899246,One Motor Vehicle - Turning Left,,Attention Diverted From Driving,,Not Applicable,False,NONE,,City Street,"Straight, Grade",Main/Proper Lane,On Roadway,,15,W 21ST ST,100,Dry,None,Clear,Not Worn
16044942,False,False,,Austin Police Department,True,,,172991110,False,No,0,0,1,1,0,Non-Incapacitating Injury,16:11:00,1,0,2017,Thursday,Pedalcyclist,,UNKNOWN,Intersection Related,30.28090478,Daylight,-97.74305246,One Motor Vehicle - Going Straight,,Not Applicable,,Not Applicable,False,NONE,,City Street,"Straight, Level",Main/Proper Lane,On Roadway,,-1,SAN ANTONIO ST,1800,Dry,Stop Sign,Clear,Not Worn
16052898,False,False,,Austin Police Department,False,,,172991662,False,No,0,0,0,2,0,Not Injured,21:20:00,0,0,2017,Thursday,Pedalcyclist,,,Non Intersection,30.27306612,"Dark, Not Lighted",-97.74603787,One Motor Vehicle - Turning Left,,Not Applicable,,Parking Area Within Right Of Way,False,NONE,,City Street,"Straight, Hillcrest",Main/Proper Lane,On Roadway,,25,W 10TH ST,507,Dry,None,Clear,"Worn, Not Damaged"
16052916,False,False,,Austin Police Department,True,,,173000654,False,No,0,0,1,1,0,Non-Incapacitating Injury,09:53:00,1,0,2017,Friday,Pedalcyclist,,BOULDIN AVE,Intersection Related,30.25954478,Daylight,-97.75347246,One Motor Vehicle - Turning Right,,Not Applicable,,Not Applicable,False,NONE,,City Street,"Straight, Level",Main/Proper Lane,On Roadway,,35,BARTON SPRINGS RD,NO DATA,Dry,Crosswalk,Clear,Not Worn
16053317,False,False,,Austin Police Department,True,,,173021435,False,No,0,0,1,1,0,Non-Incapacitating Injury,20:10:00,1,0,2017,Sunday,Pedalcyclist,,TAHOE TRL,Intersection Related,30.22466479,"Dark, Not Lighted",-97.80447245,One Motor Vehicle - Turning Right,,Not Applicable,,Not Applicable,False,NONE,,City Street,"Straight, Grade",Main/Proper Lane,On Roadway,,35,WEST GATE BLVD,5205,Dry,None,Clear,Not Worn
16053324,False,False,,Austin Police Department,True,,,173040528,False,No,0,0,1,0,0,Non-Incapacitating Injury,17:12:00,1,1,2017,Sunday,Pedalcyclist,,PECOS ST,Intersection Related,30.31353477,Daylight,-97.76714245,One Motor Vehicle - Turning Left,,Vision Obstructed By Headlight Or Sun Glare,,Not Applicable,False,NONE,,City Street,"Straight, Level",Main/Proper Lane,On Roadway,,-1,W 35TH ST,3100,Dry,Center Stripe/Divider,Clear,"Worn, Unk Damage"
16051566,True,False,,Austin Police Department,True,,,173040400,False,No,0,0,1,1,0,Non-Incapacitating Injury,08:32:00,1,0,2017,Tuesday,Pedalcyclist,,WOOTEN PARK DR,Intersection,30.35247476,Daylight,-97.72321246,One Motor Vehicle - Going Straight,,Not Applicable,,Not Applicable,False,NONE,,City Street,"Straight, Level",Main/Proper Lane,On Roadway,,35,W ANDERSON LN,1700,Dry,Bike Lane,Clear,"Worn, Not Damaged"
16054176,True,False,,Austin Police Department,False,,,173041426,False,No,0,1,0,1,0,Incapacitating Injury,20:36:00,1,0,2017,Tuesday,Pedalcyclist,,,Non Intersection,30.24271508,"Dark, Lighted",-97.71707976,One Motor Vehicle - Going Straight,,Attention Diverted From Driving,,Not Applicable,False,NONE,,City Street,"Straight, Level",Main/Proper Lane,On Roadway,,40,S PLEASANT VALLEY RD,978,Wet,None,Rain,Not Worn
16065339,True,False,34390,Austin Police Department,False,34390,2014,173071170,False,No,0,0,1,0,0,Non-Incapacitating Injury,15:52:00,1,1,2017,Friday,Pedalcyclist,Farm To Market,,Driveway Access,30.39431231,Daylight,-97.72073535,One Motor Vehicle - Turning Right,4,One Vehicle Leaving Driveway,0,Entrance To Or Exit From Private Property Or Driveway,False,NONE,120,Farm To Market,"Straight, Level",Main/Proper Lane,On Roadway,"4 Or More Lanes, Undivided",-1,FM1325,10914,Dry,Marked Lanes,Clear,Not Worn
16068871,True,False,34215,Austin Police Department,True,34215,2014,173071652,False,No,0,0,1,2,0,Non-Incapacitating Injury,20:05:00,1,0,2017,Friday,Pedalcyclist,State Loop,SL0360,Intersection,30.24843037,"Dark, Lighted",-97.76999729,One Motor Vehicle - Turning Left,4,Not Applicable,0,Not Applicable,False,NONE,80,US & State Highways,"Straight, Level",Main/Proper Lane,On Roadway,"4 Or More Lanes, Undivided",40,SL0343,2057,Dry,Signal Light,Clear,Not Worn
16065689,False,False,,Austin Police Department,False,,,173091781,False,No,0,0,1,0,0,Non-Incapacitating Injury,23:25:00,1,1,2017,Sunday,Pedalcyclist,,,Driveway Access,30.22428479,"Dark, Lighted",-97.76311246,One Motor Vehicle - Turning Left,,One Vehicle Leaving Driveway,,Entrance To Or Exit From Private Property Or Driveway,False,NONE,,City Street,"Straight, Level",Main/Proper Lane,On Roadway,,35,S CONGRESS AVE,3900,Dry,Marked Lanes,Clear,Not Worn
16065704,False,False,33647,Austin Police Department,False,33647,2014,173100717,False,No,0,0,1,1,0,Non-Incapacitating Injury,11:36:00,1,0,2017,Monday,Pedalcyclist,State Loop,,Non Intersection,30.25377808,Daylight,-97.76289914,One Motor Vehicle - Going Straight,4,Not Applicable,0,Not Applicable,False,NONE,80,US & State Highways,"Straight, Grade",Main/Proper Lane,On Roadway,"4 Or More Lanes, Undivided",35,SL0343,1284,Dry,Marked Lanes,Clear,Not Worn
16065751,True,False,,Austin Police Department,False,,,173101758,False,No,0,0,0,1,1,Possible Injury,22:13:00,1,0,2017,Monday,Pedalcyclist,,,Driveway Access,30.25584824,"Dark, Lighted",-97.74736199,One Motor Vehicle - Turning Left,,One Vehicle Entering Driveway,,Entrance To Or Exit From Private Property Or Driveway,False,NONE,,City Street,"Straight, Grade",Main/Proper Lane,On Roadway,,30,CONGRESS AVE S,599,Dry,None,Clear,Not Worn
16068932,False,False,,Austin Police Department,True,,,173110951,False,No,0,0,0,2,0,Not Injured,14:43:00,0,0,2017,Tuesday,Pedalcyclist,,BRIARCLIFF BLVD,Intersection Related,30.31726477,Daylight,-97.69963247,One Motor Vehicle - Going Straight,,Not Applicable,,Not Applicable,False,NONE,,City Street,"Straight, Level",Main/Proper Lane,On Roadway,,35,CAMERON RD,5999,Dry,Signal Light,Clear,Not Worn
16078066,False,False,,Austin Police Department,True,,,173141397,False,No,0,0,1,1,0,Non-Incapacitating Injury,18:27:00,1,0,2017,Friday,Pedalcyclist,,E RIVERSIDE DR,Intersection Related,30.22944479,"Dark, Lighted",-97.71265247,One Motor Vehicle - Turning Right,,Not Applicable,,Not Applicable,False,NONE,,City Street,"Straight, Level",Main/Proper Lane,On Roadway,,30,FARO DR,2001,Dry,Signal Light,Clear,Not Worn
16083484,False,False,,Austin Police Department,False,,,173171314,False,No,0,0,1,1,0,Non-Incapacitating Injury,18:01:00,1,0,2017,Monday,Pedalcyclist,,,Driveway Access,30.26436445,"Dark, Lighted",-97.69633174,One Motor Vehicle - Turning Left,,One Vehicle Entering Driveway,,Entrance To Or Exit From Private Property Or Driveway,False,NONE,,City Street,"Straight, Level",Main/Proper Lane,On Roadway,,45,SPRINGDALE RD,961,Dry,None,Clear,Not Worn
16086848,True,False,,Austin Police Department,False,,,173181514,False,No,0,0,0,1,1,Possible Injury,21:06:00,1,0,2017,Tuesday,Pedalcyclist,,,Non Intersection,30.26301215,"Dark, Lighted",-97.72645465,One Motor Vehicle - Going Straight,,Attention Diverted From Driving,,Not Applicable,False,NONE,,City Street,"Straight, Level",Main/Proper Lane,On Roadway,,-1,E 6TH ST,1603,Dry,Marked Lanes,Clear,Not Worn
16094350,False,False,,Austin Police Department,True,,,173181168,False,No,0,0,1,2,0,Non-Incapacitating Injury,17:06:00,1,0,2017,Tuesday,Pedalcyclist,,JACARANDA DR,Intersection Related,30.19517479,Daylight,-97.75550246,One Motor Vehicle - Going Straight,,Attention Diverted From Driving,,Not Applicable,False,NONE,,City Street,"Straight, Level",Main/Proper Lane,On Roadway,,30,LEMON DR,2198,Dry,Crosswalk,Clear,Not Worn
16084481,True,False,,Austin Police Department,False,,,173190358,False,No,0,0,1,1,0,Non-Incapacitating Injury,07:55:00,1,0,2017,Wednesday,Pedalcyclist,,,Driveway Access,30.25650204,Daylight,-97.74712414,One Motor Vehicle - Turning Right,,One Vehicle Entering Driveway,,Entrance To Or Exit From Private Property Or Driveway,False,NONE,,City Street,"Straight, Grade",Main/Proper Lane,On Roadway,,-1,CONGRESS AVE S,510,Dry,Marked Lanes,Cloudy,"Worn, Unk Damage"
16094027,False,False,,Austin Police Department,True,,,173211420,False,No,0,0,0,0,1,Possible Injury,17:56:00,1,1,2017,Friday,Pedalcyclist,,SPENCER LN,Intersection,30.25271478,Dusk,-97.69987247,One Motor Vehicle - Turning Right,,Not Applicable,,Not Applicable,False,BICYCLE,,City Street,"Straight, Level",Main/Proper Lane,On Roadway,,35,E 5TH ST,4998,Dry,None,Clear,Not Worn
16094097,False,False,,Austin Police Department,True,,,173231233,False,No,0,0,1,0,0,Non-Incapacitating Injury,18:10:00,1,1,2017,Sunday,Pedalcyclist,,BARTON SPRINGS RD,Intersection,30.26032478,"Dark, Lighted",-97.75569246,One Motor Vehicle - Turning Left,,Not Applicable,,Not Applicable,False,NONE,,City Street,"Straight, Level",Main/Proper Lane,On Roadway,,30,DAWSON RD,499,Dry,Signal Light,Clear,Not Worn
16106216,False,False,29839,Austin Police Department,True,29839,2014,173251460,False,No,0,0,1,0,0,Non-Incapacitating Injury,20:38:00,1,1,2017,Tuesday,Pedalcyclist,State Loop,FM0734,Intersection Related,30.36109981,"Dark, Lighted",-97.69810232,One Motor Vehicle - Going Straight,4,Attention Diverted From Driving,0,Not Applicable,False,NONE,125,US & State Highways,"Straight, Level",Main/Proper Lane,On Roadway,"4 Or More Lanes, Undivided",-1,SL0275,794,Dry,Stop Sign,Clear,Not Worn
16106402,False,False,,Austin Police Department,True,,,173281163,False,No,0,0,0,0,1,Possible Injury,19:35:00,1,1,2017,Friday,Pedalcyclist,,UNKNOWN,Intersection,30.23125479,"Dark, Not Lighted",-97.72531247,One Motor Vehicle - Turning Right,,Not Applicable,,Not Applicable,False,BLUE BICYCLE,,City Street,"Straight, Level",Main/Proper Lane,On Roadway,,-1,S PLEASANT VALLEY RD,2211,Dry,None,Clear,Not Worn
16111494,True,False,,Austin Police Department,True,,,173280443,False,No,0,0,1,1,0,Non-Incapacitating Injury,10:39:00,1,0,2017,Friday,Pedalcyclist,,MONROE ST W,Intersection Related,30.24796478,Daylight,-97.75027246,One Motor Vehicle - Turning Left,,Not Applicable,,Not Applicable,False,NONE,,City Street,"Straight, Level",Main/Proper Lane,On Roadway,,35,CONGRESS AVE S,1599,Dry,Signal Light,Clear,"Worn, Not Damaged"
16111500,False,False,,Austin Police Department,True,,,173291348,False,No,0,0,1,0,0,Non-Incapacitating Injury,20:28:00,1,1,2017,Saturday,Pedalcyclist,,UNKNOWN,Intersection,30.27309624,"Dark, Lighted",-97.72380647,One Motor Vehicle - Going Straight,,Not Applicable,,Not Applicable,False,NONE,,City Street,"Straight, Level",Main/Proper Lane,On Roadway,,35,COMAL ST,1199,Dry,Crosswalk,Clear,Not Worn
16111839,True,False,,Austin Police Department,True,,,173320307,False,No,0,0,1,1,0,Non-Incapacitating Injury,06:53:00,1,0,2017,Tuesday,Pedalcyclist,,DUVAL RD,Intersection,30.41724475,"Dark, Lighted",-97.75004245,One Motor Vehicle - Turning Left,,Attention Diverted From Driving,,Not Applicable,False,NONE,,City Street,"Straight, Level",Main/Proper Lane,On Roadway,,40,JOLLYVILLE RD,11615,Dry,Signal Light,Clear,"Worn, Damaged"
16115971,True,False,,Austin Police Department,True,,,173340332,False,No,0,1,0,1,0,Incapacitating Injury,07:48:00,1,0,2017,Thursday,Pedalcyclist,,S LAKESHORE BLVD,Intersection Related,30.24247478,Daylight,-97.71723247,One Motor Vehicle - Going Straight,,Not Applicable,,Not Applicable,False,NONE,,City Street,"Straight, Level",Main/Proper Lane,On Roadway,,35,S PLEASANT VALLEY RD,1009,Dry,Signal Light,Clear,Not Worn
16142780,True,False,,Austin Police Department,True,,,173341240,False,No,0,0,0,1,1,Possible Injury,17:32:00,1,0,2017,Thursday,Pedalcyclist,,CAMACHO ST,Intersection Related,30.29563477,Dusk,-97.70025247,One Motor Vehicle - Turning Left,,Not Applicable,,Not Applicable,False,NONE,,City Street,"Straight, Level",Main/Proper Lane,On Roadway,,-1,BERKMAN DR,4301,Dry,None,Clear,"Worn, Not Damaged"
16119769,False,False,29304,Austin Police Department,True,29304,2014,173351366,False,No,0,0,0,2,1,Possible Injury,19:04:00,1,0,2017,Friday,Pedalcyclist,State Loop,SAN ANTONIO ST,Intersection Related,30.26468702,"Dark, Not Lighted",-97.74910901,One Motor Vehicle - Turning Left,4,Not Applicable,7,Not Applicable,False,NONE,74,US & State Highways,"Straight, Level",Main/Proper Lane,On Roadway,"4 Or More Lanes, Undivided",35,SL0343,500,Dry,None,Clear,Not Worn
16119848,False,False,,Austin Police Department,True,,,173361317,False,No,0,1,0,2,0,Incapacitating Injury,19:30:00,1,0,2017,Saturday,Pedalcyclist,,W WILLIAM CANNON DR,Intersection Related,30.21373479,"Dark, Lighted",-97.83046244,One Motor Vehicle - Going Straight,,Not Applicable,,Not Applicable,False,NONE,,City Street,"Straight, Level",Main/Proper Lane,On Roadway,,45,BRODIE LN,NO DATA,Dry,Signal Light,Clear,Not Worn
16129829,False,False,,University Of Texas At Austin Police Department,False,,,1715264,False,No,0,0,1,1,0,Non-Incapacitating Injury,15:30:00,1,0,2017,Monday,Pedalcyclist,,,Non Intersection,30.28449878,Daylight,-97.73385173,One Motor Vehicle - Turning Right,,Not Applicable,,Parking Area Within Right Of Way,False,NONE,,City Street,"Straight, Level",Main/Proper Lane,On Roadway,,15,SAN JACINTO BLVD,2200,Dry,Marked Lanes,Clear,Not Worn
16127795,False,False,,Austin Police Department,True,,,173390874,False,No,0,0,1,1,0,Non-Incapacitating Injury,12:54:00,1,0,2017,Tuesday,Pedalcyclist,,W NORTH LOOP BLVD,Intersection Related,30.32582477,Daylight,-97.73962246,One Motor Vehicle - Going Straight,,Attention Diverted From Driving,,Not Applicable,False,NONE,,City Street,"Straight, Level",Main/Proper Lane,On Roadway,,40,BURNET RD,5299,Dry,Signal Light,Cloudy,Not Worn
16127806,False,False,,Austin Police Department,True,,,173391603,False,No,0,0,1,1,0,Non-Incapacitating Injury,20:48:00,1,0,2017,Tuesday,Pedalcyclist,,,Non Intersection,30.25468478,"Dark, Lighted",-97.71770247,One Motor Vehicle - Going Straight,,Not Applicable,,Not Applicable,False,NONE,,City Street,"Straight, Level",Main/Proper Lane,On Roadway,,-1,CESAR CHAVEZ ST E,2400,Dry,Center Stripe/Divider,Clear,Not Worn
16128020,False,False,,Austin Police Department,True,,,173410323,False,No,0,0,0,2,0,Not Injured,07:37:00,0,0,2017,Thursday,Pedalcyclist,,S 1ST ST,Intersection Related,30.20053479,Daylight,-97.78564246,One Motor Vehicle - Going Straight,,Not Applicable,,Not Applicable,False,NONE,,City Street,"Straight, Grade",Main/Proper Lane,On Roadway,,30,EBERHART LN,698,Wet,Signal Light,Rain,Not Worn
16133720,True,False,,Austin Police Department,True,,,173420819,False,No,0,0,1,1,0,Non-Incapacitating Injury,09:30:00,1,0,2017,Friday,Pedalcyclist,,BECKWOOD DR,Intersection,30.44069475,Daylight,-97.82554243,One Motor Vehicle - Going Straight,,Attention Diverted From Driving,,Not Applicable,False,NONE,,City Street,"Straight, Grade",Main/Proper Lane,On Roadway,,-1,BOULDER LN,11400,Dry,Stop Sign,Clear,"Worn, Unk Damage"
16133755,True,False,,Austin Police Department,True,,,173421282,False,No,0,0,0,3,0,Not Injured,18:02:00,0,0,2017,Friday,Motor Vehicle In Transport,,UNKNOWN,Intersection,30.41159081,"Dark, Lighted",-97.72204571,Opposite Direction - One Straight-One Left Turn,,One Vehicle Entering Driveway,,Entrance To Or Exit From Private Property Or Driveway,False,NONE,,City Street,"Straight, Level",Main/Proper Lane,On Roadway,,35,DUVAL RD,NO DATA,Dry,Marked Lanes,Clear,Not Worn